"Date","test_year","model","y_true","prob","y_pred"
2013-01-03,2013,"Logistic",1,0.36343724206794,0
2013-01-04,2013,"Logistic",1,0.386719275718974,0
2013-01-07,2013,"Logistic",1,0.367307823508782,0
2013-01-08,2013,"Logistic",0,0.38318988188616,0
2013-01-09,2013,"Logistic",1,0.337451494564305,0
2013-01-10,2013,"Logistic",0,0.37936006627873,0
2013-01-11,2013,"Logistic",0,0.367484628686909,0
2013-01-14,2013,"Logistic",0,0.422406545508078,0
2013-01-15,2013,"Logistic",0,0.391824417074958,0
2013-01-16,2013,"Logistic",0,0.417938957928777,0
2013-01-17,2013,"Logistic",0,0.390109401851334,0
2013-01-18,2013,"Logistic",0,0.355342297465682,0
2013-01-21,2013,"Logistic",0,0.337407643532133,0
2013-01-22,2013,"Logistic",0,0.410191585080545,0
2013-01-23,2013,"Logistic",0,0.420492524663256,0
2013-01-24,2013,"Logistic",0,0.315334430284139,0
2013-01-25,2013,"Logistic",0,0.298708195049831,0
2013-01-28,2013,"Logistic",0,0.330188176924442,0
2013-01-29,2013,"Logistic",0,0.323717296410146,0
2013-01-30,2013,"Logistic",0,0.317912921583683,0
2013-01-31,2013,"Logistic",0,0.413351524732677,0
2013-02-01,2013,"Logistic",0,0.398026780713822,0
2013-02-04,2013,"Logistic",0,0.292994033068841,0
2013-02-05,2013,"Logistic",0,0.285214493385767,0
2013-02-06,2013,"Logistic",0,0.305455607718519,0
2013-02-07,2013,"Logistic",0,0.326974556093974,0
2013-02-08,2013,"Logistic",1,0.353553121866495,0
2013-02-11,2013,"Logistic",1,0.362309209031395,0
2013-02-12,2013,"Logistic",1,0.358064846410955,0
2013-02-13,2013,"Logistic",1,0.355489929757776,0
2013-02-14,2013,"Logistic",1,0.382934358780956,0
2013-02-15,2013,"Logistic",1,0.387295200982053,0
2013-02-18,2013,"Logistic",1,0.416550519990893,0
2013-02-19,2013,"Logistic",1,0.387502014566197,0
2013-02-20,2013,"Logistic",1,0.402934692785454,0
2013-02-21,2013,"Logistic",1,0.516920523984365,1
2013-02-22,2013,"Logistic",1,0.35520268121546,0
2013-02-25,2013,"Logistic",1,0.388245068013708,0
2013-02-26,2013,"Logistic",1,0.58196349260758,1
2013-02-27,2013,"Logistic",1,0.471808184785402,0
2013-02-28,2013,"Logistic",1,0.411442358202387,0
2013-03-01,2013,"Logistic",1,0.453973217795885,0
2013-03-04,2013,"Logistic",1,0.421230309371832,0
2013-03-05,2013,"Logistic",1,0.317864421210293,0
2013-03-06,2013,"Logistic",1,0.309847013899327,0
2013-03-07,2013,"Logistic",1,0.291960260277311,0
2013-03-08,2013,"Logistic",1,0.329851174966671,0
2013-03-11,2013,"Logistic",1,0.31170620073942,0
2013-03-12,2013,"Logistic",1,0.333272227799097,0
2013-03-13,2013,"Logistic",1,0.314250058579048,0
2013-03-14,2013,"Logistic",1,0.261625111283112,0
2013-03-15,2013,"Logistic",1,0.246882216892408,0
2013-03-18,2013,"Logistic",1,0.249509485226705,0
2013-03-19,2013,"Logistic",1,0.307543149602575,0
2013-03-20,2013,"Logistic",1,0.265182550960581,0
2013-03-21,2013,"Logistic",0,0.275697977577434,0
2013-03-22,2013,"Logistic",1,0.381835271252328,0
2013-03-25,2013,"Logistic",1,0.524461031719347,1
2013-03-26,2013,"Logistic",1,0.501371134270861,1
2013-03-27,2013,"Logistic",1,0.461836529380169,0
2013-03-28,2013,"Logistic",1,0.465664099371502,0
2013-04-02,2013,"Logistic",0,0.430349660039641,0
2013-04-03,2013,"Logistic",1,0.512369889986572,1
2013-04-04,2013,"Logistic",1,0.615959575549997,1
2013-04-05,2013,"Logistic",1,0.624405465369084,1
2013-04-08,2013,"Logistic",0,0.616911747805043,1
2013-04-09,2013,"Logistic",0,0.608137005232372,1
2013-04-10,2013,"Logistic",0,0.556952308476128,1
2013-04-11,2013,"Logistic",0,0.525769158650596,1
2013-04-12,2013,"Logistic",0,0.588678192719771,1
2013-04-15,2013,"Logistic",0,0.617529912642418,1
2013-04-16,2013,"Logistic",0,0.530379325083349,1
2013-04-17,2013,"Logistic",1,0.596035789711494,1
2013-04-18,2013,"Logistic",1,0.564897933316892,1
2013-04-19,2013,"Logistic",0,0.574178946424632,1
2013-04-22,2013,"Logistic",1,0.541867453240261,1
2013-04-23,2013,"Logistic",0,0.416454782678659,0
2013-04-24,2013,"Logistic",0,0.377267166817408,0
2013-04-25,2013,"Logistic",0,0.338525427116104,0
2013-04-26,2013,"Logistic",0,0.345454068000262,0
2013-04-29,2013,"Logistic",0,0.323068875598263,0
2013-04-30,2013,"Logistic",0,0.369061734362616,0
2013-05-02,2013,"Logistic",0,0.392302507676937,0
2013-05-03,2013,"Logistic",0,0.383813749052871,0
2013-05-06,2013,"Logistic",0,0.360284062329015,0
2013-05-07,2013,"Logistic",0,0.366663906474837,0
2013-05-08,2013,"Logistic",0,0.331086708419871,0
2013-05-10,2013,"Logistic",0,0.400878242863397,0
2013-05-13,2013,"Logistic",0,0.350291349368009,0
2013-05-14,2013,"Logistic",0,0.33014040534298,0
2013-05-15,2013,"Logistic",0,0.299313838696706,0
2013-05-16,2013,"Logistic",0,0.305324155093182,0
2013-05-17,2013,"Logistic",0,0.321834889502641,0
2013-05-21,2013,"Logistic",0,0.307948880857755,0
2013-05-22,2013,"Logistic",0,0.35925397713665,0
2013-05-23,2013,"Logistic",1,0.321220823979577,0
2013-05-24,2013,"Logistic",1,0.420750883708158,0
2013-05-27,2013,"Logistic",0,0.466753799113144,0
2013-05-28,2013,"Logistic",0,0.39140242089817,0
2013-05-29,2013,"Logistic",1,0.499538703071529,0
2013-05-30,2013,"Logistic",1,0.48469095952053,0
2013-05-31,2013,"Logistic",1,0.569980791363442,1
2013-06-03,2013,"Logistic",1,0.543394557881319,1
2013-06-04,2013,"Logistic",1,0.548678561632174,1
2013-06-05,2013,"Logistic",1,0.567071034361182,1
2013-06-06,2013,"Logistic",1,0.550734857293237,1
2013-06-07,2013,"Logistic",1,0.543779947009037,1
2013-06-10,2013,"Logistic",1,0.542123055089099,1
2013-06-11,2013,"Logistic",1,0.56230298087593,1
2013-06-12,2013,"Logistic",1,0.585705929358099,1
2013-06-13,2013,"Logistic",1,0.510916051347195,1
2013-06-14,2013,"Logistic",1,0.493038653179067,0
2013-06-17,2013,"Logistic",1,0.486414260444579,0
2013-06-18,2013,"Logistic",1,0.458624142758784,0
2013-06-19,2013,"Logistic",1,0.454715467621044,0
2013-06-20,2013,"Logistic",1,0.541602437889287,1
2013-06-21,2013,"Logistic",1,0.52527402612498,1
2013-06-24,2013,"Logistic",1,0.484951870223514,0
2013-06-25,2013,"Logistic",1,0.530280047746952,1
2013-06-26,2013,"Logistic",1,0.524076122844929,1
2013-06-27,2013,"Logistic",1,0.515880653222384,1
2013-06-28,2013,"Logistic",1,0.503168060289248,1
2013-07-01,2013,"Logistic",1,0.448262636268705,0
2013-07-02,2013,"Logistic",1,0.446140037240249,0
2013-07-03,2013,"Logistic",1,0.456726884169903,0
2013-07-04,2013,"Logistic",1,0.451753862895572,0
2013-07-05,2013,"Logistic",1,0.531789808162523,1
2013-07-08,2013,"Logistic",1,0.493870756810176,0
2013-07-09,2013,"Logistic",1,0.376173985859704,0
2013-07-10,2013,"Logistic",1,0.334496558958164,0
2013-07-11,2013,"Logistic",1,0.318460976417637,0
2013-07-12,2013,"Logistic",1,0.331886151035783,0
2013-07-15,2013,"Logistic",1,0.307310183385496,0
2013-07-16,2013,"Logistic",1,0.299866853064592,0
2013-07-17,2013,"Logistic",1,0.273909119706169,0
2013-07-18,2013,"Logistic",1,0.247335605409674,0
2013-07-19,2013,"Logistic",1,0.242191280306986,0
2013-07-22,2013,"Logistic",1,0.252575122469693,0
2013-07-23,2013,"Logistic",1,0.28611141624243,0
2013-07-24,2013,"Logistic",1,0.318910449110445,0
2013-07-25,2013,"Logistic",1,0.309295783102682,0
2013-07-26,2013,"Logistic",1,0.327267350567015,0
2013-07-29,2013,"Logistic",1,0.336520847508727,0
2013-07-30,2013,"Logistic",1,0.308398109754709,0
2013-07-31,2013,"Logistic",1,0.307419682297812,0
2013-08-02,2013,"Logistic",1,0.435038081252068,0
2013-08-05,2013,"Logistic",1,0.432250174112834,0
2013-08-06,2013,"Logistic",1,0.440305716063663,0
2013-08-07,2013,"Logistic",1,0.446318994336342,0
2013-08-08,2013,"Logistic",1,0.393072401193793,0
2013-08-09,2013,"Logistic",1,0.444767836811763,0
2013-08-12,2013,"Logistic",1,0.4463517128933,0
2013-08-13,2013,"Logistic",1,0.469450404354802,0
2013-08-14,2013,"Logistic",1,0.482531924458448,0
2013-08-15,2013,"Logistic",1,0.452059369544075,0
2013-08-16,2013,"Logistic",1,0.42388001480619,0
2013-08-19,2013,"Logistic",1,0.386039204451762,0
2013-08-20,2013,"Logistic",1,0.436167491245785,0
2013-08-21,2013,"Logistic",1,0.565015535683808,1
2013-08-22,2013,"Logistic",1,0.462429177588606,0
2013-08-23,2013,"Logistic",1,0.41239377678604,0
2013-08-26,2013,"Logistic",1,0.421794116921509,0
2013-08-27,2013,"Logistic",1,0.534113351914528,1
2013-08-28,2013,"Logistic",1,0.444550479560501,0
2013-08-29,2013,"Logistic",1,0.441786106704611,0
2013-08-30,2013,"Logistic",1,0.48419140999092,0
2013-09-03,2013,"Logistic",1,0.474023733322088,0
2013-09-04,2013,"Logistic",1,0.480604106901318,0
2013-09-05,2013,"Logistic",1,0.467198077129527,0
2013-09-06,2013,"Logistic",1,0.415953343202065,0
2013-09-09,2013,"Logistic",1,0.339532776243136,0
2013-09-10,2013,"Logistic",1,0.301838195853002,0
2013-09-11,2013,"Logistic",1,0.327103724844713,0
2013-09-12,2013,"Logistic",1,0.337882281764552,0
2013-09-13,2013,"Logistic",1,0.306796456726524,0
2013-09-16,2013,"Logistic",1,0.358852484102219,0
2013-09-17,2013,"Logistic",1,0.297388772731094,0
2013-09-18,2013,"Logistic",1,0.276803853754751,0
2013-09-19,2013,"Logistic",1,0.360143287594247,0
2013-09-20,2013,"Logistic",1,0.344320009968568,0
2013-09-23,2013,"Logistic",1,0.29022071782071,0
2013-09-24,2013,"Logistic",1,0.276641463481511,0
2013-09-25,2013,"Logistic",1,0.267579618814684,0
2013-09-26,2013,"Logistic",1,0.263061487712468,0
2013-09-27,2013,"Logistic",1,0.292947815847495,0
2013-09-30,2013,"Logistic",1,0.302231851717648,0
2013-10-01,2013,"Logistic",1,0.271127624809867,0
2013-10-02,2013,"Logistic",1,0.284252355910802,0
2013-10-03,2013,"Logistic",1,0.397788617425993,0
2013-10-04,2013,"Logistic",0,0.318440637216768,0
2013-10-07,2013,"Logistic",1,0.348606315556593,0
2013-10-08,2013,"Logistic",1,0.431624112640158,0
2013-10-09,2013,"Logistic",1,0.398245867786876,0
2013-10-10,2013,"Logistic",1,0.293228594240579,0
2013-10-11,2013,"Logistic",1,0.299865640133815,0
2013-10-14,2013,"Logistic",1,0.30595045667738,0
2013-10-15,2013,"Logistic",1,0.365474659969459,0
2013-10-16,2013,"Logistic",1,0.392129096255513,0
2013-10-17,2013,"Logistic",1,0.391580822468926,0
2013-10-18,2013,"Logistic",1,0.385179127419027,0
2013-10-21,2013,"Logistic",1,0.360911866628898,0
2013-10-22,2013,"Logistic",1,0.426961597995951,0
2013-10-23,2013,"Logistic",1,0.358385962202538,0
2013-10-24,2013,"Logistic",1,0.325063481328461,0
2013-10-25,2013,"Logistic",1,0.308501625274486,0
2013-10-28,2013,"Logistic",1,0.283305695208181,0
2013-10-29,2013,"Logistic",1,0.280253006065717,0
2013-10-30,2013,"Logistic",1,0.32723618724077,0
2013-10-31,2013,"Logistic",1,0.278961571980961,0
2013-11-01,2013,"Logistic",1,0.304212150223782,0
2013-11-04,2013,"Logistic",1,0.280714913909236,0
2013-11-05,2013,"Logistic",1,0.304338694687024,0
2013-11-06,2013,"Logistic",1,0.267128240227389,0
2013-11-07,2013,"Logistic",0,0.458539853376101,0
2013-11-08,2013,"Logistic",0,0.448757844300473,0
2013-11-11,2013,"Logistic",0,0.415226228943587,0
2013-11-12,2013,"Logistic",0,0.428328801739531,0
2013-11-13,2013,"Logistic",1,0.451529577887241,0
2013-11-14,2013,"Logistic",0,0.401310450586205,0
2013-11-15,2013,"Logistic",0,0.40528188337846,0
2013-11-18,2013,"Logistic",0,0.350553654750674,0
2013-11-19,2013,"Logistic",0,0.359709788882034,0
2013-11-20,2013,"Logistic",0,0.351187424312304,0
2013-11-21,2013,"Logistic",0,0.366957243495534,0
2013-11-22,2013,"Logistic",0,0.359842768400464,0
2013-11-25,2013,"Logistic",1,0.317851603615812,0
2013-11-26,2013,"Logistic",1,0.330833922328626,0
2013-11-27,2013,"Logistic",1,0.23379663611281,0
2013-11-28,2013,"Logistic",1,0.242280894341117,0
2013-11-29,2013,"Logistic",1,0.227948239371832,0
2013-12-02,2013,"Logistic",1,0.21673101158425,0
2013-12-03,2013,"Logistic",1,0.346807592666227,0
2013-12-04,2013,"Logistic",1,0.237244950129249,0
2013-12-05,2013,"Logistic",1,0.248045938780936,0
2013-12-06,2013,"Logistic",1,0.238371687694101,0
2013-12-09,2013,"Logistic",1,0.242250511161917,0
2013-12-10,2013,"Logistic",1,0.263589051226991,0
2013-12-11,2013,"Logistic",1,0.272946192757559,0
2013-12-12,2013,"Logistic",1,0.255075312744592,0
2013-12-13,2013,"Logistic",1,0.244829435987193,0
2013-12-16,2013,"Logistic",1,0.329858623377257,0
2013-12-17,2013,"Logistic",1,0.356334201721058,0
2013-12-18,2013,"Logistic",1,0.376215881157562,0
2013-12-19,2013,"Logistic",1,0.365362037331606,0
2013-12-20,2013,"Logistic",1,0.29560712693656,0
2013-12-23,2013,"Logistic",0,0.235247788707449,0
2013-12-27,2013,"Logistic",0,0.276823868352105,0
2013-12-30,2013,"Logistic",0,0.276050839715978,0
2013-01-03,2013,"DecisionTree",1,0.6,1
2013-01-04,2013,"DecisionTree",1,0.6,1
2013-01-07,2013,"DecisionTree",1,0.0153846153846154,0
2013-01-08,2013,"DecisionTree",0,0.0153846153846154,0
2013-01-09,2013,"DecisionTree",1,0.6,1
2013-01-10,2013,"DecisionTree",0,0.6,1
2013-01-11,2013,"DecisionTree",0,0.6,1
2013-01-14,2013,"DecisionTree",0,0.6,1
2013-01-15,2013,"DecisionTree",0,0.0153846153846154,0
2013-01-16,2013,"DecisionTree",0,0.0153846153846154,0
2013-01-17,2013,"DecisionTree",0,0.0153846153846154,0
2013-01-18,2013,"DecisionTree",0,0.0153846153846154,0
2013-01-21,2013,"DecisionTree",0,0.0153846153846154,0
2013-01-22,2013,"DecisionTree",0,0.0153846153846154,0
2013-01-23,2013,"DecisionTree",0,0.171428571428571,0
2013-01-24,2013,"DecisionTree",0,0.0153846153846154,0
2013-01-25,2013,"DecisionTree",0,0.6,1
2013-01-28,2013,"DecisionTree",0,0.6,1
2013-01-29,2013,"DecisionTree",0,0.6,1
2013-01-30,2013,"DecisionTree",0,0.846153846153846,1
2013-01-31,2013,"DecisionTree",0,0.171428571428571,0
2013-02-01,2013,"DecisionTree",0,0.171428571428571,0
2013-02-04,2013,"DecisionTree",0,0.727272727272727,1
2013-02-05,2013,"DecisionTree",0,0.727272727272727,1
2013-02-06,2013,"DecisionTree",0,0.727272727272727,1
2013-02-07,2013,"DecisionTree",0,0.727272727272727,1
2013-02-08,2013,"DecisionTree",1,0.171428571428571,0
2013-02-11,2013,"DecisionTree",1,0.171428571428571,0
2013-02-12,2013,"DecisionTree",1,0.171428571428571,0
2013-02-13,2013,"DecisionTree",1,0.171428571428571,0
2013-02-14,2013,"DecisionTree",1,0.171428571428571,0
2013-02-15,2013,"DecisionTree",1,0.171428571428571,0
2013-02-18,2013,"DecisionTree",1,0.171428571428571,0
2013-02-19,2013,"DecisionTree",1,0.171428571428571,0
2013-02-20,2013,"DecisionTree",1,0.171428571428571,0
2013-02-21,2013,"DecisionTree",1,0.171428571428571,0
2013-02-22,2013,"DecisionTree",1,0.171428571428571,0
2013-02-25,2013,"DecisionTree",1,0.171428571428571,0
2013-02-26,2013,"DecisionTree",1,0.727272727272727,1
2013-02-27,2013,"DecisionTree",1,0.171428571428571,0
2013-02-28,2013,"DecisionTree",1,0.171428571428571,0
2013-03-01,2013,"DecisionTree",1,0.171428571428571,0
2013-03-04,2013,"DecisionTree",1,0.171428571428571,0
2013-03-05,2013,"DecisionTree",1,0.80952380952381,1
2013-03-06,2013,"DecisionTree",1,0.80952380952381,1
2013-03-07,2013,"DecisionTree",1,0.307692307692308,0
2013-03-08,2013,"DecisionTree",1,0.307692307692308,0
2013-03-11,2013,"DecisionTree",1,0.307692307692308,0
2013-03-12,2013,"DecisionTree",1,0.80952380952381,1
2013-03-13,2013,"DecisionTree",1,0.80952380952381,1
2013-03-14,2013,"DecisionTree",1,0.363636363636364,0
2013-03-15,2013,"DecisionTree",1,0.363636363636364,0
2013-03-18,2013,"DecisionTree",1,0.363636363636364,0
2013-03-19,2013,"DecisionTree",1,0.171428571428571,0
2013-03-20,2013,"DecisionTree",1,0.80952380952381,1
2013-03-21,2013,"DecisionTree",0,0.307692307692308,0
2013-03-22,2013,"DecisionTree",1,0.80952380952381,1
2013-03-25,2013,"DecisionTree",1,0.80952380952381,1
2013-03-26,2013,"DecisionTree",1,0.307692307692308,0
2013-03-27,2013,"DecisionTree",1,0.736842105263158,1
2013-03-28,2013,"DecisionTree",1,0.736842105263158,1
2013-04-02,2013,"DecisionTree",0,0.80952380952381,1
2013-04-03,2013,"DecisionTree",1,0.80952380952381,1
2013-04-04,2013,"DecisionTree",1,0.736842105263158,1
2013-04-05,2013,"DecisionTree",1,0.736842105263158,1
2013-04-08,2013,"DecisionTree",0,0.736842105263158,1
2013-04-09,2013,"DecisionTree",0,0.736842105263158,1
2013-04-10,2013,"DecisionTree",0,0.80952380952381,1
2013-04-11,2013,"DecisionTree",0,0.80952380952381,1
2013-04-12,2013,"DecisionTree",0,0.80952380952381,1
2013-04-15,2013,"DecisionTree",0,0.80952380952381,1
2013-04-16,2013,"DecisionTree",0,0.80952380952381,1
2013-04-17,2013,"DecisionTree",1,0.147058823529412,0
2013-04-18,2013,"DecisionTree",1,0.147058823529412,0
2013-04-19,2013,"DecisionTree",0,0.736842105263158,1
2013-04-22,2013,"DecisionTree",1,0.736842105263158,1
2013-04-23,2013,"DecisionTree",0,0.80952380952381,1
2013-04-24,2013,"DecisionTree",0,0.80952380952381,1
2013-04-25,2013,"DecisionTree",0,0.80952380952381,1
2013-04-26,2013,"DecisionTree",0,0.307692307692308,0
2013-04-29,2013,"DecisionTree",0,0.307692307692308,0
2013-04-30,2013,"DecisionTree",0,0.80952380952381,1
2013-05-02,2013,"DecisionTree",0,0.307692307692308,0
2013-05-03,2013,"DecisionTree",0,0.0153846153846154,0
2013-05-06,2013,"DecisionTree",0,0.0434782608695652,0
2013-05-07,2013,"DecisionTree",0,0.0153846153846154,0
2013-05-08,2013,"DecisionTree",0,0.0153846153846154,0
2013-05-10,2013,"DecisionTree",0,0.0153846153846154,0
2013-05-13,2013,"DecisionTree",0,0.0153846153846154,0
2013-05-14,2013,"DecisionTree",0,0.0153846153846154,0
2013-05-15,2013,"DecisionTree",0,0.6,1
2013-05-16,2013,"DecisionTree",0,0.0153846153846154,0
2013-05-17,2013,"DecisionTree",0,0.6,1
2013-05-21,2013,"DecisionTree",0,0.6,1
2013-05-22,2013,"DecisionTree",0,0.6,1
2013-05-23,2013,"DecisionTree",1,0.363636363636364,0
2013-05-24,2013,"DecisionTree",1,0.846153846153846,1
2013-05-27,2013,"DecisionTree",0,0.846153846153846,1
2013-05-28,2013,"DecisionTree",0,0.0153846153846154,0
2013-05-29,2013,"DecisionTree",1,0.307692307692308,0
2013-05-30,2013,"DecisionTree",1,0.363636363636364,0
2013-05-31,2013,"DecisionTree",1,0.171428571428571,0
2013-06-03,2013,"DecisionTree",1,0.171428571428571,0
2013-06-04,2013,"DecisionTree",1,0.171428571428571,0
2013-06-05,2013,"DecisionTree",1,0.171428571428571,0
2013-06-06,2013,"DecisionTree",1,0.727272727272727,1
2013-06-07,2013,"DecisionTree",1,0.80952380952381,1
2013-06-10,2013,"DecisionTree",1,0.80952380952381,1
2013-06-11,2013,"DecisionTree",1,0.80952380952381,1
2013-06-12,2013,"DecisionTree",1,0.736842105263158,1
2013-06-13,2013,"DecisionTree",1,0.736842105263158,1
2013-06-14,2013,"DecisionTree",1,0.171428571428571,0
2013-06-17,2013,"DecisionTree",1,0.171428571428571,0
2013-06-18,2013,"DecisionTree",1,0.171428571428571,0
2013-06-19,2013,"DecisionTree",1,0.171428571428571,0
2013-06-20,2013,"DecisionTree",1,0.147058823529412,0
2013-06-21,2013,"DecisionTree",1,0.147058823529412,0
2013-06-24,2013,"DecisionTree",1,0.65,1
2013-06-25,2013,"DecisionTree",1,0.65,1
2013-06-26,2013,"DecisionTree",1,0.147058823529412,0
2013-06-27,2013,"DecisionTree",1,0.147058823529412,0
2013-06-28,2013,"DecisionTree",1,0.147058823529412,0
2013-07-01,2013,"DecisionTree",1,0.147058823529412,0
2013-07-02,2013,"DecisionTree",1,0.147058823529412,0
2013-07-03,2013,"DecisionTree",1,0.147058823529412,0
2013-07-04,2013,"DecisionTree",1,0.147058823529412,0
2013-07-05,2013,"DecisionTree",1,0.147058823529412,0
2013-07-08,2013,"DecisionTree",1,0.147058823529412,0
2013-07-09,2013,"DecisionTree",1,0.147058823529412,0
2013-07-10,2013,"DecisionTree",1,0.147058823529412,0
2013-07-11,2013,"DecisionTree",1,0.80952380952381,1
2013-07-12,2013,"DecisionTree",1,0.80952380952381,1
2013-07-15,2013,"DecisionTree",1,0.80952380952381,1
2013-07-16,2013,"DecisionTree",1,0.80952380952381,1
2013-07-17,2013,"DecisionTree",1,0.0434782608695652,0
2013-07-18,2013,"DecisionTree",1,0.0434782608695652,0
2013-07-19,2013,"DecisionTree",1,0.0434782608695652,0
2013-07-22,2013,"DecisionTree",1,0.0434782608695652,0
2013-07-23,2013,"DecisionTree",1,0.307692307692308,0
2013-07-24,2013,"DecisionTree",1,0.0434782608695652,0
2013-07-25,2013,"DecisionTree",1,0.0434782608695652,0
2013-07-26,2013,"DecisionTree",1,0.0434782608695652,0
2013-07-29,2013,"DecisionTree",1,0.0434782608695652,0
2013-07-30,2013,"DecisionTree",1,0.0434782608695652,0
2013-07-31,2013,"DecisionTree",1,0.307692307692308,0
2013-08-02,2013,"DecisionTree",1,0.6,1
2013-08-05,2013,"DecisionTree",1,0.6,1
2013-08-06,2013,"DecisionTree",1,0.0434782608695652,0
2013-08-07,2013,"DecisionTree",1,0.0434782608695652,0
2013-08-08,2013,"DecisionTree",1,0.0153846153846154,0
2013-08-09,2013,"DecisionTree",1,0.6,1
2013-08-12,2013,"DecisionTree",1,0.6,1
2013-08-13,2013,"DecisionTree",1,0.6,1
2013-08-14,2013,"DecisionTree",1,0.6,1
2013-08-15,2013,"DecisionTree",1,0.0153846153846154,0
2013-08-16,2013,"DecisionTree",1,0.6,1
2013-08-19,2013,"DecisionTree",1,0.0153846153846154,0
2013-08-20,2013,"DecisionTree",1,0.171428571428571,0
2013-08-21,2013,"DecisionTree",1,0.171428571428571,0
2013-08-22,2013,"DecisionTree",1,0.171428571428571,0
2013-08-23,2013,"DecisionTree",1,0.0153846153846154,0
2013-08-26,2013,"DecisionTree",1,0.846153846153846,1
2013-08-27,2013,"DecisionTree",1,0.80952380952381,1
2013-08-28,2013,"DecisionTree",1,0.80952380952381,1
2013-08-29,2013,"DecisionTree",1,0.80952380952381,1
2013-08-30,2013,"DecisionTree",1,0.727272727272727,1
2013-09-03,2013,"DecisionTree",1,0.171428571428571,0
2013-09-04,2013,"DecisionTree",1,0.171428571428571,0
2013-09-05,2013,"DecisionTree",1,0.171428571428571,0
2013-09-06,2013,"DecisionTree",1,0.171428571428571,0
2013-09-09,2013,"DecisionTree",1,0.171428571428571,0
2013-09-10,2013,"DecisionTree",1,0.171428571428571,0
2013-09-11,2013,"DecisionTree",1,0.0153846153846154,0
2013-09-12,2013,"DecisionTree",1,0.171428571428571,0
2013-09-13,2013,"DecisionTree",1,0.171428571428571,0
2013-09-16,2013,"DecisionTree",1,0.0153846153846154,0
2013-09-17,2013,"DecisionTree",1,0.0153846153846154,0
2013-09-18,2013,"DecisionTree",1,0.6,1
2013-09-19,2013,"DecisionTree",1,0.6,1
2013-09-20,2013,"DecisionTree",1,0.6,1
2013-09-23,2013,"DecisionTree",1,0.0153846153846154,0
2013-09-24,2013,"DecisionTree",1,0.0153846153846154,0
2013-09-25,2013,"DecisionTree",1,0.0153846153846154,0
2013-09-26,2013,"DecisionTree",1,0.0153846153846154,0
2013-09-27,2013,"DecisionTree",1,0.846153846153846,1
2013-09-30,2013,"DecisionTree",1,0.846153846153846,1
2013-10-01,2013,"DecisionTree",1,0.846153846153846,1
2013-10-02,2013,"DecisionTree",1,0.846153846153846,1
2013-10-03,2013,"DecisionTree",1,0.846153846153846,1
2013-10-04,2013,"DecisionTree",0,0.846153846153846,1
2013-10-07,2013,"DecisionTree",1,0.846153846153846,1
2013-10-08,2013,"DecisionTree",1,0.171428571428571,0
2013-10-09,2013,"DecisionTree",1,0.171428571428571,0
2013-10-10,2013,"DecisionTree",1,0.0153846153846154,0
2013-10-11,2013,"DecisionTree",1,0.0153846153846154,0
2013-10-14,2013,"DecisionTree",1,0.0153846153846154,0
2013-10-15,2013,"DecisionTree",1,0.6,1
2013-10-16,2013,"DecisionTree",1,0.6,1
2013-10-17,2013,"DecisionTree",1,0.6,1
2013-10-18,2013,"DecisionTree",1,0.6,1
2013-10-21,2013,"DecisionTree",1,0.6,1
2013-10-22,2013,"DecisionTree",1,0.6,1
2013-10-23,2013,"DecisionTree",1,0.0153846153846154,0
2013-10-24,2013,"DecisionTree",1,0.0153846153846154,0
2013-10-25,2013,"DecisionTree",1,0.0153846153846154,0
2013-10-28,2013,"DecisionTree",1,0.0153846153846154,0
2013-10-29,2013,"DecisionTree",1,0.0153846153846154,0
2013-10-30,2013,"DecisionTree",1,0.0153846153846154,0
2013-10-31,2013,"DecisionTree",1,0.6,1
2013-11-01,2013,"DecisionTree",1,0.0153846153846154,0
2013-11-04,2013,"DecisionTree",1,0.0153846153846154,0
2013-11-05,2013,"DecisionTree",1,0.846153846153846,1
2013-11-06,2013,"DecisionTree",1,0.0153846153846154,0
2013-11-07,2013,"DecisionTree",0,0.171428571428571,0
2013-11-08,2013,"DecisionTree",0,0.171428571428571,0
2013-11-11,2013,"DecisionTree",0,0.171428571428571,0
2013-11-12,2013,"DecisionTree",0,0.171428571428571,0
2013-11-13,2013,"DecisionTree",1,0.171428571428571,0
2013-11-14,2013,"DecisionTree",0,0.171428571428571,0
2013-11-15,2013,"DecisionTree",0,0.171428571428571,0
2013-11-18,2013,"DecisionTree",0,0.171428571428571,0
2013-11-19,2013,"DecisionTree",0,0.171428571428571,0
2013-11-20,2013,"DecisionTree",0,0.171428571428571,0
2013-11-21,2013,"DecisionTree",0,0.171428571428571,0
2013-11-22,2013,"DecisionTree",0,0.171428571428571,0
2013-11-25,2013,"DecisionTree",1,0.171428571428571,0
2013-11-26,2013,"DecisionTree",1,0.171428571428571,0
2013-11-27,2013,"DecisionTree",1,0.171428571428571,0
2013-11-28,2013,"DecisionTree",1,0.171428571428571,0
2013-11-29,2013,"DecisionTree",1,0.171428571428571,0
2013-12-02,2013,"DecisionTree",1,0.171428571428571,0
2013-12-03,2013,"DecisionTree",1,0.171428571428571,0
2013-12-04,2013,"DecisionTree",1,0.171428571428571,0
2013-12-05,2013,"DecisionTree",1,0.727272727272727,1
2013-12-06,2013,"DecisionTree",1,0.727272727272727,1
2013-12-09,2013,"DecisionTree",1,0.171428571428571,0
2013-12-10,2013,"DecisionTree",1,0.171428571428571,0
2013-12-11,2013,"DecisionTree",1,0.171428571428571,0
2013-12-12,2013,"DecisionTree",1,0.171428571428571,0
2013-12-13,2013,"DecisionTree",1,0.171428571428571,0
2013-12-16,2013,"DecisionTree",1,0.171428571428571,0
2013-12-17,2013,"DecisionTree",1,0.171428571428571,0
2013-12-18,2013,"DecisionTree",1,0.171428571428571,0
2013-12-19,2013,"DecisionTree",1,0.171428571428571,0
2013-12-20,2013,"DecisionTree",1,0.171428571428571,0
2013-12-23,2013,"DecisionTree",0,0.171428571428571,0
2013-12-27,2013,"DecisionTree",0,0.171428571428571,0
2013-12-30,2013,"DecisionTree",0,0.171428571428571,0
2013-01-03,2013,"RandomForest",1,0.326,0
2013-01-04,2013,"RandomForest",1,0.332,0
2013-01-07,2013,"RandomForest",1,0.192,0
2013-01-08,2013,"RandomForest",0,0.176,0
2013-01-09,2013,"RandomForest",1,0.18,0
2013-01-10,2013,"RandomForest",0,0.204,0
2013-01-11,2013,"RandomForest",0,0.362,0
2013-01-14,2013,"RandomForest",0,0.276,0
2013-01-15,2013,"RandomForest",0,0.168,0
2013-01-16,2013,"RandomForest",0,0.16,0
2013-01-17,2013,"RandomForest",0,0.124,0
2013-01-18,2013,"RandomForest",0,0.172,0
2013-01-21,2013,"RandomForest",0,0.106,0
2013-01-22,2013,"RandomForest",0,0.19,0
2013-01-23,2013,"RandomForest",0,0.422,0
2013-01-24,2013,"RandomForest",0,0.276,0
2013-01-25,2013,"RandomForest",0,0.212,0
2013-01-28,2013,"RandomForest",0,0.306,0
2013-01-29,2013,"RandomForest",0,0.378,0
2013-01-30,2013,"RandomForest",0,0.528,1
2013-01-31,2013,"RandomForest",0,0.596,1
2013-02-01,2013,"RandomForest",0,0.554,1
2013-02-04,2013,"RandomForest",0,0.586,1
2013-02-05,2013,"RandomForest",0,0.392,0
2013-02-06,2013,"RandomForest",0,0.536,1
2013-02-07,2013,"RandomForest",0,0.55,1
2013-02-08,2013,"RandomForest",1,0.342,0
2013-02-11,2013,"RandomForest",1,0.318,0
2013-02-12,2013,"RandomForest",1,0.382,0
2013-02-13,2013,"RandomForest",1,0.426,0
2013-02-14,2013,"RandomForest",1,0.332,0
2013-02-15,2013,"RandomForest",1,0.27,0
2013-02-18,2013,"RandomForest",1,0.34,0
2013-02-19,2013,"RandomForest",1,0.508,1
2013-02-20,2013,"RandomForest",1,0.462,0
2013-02-21,2013,"RandomForest",1,0.238,0
2013-02-22,2013,"RandomForest",1,0.318,0
2013-02-25,2013,"RandomForest",1,0.394,0
2013-02-26,2013,"RandomForest",1,0.386,0
2013-02-27,2013,"RandomForest",1,0.44,0
2013-02-28,2013,"RandomForest",1,0.496,0
2013-03-01,2013,"RandomForest",1,0.426,0
2013-03-04,2013,"RandomForest",1,0.372,0
2013-03-05,2013,"RandomForest",1,0.72,1
2013-03-06,2013,"RandomForest",1,0.698,1
2013-03-07,2013,"RandomForest",1,0.6,1
2013-03-08,2013,"RandomForest",1,0.51,1
2013-03-11,2013,"RandomForest",1,0.64,1
2013-03-12,2013,"RandomForest",1,0.66,1
2013-03-13,2013,"RandomForest",1,0.708,1
2013-03-14,2013,"RandomForest",1,0.512,1
2013-03-15,2013,"RandomForest",1,0.578,1
2013-03-18,2013,"RandomForest",1,0.552,1
2013-03-19,2013,"RandomForest",1,0.502,1
2013-03-20,2013,"RandomForest",1,0.646,1
2013-03-21,2013,"RandomForest",0,0.488,0
2013-03-22,2013,"RandomForest",1,0.414,0
2013-03-25,2013,"RandomForest",1,0.544,1
2013-03-26,2013,"RandomForest",1,0.486,0
2013-03-27,2013,"RandomForest",1,0.426,0
2013-03-28,2013,"RandomForest",1,0.544,1
2013-04-02,2013,"RandomForest",0,0.736,1
2013-04-03,2013,"RandomForest",1,0.89,1
2013-04-04,2013,"RandomForest",1,0.758,1
2013-04-05,2013,"RandomForest",1,0.656,1
2013-04-08,2013,"RandomForest",0,0.67,1
2013-04-09,2013,"RandomForest",0,0.662,1
2013-04-10,2013,"RandomForest",0,0.804,1
2013-04-11,2013,"RandomForest",0,0.8,1
2013-04-12,2013,"RandomForest",0,0.814,1
2013-04-15,2013,"RandomForest",0,0.816,1
2013-04-16,2013,"RandomForest",0,0.792,1
2013-04-17,2013,"RandomForest",1,0.642,1
2013-04-18,2013,"RandomForest",1,0.658,1
2013-04-19,2013,"RandomForest",0,0.732,1
2013-04-22,2013,"RandomForest",1,0.76,1
2013-04-23,2013,"RandomForest",0,0.734,1
2013-04-24,2013,"RandomForest",0,0.57,1
2013-04-25,2013,"RandomForest",0,0.598,1
2013-04-26,2013,"RandomForest",0,0.716,1
2013-04-29,2013,"RandomForest",0,0.552,1
2013-04-30,2013,"RandomForest",0,0.684,1
2013-05-02,2013,"RandomForest",0,0.496,0
2013-05-03,2013,"RandomForest",0,0.306,0
2013-05-06,2013,"RandomForest",0,0.224,0
2013-05-07,2013,"RandomForest",0,0.2,0
2013-05-08,2013,"RandomForest",0,0.122,0
2013-05-10,2013,"RandomForest",0,0.084,0
2013-05-13,2013,"RandomForest",0,0.19,0
2013-05-14,2013,"RandomForest",0,0.126,0
2013-05-15,2013,"RandomForest",0,0.118,0
2013-05-16,2013,"RandomForest",0,0.218,0
2013-05-17,2013,"RandomForest",0,0.268,0
2013-05-21,2013,"RandomForest",0,0.272,0
2013-05-22,2013,"RandomForest",0,0.352,0
2013-05-23,2013,"RandomForest",1,0.238,0
2013-05-24,2013,"RandomForest",1,0.274,0
2013-05-27,2013,"RandomForest",0,0.288,0
2013-05-28,2013,"RandomForest",0,0.074,0
2013-05-29,2013,"RandomForest",1,0.196,0
2013-05-30,2013,"RandomForest",1,0.378,0
2013-05-31,2013,"RandomForest",1,0.27,0
2013-06-03,2013,"RandomForest",1,0.222,0
2013-06-04,2013,"RandomForest",1,0.228,0
2013-06-05,2013,"RandomForest",1,0.408,0
2013-06-06,2013,"RandomForest",1,0.606,1
2013-06-07,2013,"RandomForest",1,0.702,1
2013-06-10,2013,"RandomForest",1,0.598,1
2013-06-11,2013,"RandomForest",1,0.512,1
2013-06-12,2013,"RandomForest",1,0.358,0
2013-06-13,2013,"RandomForest",1,0.342,0
2013-06-14,2013,"RandomForest",1,0.26,0
2013-06-17,2013,"RandomForest",1,0.362,0
2013-06-18,2013,"RandomForest",1,0.304,0
2013-06-19,2013,"RandomForest",1,0.27,0
2013-06-20,2013,"RandomForest",1,0.58,1
2013-06-21,2013,"RandomForest",1,0.618,1
2013-06-24,2013,"RandomForest",1,0.346,0
2013-06-25,2013,"RandomForest",1,0.63,1
2013-06-26,2013,"RandomForest",1,0.586,1
2013-06-27,2013,"RandomForest",1,0.462,0
2013-06-28,2013,"RandomForest",1,0.464,0
2013-07-01,2013,"RandomForest",1,0.472,0
2013-07-02,2013,"RandomForest",1,0.47,0
2013-07-03,2013,"RandomForest",1,0.41,0
2013-07-04,2013,"RandomForest",1,0.514,1
2013-07-05,2013,"RandomForest",1,0.402,0
2013-07-08,2013,"RandomForest",1,0.466,0
2013-07-09,2013,"RandomForest",1,0.414,0
2013-07-10,2013,"RandomForest",1,0.436,0
2013-07-11,2013,"RandomForest",1,0.552,1
2013-07-12,2013,"RandomForest",1,0.518,1
2013-07-15,2013,"RandomForest",1,0.388,0
2013-07-16,2013,"RandomForest",1,0.408,0
2013-07-17,2013,"RandomForest",1,0.462,0
2013-07-18,2013,"RandomForest",1,0.394,0
2013-07-19,2013,"RandomForest",1,0.174,0
2013-07-22,2013,"RandomForest",1,0.23,0
2013-07-23,2013,"RandomForest",1,0.256,0
2013-07-24,2013,"RandomForest",1,0.112,0
2013-07-25,2013,"RandomForest",1,0.374,0
2013-07-26,2013,"RandomForest",1,0.332,0
2013-07-29,2013,"RandomForest",1,0.256,0
2013-07-30,2013,"RandomForest",1,0.21,0
2013-07-31,2013,"RandomForest",1,0.178,0
2013-08-02,2013,"RandomForest",1,0.264,0
2013-08-05,2013,"RandomForest",1,0.216,0
2013-08-06,2013,"RandomForest",1,0.262,0
2013-08-07,2013,"RandomForest",1,0.296,0
2013-08-08,2013,"RandomForest",1,0.104,0
2013-08-09,2013,"RandomForest",1,0.216,0
2013-08-12,2013,"RandomForest",1,0.28,0
2013-08-13,2013,"RandomForest",1,0.338,0
2013-08-14,2013,"RandomForest",1,0.484,0
2013-08-15,2013,"RandomForest",1,0.256,0
2013-08-16,2013,"RandomForest",1,0.602,1
2013-08-19,2013,"RandomForest",1,0.268,0
2013-08-20,2013,"RandomForest",1,0.268,0
2013-08-21,2013,"RandomForest",1,0.414,0
2013-08-22,2013,"RandomForest",1,0.336,0
2013-08-23,2013,"RandomForest",1,0.278,0
2013-08-26,2013,"RandomForest",1,0.324,0
2013-08-27,2013,"RandomForest",1,0.58,1
2013-08-28,2013,"RandomForest",1,0.532,1
2013-08-29,2013,"RandomForest",1,0.59,1
2013-08-30,2013,"RandomForest",1,0.432,0
2013-09-03,2013,"RandomForest",1,0.246,0
2013-09-04,2013,"RandomForest",1,0.336,0
2013-09-05,2013,"RandomForest",1,0.374,0
2013-09-06,2013,"RandomForest",1,0.552,1
2013-09-09,2013,"RandomForest",1,0.546,1
2013-09-10,2013,"RandomForest",1,0.336,0
2013-09-11,2013,"RandomForest",1,0.302,0
2013-09-12,2013,"RandomForest",1,0.376,0
2013-09-13,2013,"RandomForest",1,0.378,0
2013-09-16,2013,"RandomForest",1,0.248,0
2013-09-17,2013,"RandomForest",1,0.3,0
2013-09-18,2013,"RandomForest",1,0.2,0
2013-09-19,2013,"RandomForest",1,0.328,0
2013-09-20,2013,"RandomForest",1,0.274,0
2013-09-23,2013,"RandomForest",1,0.23,0
2013-09-24,2013,"RandomForest",1,0.244,0
2013-09-25,2013,"RandomForest",1,0.216,0
2013-09-26,2013,"RandomForest",1,0.238,0
2013-09-27,2013,"RandomForest",1,0.32,0
2013-09-30,2013,"RandomForest",1,0.49,0
2013-10-01,2013,"RandomForest",1,0.312,0
2013-10-02,2013,"RandomForest",1,0.518,1
2013-10-03,2013,"RandomForest",1,0.522,1
2013-10-04,2013,"RandomForest",0,0.52,1
2013-10-07,2013,"RandomForest",1,0.664,1
2013-10-08,2013,"RandomForest",1,0.566,1
2013-10-09,2013,"RandomForest",1,0.524,1
2013-10-10,2013,"RandomForest",1,0.214,0
2013-10-11,2013,"RandomForest",1,0.236,0
2013-10-14,2013,"RandomForest",1,0.224,0
2013-10-15,2013,"RandomForest",1,0.236,0
2013-10-16,2013,"RandomForest",1,0.274,0
2013-10-17,2013,"RandomForest",1,0.288,0
2013-10-18,2013,"RandomForest",1,0.302,0
2013-10-21,2013,"RandomForest",1,0.354,0
2013-10-22,2013,"RandomForest",1,0.32,0
2013-10-23,2013,"RandomForest",1,0.158,0
2013-10-24,2013,"RandomForest",1,0.128,0
2013-10-25,2013,"RandomForest",1,0.174,0
2013-10-28,2013,"RandomForest",1,0.194,0
2013-10-29,2013,"RandomForest",1,0.162,0
2013-10-30,2013,"RandomForest",1,0.266,0
2013-10-31,2013,"RandomForest",1,0.162,0
2013-11-01,2013,"RandomForest",1,0.188,0
2013-11-04,2013,"RandomForest",1,0.214,0
2013-11-05,2013,"RandomForest",1,0.46,0
2013-11-06,2013,"RandomForest",1,0.3,0
2013-11-07,2013,"RandomForest",0,0.56,1
2013-11-08,2013,"RandomForest",0,0.472,0
2013-11-11,2013,"RandomForest",0,0.466,0
2013-11-12,2013,"RandomForest",0,0.492,0
2013-11-13,2013,"RandomForest",1,0.566,1
2013-11-14,2013,"RandomForest",0,0.424,0
2013-11-15,2013,"RandomForest",0,0.444,0
2013-11-18,2013,"RandomForest",0,0.496,0
2013-11-19,2013,"RandomForest",0,0.508,1
2013-11-20,2013,"RandomForest",0,0.528,1
2013-11-21,2013,"RandomForest",0,0.502,1
2013-11-22,2013,"RandomForest",0,0.38,0
2013-11-25,2013,"RandomForest",1,0.472,0
2013-11-26,2013,"RandomForest",1,0.504,1
2013-11-27,2013,"RandomForest",1,0.528,1
2013-11-28,2013,"RandomForest",1,0.576,1
2013-11-29,2013,"RandomForest",1,0.63,1
2013-12-02,2013,"RandomForest",1,0.58,1
2013-12-03,2013,"RandomForest",1,0.474,0
2013-12-04,2013,"RandomForest",1,0.386,0
2013-12-05,2013,"RandomForest",1,0.594,1
2013-12-06,2013,"RandomForest",1,0.444,0
2013-12-09,2013,"RandomForest",1,0.398,0
2013-12-10,2013,"RandomForest",1,0.416,0
2013-12-11,2013,"RandomForest",1,0.392,0
2013-12-12,2013,"RandomForest",1,0.364,0
2013-12-13,2013,"RandomForest",1,0.37,0
2013-12-16,2013,"RandomForest",1,0.34,0
2013-12-17,2013,"RandomForest",1,0.244,0
2013-12-18,2013,"RandomForest",1,0.424,0
2013-12-19,2013,"RandomForest",1,0.444,0
2013-12-20,2013,"RandomForest",1,0.432,0
2013-12-23,2013,"RandomForest",0,0.396,0
2013-12-27,2013,"RandomForest",0,0.324,0
2013-12-30,2013,"RandomForest",0,0.376,0
2013-01-03,2013,"Random",1,0.557029177718834,0
2013-01-04,2013,"Random",1,0.557029177718834,0
2013-01-07,2013,"Random",1,0.557029177718834,0
2013-01-08,2013,"Random",0,0.557029177718834,0
2013-01-09,2013,"Random",1,0.557029177718834,0
2013-01-10,2013,"Random",0,0.557029177718834,1
2013-01-11,2013,"Random",0,0.557029177718834,0
2013-01-14,2013,"Random",0,0.557029177718834,1
2013-01-15,2013,"Random",0,0.557029177718834,1
2013-01-16,2013,"Random",0,0.557029177718834,1
2013-01-17,2013,"Random",0,0.557029177718834,1
2013-01-18,2013,"Random",0,0.557029177718834,1
2013-01-21,2013,"Random",0,0.557029177718834,1
2013-01-22,2013,"Random",0,0.557029177718834,1
2013-01-23,2013,"Random",0,0.557029177718834,1
2013-01-24,2013,"Random",0,0.557029177718834,1
2013-01-25,2013,"Random",0,0.557029177718834,1
2013-01-28,2013,"Random",0,0.557029177718834,1
2013-01-29,2013,"Random",0,0.557029177718834,1
2013-01-30,2013,"Random",0,0.557029177718834,0
2013-01-31,2013,"Random",0,0.557029177718834,0
2013-02-01,2013,"Random",0,0.557029177718834,1
2013-02-04,2013,"Random",0,0.557029177718834,0
2013-02-05,2013,"Random",0,0.557029177718834,1
2013-02-06,2013,"Random",0,0.557029177718834,0
2013-02-07,2013,"Random",0,0.557029177718834,1
2013-02-08,2013,"Random",1,0.557029177718834,1
2013-02-11,2013,"Random",1,0.557029177718834,0
2013-02-12,2013,"Random",1,0.557029177718834,1
2013-02-13,2013,"Random",1,0.557029177718834,1
2013-02-14,2013,"Random",1,0.557029177718834,1
2013-02-15,2013,"Random",1,0.557029177718834,1
2013-02-18,2013,"Random",1,0.557029177718834,1
2013-02-19,2013,"Random",1,0.557029177718834,1
2013-02-20,2013,"Random",1,0.557029177718834,1
2013-02-21,2013,"Random",1,0.557029177718834,0
2013-02-22,2013,"Random",1,0.557029177718834,1
2013-02-25,2013,"Random",1,0.557029177718834,1
2013-02-26,2013,"Random",1,0.557029177718834,0
2013-02-27,2013,"Random",1,0.557029177718834,0
2013-02-28,2013,"Random",1,0.557029177718834,1
2013-03-01,2013,"Random",1,0.557029177718834,0
2013-03-04,2013,"Random",1,0.557029177718834,1
2013-03-05,2013,"Random",1,0.557029177718834,0
2013-03-06,2013,"Random",1,0.557029177718834,0
2013-03-07,2013,"Random",1,0.557029177718834,1
2013-03-08,2013,"Random",1,0.557029177718834,0
2013-03-11,2013,"Random",1,0.557029177718834,1
2013-03-12,2013,"Random",1,0.557029177718834,0
2013-03-13,2013,"Random",1,0.557029177718834,1
2013-03-14,2013,"Random",1,0.557029177718834,0
2013-03-15,2013,"Random",1,0.557029177718834,1
2013-03-18,2013,"Random",1,0.557029177718834,0
2013-03-19,2013,"Random",1,0.557029177718834,1
2013-03-20,2013,"Random",1,0.557029177718834,0
2013-03-21,2013,"Random",0,0.557029177718834,0
2013-03-22,2013,"Random",1,0.557029177718834,0
2013-03-25,2013,"Random",1,0.557029177718834,0
2013-03-26,2013,"Random",1,0.557029177718834,0
2013-03-27,2013,"Random",1,0.557029177718834,1
2013-03-28,2013,"Random",1,0.557029177718834,1
2013-04-02,2013,"Random",0,0.557029177718834,1
2013-04-03,2013,"Random",1,0.557029177718834,0
2013-04-04,2013,"Random",1,0.557029177718834,1
2013-04-05,2013,"Random",1,0.557029177718834,1
2013-04-08,2013,"Random",0,0.557029177718834,1
2013-04-09,2013,"Random",0,0.557029177718834,1
2013-04-10,2013,"Random",0,0.557029177718834,1
2013-04-11,2013,"Random",0,0.557029177718834,0
2013-04-12,2013,"Random",0,0.557029177718834,0
2013-04-15,2013,"Random",0,0.557029177718834,1
2013-04-16,2013,"Random",0,0.557029177718834,1
2013-04-17,2013,"Random",1,0.557029177718834,0
2013-04-18,2013,"Random",1,0.557029177718834,0
2013-04-19,2013,"Random",0,0.557029177718834,0
2013-04-22,2013,"Random",1,0.557029177718834,1
2013-04-23,2013,"Random",0,0.557029177718834,0
2013-04-24,2013,"Random",0,0.557029177718834,0
2013-04-25,2013,"Random",0,0.557029177718834,0
2013-04-26,2013,"Random",0,0.557029177718834,0
2013-04-29,2013,"Random",0,0.557029177718834,0
2013-04-30,2013,"Random",0,0.557029177718834,1
2013-05-02,2013,"Random",0,0.557029177718834,1
2013-05-03,2013,"Random",0,0.557029177718834,0
2013-05-06,2013,"Random",0,0.557029177718834,1
2013-05-07,2013,"Random",0,0.557029177718834,1
2013-05-08,2013,"Random",0,0.557029177718834,0
2013-05-10,2013,"Random",0,0.557029177718834,0
2013-05-13,2013,"Random",0,0.557029177718834,1
2013-05-14,2013,"Random",0,0.557029177718834,0
2013-05-15,2013,"Random",0,0.557029177718834,1
2013-05-16,2013,"Random",0,0.557029177718834,1
2013-05-17,2013,"Random",0,0.557029177718834,0
2013-05-21,2013,"Random",0,0.557029177718834,1
2013-05-22,2013,"Random",0,0.557029177718834,0
2013-05-23,2013,"Random",1,0.557029177718834,1
2013-05-24,2013,"Random",1,0.557029177718834,0
2013-05-27,2013,"Random",0,0.557029177718834,1
2013-05-28,2013,"Random",0,0.557029177718834,0
2013-05-29,2013,"Random",1,0.557029177718834,0
2013-05-30,2013,"Random",1,0.557029177718834,0
2013-05-31,2013,"Random",1,0.557029177718834,1
2013-06-03,2013,"Random",1,0.557029177718834,1
2013-06-04,2013,"Random",1,0.557029177718834,1
2013-06-05,2013,"Random",1,0.557029177718834,1
2013-06-06,2013,"Random",1,0.557029177718834,1
2013-06-07,2013,"Random",1,0.557029177718834,1
2013-06-10,2013,"Random",1,0.557029177718834,0
2013-06-11,2013,"Random",1,0.557029177718834,1
2013-06-12,2013,"Random",1,0.557029177718834,1
2013-06-13,2013,"Random",1,0.557029177718834,0
2013-06-14,2013,"Random",1,0.557029177718834,0
2013-06-17,2013,"Random",1,0.557029177718834,1
2013-06-18,2013,"Random",1,0.557029177718834,1
2013-06-19,2013,"Random",1,0.557029177718834,1
2013-06-20,2013,"Random",1,0.557029177718834,0
2013-06-21,2013,"Random",1,0.557029177718834,1
2013-06-24,2013,"Random",1,0.557029177718834,0
2013-06-25,2013,"Random",1,0.557029177718834,0
2013-06-26,2013,"Random",1,0.557029177718834,0
2013-06-27,2013,"Random",1,0.557029177718834,0
2013-06-28,2013,"Random",1,0.557029177718834,0
2013-07-01,2013,"Random",1,0.557029177718834,0
2013-07-02,2013,"Random",1,0.557029177718834,0
2013-07-03,2013,"Random",1,0.557029177718834,1
2013-07-04,2013,"Random",1,0.557029177718834,1
2013-07-05,2013,"Random",1,0.557029177718834,1
2013-07-08,2013,"Random",1,0.557029177718834,0
2013-07-09,2013,"Random",1,0.557029177718834,0
2013-07-10,2013,"Random",1,0.557029177718834,1
2013-07-11,2013,"Random",1,0.557029177718834,0
2013-07-12,2013,"Random",1,0.557029177718834,0
2013-07-15,2013,"Random",1,0.557029177718834,0
2013-07-16,2013,"Random",1,0.557029177718834,1
2013-07-17,2013,"Random",1,0.557029177718834,0
2013-07-18,2013,"Random",1,0.557029177718834,0
2013-07-19,2013,"Random",1,0.557029177718834,0
2013-07-22,2013,"Random",1,0.557029177718834,1
2013-07-23,2013,"Random",1,0.557029177718834,1
2013-07-24,2013,"Random",1,0.557029177718834,0
2013-07-25,2013,"Random",1,0.557029177718834,0
2013-07-26,2013,"Random",1,0.557029177718834,1
2013-07-29,2013,"Random",1,0.557029177718834,1
2013-07-30,2013,"Random",1,0.557029177718834,1
2013-07-31,2013,"Random",1,0.557029177718834,1
2013-08-02,2013,"Random",1,0.557029177718834,0
2013-08-05,2013,"Random",1,0.557029177718834,0
2013-08-06,2013,"Random",1,0.557029177718834,0
2013-08-07,2013,"Random",1,0.557029177718834,0
2013-08-08,2013,"Random",1,0.557029177718834,1
2013-08-09,2013,"Random",1,0.557029177718834,1
2013-08-12,2013,"Random",1,0.557029177718834,1
2013-08-13,2013,"Random",1,0.557029177718834,0
2013-08-14,2013,"Random",1,0.557029177718834,0
2013-08-15,2013,"Random",1,0.557029177718834,1
2013-08-16,2013,"Random",1,0.557029177718834,0
2013-08-19,2013,"Random",1,0.557029177718834,0
2013-08-20,2013,"Random",1,0.557029177718834,1
2013-08-21,2013,"Random",1,0.557029177718834,0
2013-08-22,2013,"Random",1,0.557029177718834,0
2013-08-23,2013,"Random",1,0.557029177718834,0
2013-08-26,2013,"Random",1,0.557029177718834,1
2013-08-27,2013,"Random",1,0.557029177718834,0
2013-08-28,2013,"Random",1,0.557029177718834,1
2013-08-29,2013,"Random",1,0.557029177718834,0
2013-08-30,2013,"Random",1,0.557029177718834,1
2013-09-03,2013,"Random",1,0.557029177718834,1
2013-09-04,2013,"Random",1,0.557029177718834,0
2013-09-05,2013,"Random",1,0.557029177718834,0
2013-09-06,2013,"Random",1,0.557029177718834,1
2013-09-09,2013,"Random",1,0.557029177718834,1
2013-09-10,2013,"Random",1,0.557029177718834,1
2013-09-11,2013,"Random",1,0.557029177718834,0
2013-09-12,2013,"Random",1,0.557029177718834,0
2013-09-13,2013,"Random",1,0.557029177718834,0
2013-09-16,2013,"Random",1,0.557029177718834,1
2013-09-17,2013,"Random",1,0.557029177718834,0
2013-09-18,2013,"Random",1,0.557029177718834,1
2013-09-19,2013,"Random",1,0.557029177718834,0
2013-09-20,2013,"Random",1,0.557029177718834,1
2013-09-23,2013,"Random",1,0.557029177718834,1
2013-09-24,2013,"Random",1,0.557029177718834,0
2013-09-25,2013,"Random",1,0.557029177718834,0
2013-09-26,2013,"Random",1,0.557029177718834,1
2013-09-27,2013,"Random",1,0.557029177718834,0
2013-09-30,2013,"Random",1,0.557029177718834,0
2013-10-01,2013,"Random",1,0.557029177718834,1
2013-10-02,2013,"Random",1,0.557029177718834,0
2013-10-03,2013,"Random",1,0.557029177718834,1
2013-10-04,2013,"Random",0,0.557029177718834,1
2013-10-07,2013,"Random",1,0.557029177718834,1
2013-10-08,2013,"Random",1,0.557029177718834,0
2013-10-09,2013,"Random",1,0.557029177718834,1
2013-10-10,2013,"Random",1,0.557029177718834,1
2013-10-11,2013,"Random",1,0.557029177718834,1
2013-10-14,2013,"Random",1,0.557029177718834,1
2013-10-15,2013,"Random",1,0.557029177718834,1
2013-10-16,2013,"Random",1,0.557029177718834,0
2013-10-17,2013,"Random",1,0.557029177718834,0
2013-10-18,2013,"Random",1,0.557029177718834,0
2013-10-21,2013,"Random",1,0.557029177718834,1
2013-10-22,2013,"Random",1,0.557029177718834,0
2013-10-23,2013,"Random",1,0.557029177718834,1
2013-10-24,2013,"Random",1,0.557029177718834,1
2013-10-25,2013,"Random",1,0.557029177718834,0
2013-10-28,2013,"Random",1,0.557029177718834,1
2013-10-29,2013,"Random",1,0.557029177718834,1
2013-10-30,2013,"Random",1,0.557029177718834,1
2013-10-31,2013,"Random",1,0.557029177718834,1
2013-11-01,2013,"Random",1,0.557029177718834,0
2013-11-04,2013,"Random",1,0.557029177718834,0
2013-11-05,2013,"Random",1,0.557029177718834,1
2013-11-06,2013,"Random",1,0.557029177718834,0
2013-11-07,2013,"Random",0,0.557029177718834,0
2013-11-08,2013,"Random",0,0.557029177718834,1
2013-11-11,2013,"Random",0,0.557029177718834,1
2013-11-12,2013,"Random",0,0.557029177718834,0
2013-11-13,2013,"Random",1,0.557029177718834,0
2013-11-14,2013,"Random",0,0.557029177718834,1
2013-11-15,2013,"Random",0,0.557029177718834,1
2013-11-18,2013,"Random",0,0.557029177718834,0
2013-11-19,2013,"Random",0,0.557029177718834,1
2013-11-20,2013,"Random",0,0.557029177718834,0
2013-11-21,2013,"Random",0,0.557029177718834,0
2013-11-22,2013,"Random",0,0.557029177718834,0
2013-11-25,2013,"Random",1,0.557029177718834,1
2013-11-26,2013,"Random",1,0.557029177718834,0
2013-11-27,2013,"Random",1,0.557029177718834,0
2013-11-28,2013,"Random",1,0.557029177718834,0
2013-11-29,2013,"Random",1,0.557029177718834,0
2013-12-02,2013,"Random",1,0.557029177718834,1
2013-12-03,2013,"Random",1,0.557029177718834,1
2013-12-04,2013,"Random",1,0.557029177718834,0
2013-12-05,2013,"Random",1,0.557029177718834,0
2013-12-06,2013,"Random",1,0.557029177718834,1
2013-12-09,2013,"Random",1,0.557029177718834,1
2013-12-10,2013,"Random",1,0.557029177718834,0
2013-12-11,2013,"Random",1,0.557029177718834,1
2013-12-12,2013,"Random",1,0.557029177718834,1
2013-12-13,2013,"Random",1,0.557029177718834,0
2013-12-16,2013,"Random",1,0.557029177718834,1
2013-12-17,2013,"Random",1,0.557029177718834,0
2013-12-18,2013,"Random",1,0.557029177718834,0
2013-12-19,2013,"Random",1,0.557029177718834,0
2013-12-20,2013,"Random",1,0.557029177718834,1
2013-12-23,2013,"Random",0,0.557029177718834,0
2013-12-27,2013,"Random",0,0.557029177718834,1
2013-12-30,2013,"Random",0,0.557029177718834,1
2014-01-03,2014,"Logistic",0,0.481376323281808,0
2014-01-06,2014,"Logistic",1,0.464370711064867,0
2014-01-07,2014,"Logistic",0,0.409689529279888,0
2014-01-08,2014,"Logistic",0,0.387562225820039,0
2014-01-09,2014,"Logistic",1,0.379739577428695,0
2014-01-10,2014,"Logistic",0,0.360698242138326,0
2014-01-13,2014,"Logistic",0,0.376255754748525,0
2014-01-14,2014,"Logistic",1,0.359797030996278,0
2014-01-15,2014,"Logistic",0,0.376058775149213,0
2014-01-16,2014,"Logistic",1,0.392241679307958,0
2014-01-17,2014,"Logistic",1,0.400227659194691,0
2014-01-20,2014,"Logistic",1,0.421560723530562,0
2014-01-21,2014,"Logistic",1,0.454906076798396,0
2014-01-22,2014,"Logistic",1,0.434501871909395,0
2014-01-23,2014,"Logistic",1,0.480611095461018,0
2014-01-24,2014,"Logistic",1,0.531202648489534,1
2014-01-27,2014,"Logistic",1,0.530417945689877,1
2014-01-28,2014,"Logistic",1,0.550232563026085,1
2014-01-29,2014,"Logistic",1,0.496725184427561,0
2014-01-30,2014,"Logistic",1,0.509304241356095,1
2014-01-31,2014,"Logistic",1,0.495416968353157,0
2014-02-03,2014,"Logistic",1,0.545187961381674,1
2014-02-04,2014,"Logistic",1,0.509349044089378,1
2014-02-05,2014,"Logistic",1,0.503973762513107,1
2014-02-06,2014,"Logistic",1,0.564649160320823,1
2014-02-07,2014,"Logistic",1,0.597025844409974,1
2014-02-10,2014,"Logistic",1,0.608087137048211,1
2014-02-11,2014,"Logistic",1,0.603630679380825,1
2014-02-12,2014,"Logistic",1,0.541629014945485,1
2014-02-13,2014,"Logistic",1,0.48887525786147,0
2014-02-14,2014,"Logistic",1,0.489883503802654,0
2014-02-18,2014,"Logistic",1,0.492840175548831,0
2014-02-19,2014,"Logistic",1,0.504349976004779,1
2014-02-20,2014,"Logistic",1,0.482471277829357,0
2014-02-21,2014,"Logistic",1,0.463851384917607,0
2014-02-24,2014,"Logistic",1,0.438666501911887,0
2014-02-25,2014,"Logistic",1,0.443827959670976,0
2014-02-26,2014,"Logistic",1,0.426403113457321,0
2014-02-27,2014,"Logistic",1,0.393469448657035,0
2014-02-28,2014,"Logistic",1,0.407689518053818,0
2014-03-03,2014,"Logistic",1,0.484508590410193,0
2014-03-04,2014,"Logistic",1,0.403523197347684,0
2014-03-05,2014,"Logistic",1,0.416598919767985,0
2014-03-06,2014,"Logistic",1,0.418322161506775,0
2014-03-07,2014,"Logistic",1,0.528385065032196,1
2014-03-10,2014,"Logistic",1,0.557119863475608,1
2014-03-11,2014,"Logistic",1,0.544604123505198,1
2014-03-12,2014,"Logistic",1,0.577127023627326,1
2014-03-13,2014,"Logistic",1,0.594074385110632,1
2014-03-14,2014,"Logistic",1,0.517459198016234,1
2014-03-17,2014,"Logistic",1,0.567154019367006,1
2014-03-18,2014,"Logistic",1,0.537075981812302,1
2014-03-19,2014,"Logistic",1,0.537470217935686,1
2014-03-20,2014,"Logistic",1,0.535142660142629,1
2014-03-21,2014,"Logistic",1,0.559251038005925,1
2014-03-24,2014,"Logistic",1,0.568172536105289,1
2014-03-25,2014,"Logistic",1,0.549006163486803,1
2014-03-26,2014,"Logistic",1,0.506083182968756,1
2014-03-27,2014,"Logistic",1,0.479121830246646,0
2014-03-28,2014,"Logistic",1,0.523079449185578,1
2014-03-31,2014,"Logistic",1,0.496184477206209,0
2014-04-01,2014,"Logistic",1,0.479328303629472,0
2014-04-02,2014,"Logistic",1,0.473591635185074,0
2014-04-03,2014,"Logistic",1,0.501355811243882,1
2014-04-04,2014,"Logistic",1,0.480909609621589,0
2014-04-07,2014,"Logistic",1,0.455333782687507,0
2014-04-08,2014,"Logistic",1,0.439906914250466,0
2014-04-09,2014,"Logistic",1,0.43629145474895,0
2014-04-10,2014,"Logistic",1,0.408978907473664,0
2014-04-11,2014,"Logistic",1,0.440170161825804,0
2014-04-14,2014,"Logistic",1,0.510284043389709,1
2014-04-15,2014,"Logistic",1,0.562934101368991,1
2014-04-16,2014,"Logistic",1,0.548470359320002,1
2014-04-17,2014,"Logistic",1,0.544810261952266,1
2014-04-22,2014,"Logistic",1,0.492278869298525,0
2014-04-23,2014,"Logistic",1,0.504560320185281,1
2014-04-24,2014,"Logistic",0,0.502248175196006,1
2014-04-25,2014,"Logistic",1,0.537446122340674,1
2014-04-28,2014,"Logistic",0,0.495578987284232,0
2014-04-29,2014,"Logistic",0,0.417681520042021,0
2014-04-30,2014,"Logistic",0,0.438915523460634,0
2014-05-02,2014,"Logistic",0,0.479297729031486,0
2014-05-05,2014,"Logistic",1,0.491560724403565,0
2014-05-06,2014,"Logistic",1,0.518954296454231,1
2014-05-07,2014,"Logistic",1,0.495868813034898,0
2014-05-08,2014,"Logistic",0,0.418065372121596,0
2014-05-09,2014,"Logistic",1,0.46913569011966,0
2014-05-12,2014,"Logistic",0,0.414420789683888,0
2014-05-13,2014,"Logistic",1,0.421770409504072,0
2014-05-14,2014,"Logistic",0,0.403802518990742,0
2014-05-15,2014,"Logistic",1,0.508406981524941,1
2014-05-16,2014,"Logistic",1,0.475986782992532,0
2014-05-19,2014,"Logistic",0,0.488916413378297,0
2014-05-20,2014,"Logistic",0,0.521146618809827,1
2014-05-21,2014,"Logistic",0,0.472667906347357,0
2014-05-22,2014,"Logistic",0,0.4670708884514,0
2014-05-23,2014,"Logistic",0,0.447582230490385,0
2014-05-26,2014,"Logistic",0,0.416860323687744,0
2014-05-27,2014,"Logistic",0,0.443930274343637,0
2014-05-28,2014,"Logistic",0,0.441721770516497,0
2014-05-30,2014,"Logistic",0,0.44368222585189,0
2014-06-02,2014,"Logistic",0,0.452938606418703,0
2014-06-03,2014,"Logistic",0,0.439180771635568,0
2014-06-04,2014,"Logistic",0,0.434064241906911,0
2014-06-05,2014,"Logistic",0,0.529877026172664,1
2014-06-06,2014,"Logistic",0,0.528616806866319,1
2014-06-10,2014,"Logistic",0,0.544145975780507,1
2014-06-11,2014,"Logistic",0,0.477447429287953,0
2014-06-12,2014,"Logistic",0,0.487392801891364,0
2014-06-13,2014,"Logistic",0,0.473536377944187,0
2014-06-16,2014,"Logistic",0,0.46553553006752,0
2014-06-17,2014,"Logistic",0,0.469918109960815,0
2014-06-18,2014,"Logistic",0,0.482266560430109,0
2014-06-19,2014,"Logistic",0,0.47065278732413,0
2014-06-20,2014,"Logistic",0,0.463959303742734,0
2014-06-23,2014,"Logistic",0,0.452928495202917,0
2014-06-24,2014,"Logistic",0,0.453310503133416,0
2014-06-25,2014,"Logistic",1,0.493045144709091,0
2014-06-26,2014,"Logistic",1,0.473944948463472,0
2014-06-27,2014,"Logistic",1,0.484293000019103,0
2014-06-30,2014,"Logistic",1,0.482171163938064,0
2014-07-01,2014,"Logistic",0,0.499168268130675,0
2014-07-02,2014,"Logistic",0,0.499986007545749,0
2014-07-03,2014,"Logistic",0,0.490509376028241,0
2014-07-04,2014,"Logistic",0,0.487840135185149,0
2014-07-07,2014,"Logistic",0,0.522983454137367,1
2014-07-08,2014,"Logistic",1,0.496700343525336,0
2014-07-09,2014,"Logistic",1,0.505166154187678,1
2014-07-10,2014,"Logistic",1,0.445866785169641,0
2014-07-11,2014,"Logistic",1,0.450380948583376,0
2014-07-14,2014,"Logistic",1,0.46927434506668,0
2014-07-15,2014,"Logistic",1,0.518665216344166,1
2014-07-16,2014,"Logistic",0,0.520814187828944,1
2014-07-17,2014,"Logistic",1,0.577138330126065,1
2014-07-18,2014,"Logistic",1,0.558873401528974,1
2014-07-21,2014,"Logistic",1,0.574609063666549,1
2014-07-22,2014,"Logistic",1,0.569233174986514,1
2014-07-23,2014,"Logistic",0,0.532630609767906,1
2014-07-24,2014,"Logistic",0,0.489392829228063,0
2014-07-25,2014,"Logistic",0,0.523412845793811,1
2014-07-28,2014,"Logistic",0,0.502565063883965,1
2014-07-29,2014,"Logistic",0,0.448009472893635,0
2014-07-30,2014,"Logistic",0,0.496806679431284,0
2014-07-31,2014,"Logistic",0,0.580130717390106,1
2014-08-04,2014,"Logistic",0,0.546615430434476,1
2014-08-05,2014,"Logistic",0,0.537438721422484,1
2014-08-06,2014,"Logistic",0,0.455418395991776,0
2014-08-07,2014,"Logistic",0,0.493805214571722,0
2014-08-08,2014,"Logistic",0,0.431298521808463,0
2014-08-11,2014,"Logistic",0,0.50134631869831,1
2014-08-12,2014,"Logistic",0,0.524284534234947,1
2014-08-13,2014,"Logistic",0,0.536749100226211,1
2014-08-14,2014,"Logistic",0,0.535961082029875,1
2014-08-15,2014,"Logistic",0,0.532841902411767,1
2014-08-18,2014,"Logistic",0,0.556501100874333,1
2014-08-19,2014,"Logistic",0,0.557925153229647,1
2014-08-20,2014,"Logistic",0,0.520717219539338,1
2014-08-21,2014,"Logistic",0,0.4173786760081,0
2014-08-22,2014,"Logistic",1,0.454282325705653,0
2014-08-25,2014,"Logistic",0,0.442478587471409,0
2014-08-26,2014,"Logistic",0,0.466133213861356,0
2014-08-27,2014,"Logistic",0,0.461456478324343,0
2014-08-28,2014,"Logistic",0,0.445417240443064,0
2014-08-29,2014,"Logistic",0,0.415440127696178,0
2014-09-01,2014,"Logistic",0,0.376723156714804,0
2014-09-02,2014,"Logistic",0,0.365451599340123,0
2014-09-03,2014,"Logistic",0,0.39341669016028,0
2014-09-04,2014,"Logistic",0,0.42108786812482,0
2014-09-05,2014,"Logistic",0,0.437227321156342,0
2014-09-08,2014,"Logistic",0,0.431950493285456,0
2014-09-09,2014,"Logistic",0,0.407976481348359,0
2014-09-10,2014,"Logistic",0,0.420979174948441,0
2014-09-11,2014,"Logistic",0,0.445550536870785,0
2014-09-12,2014,"Logistic",0,0.470125016889413,0
2014-09-15,2014,"Logistic",0,0.498774423615888,0
2014-09-16,2014,"Logistic",1,0.511416548704657,1
2014-09-17,2014,"Logistic",0,0.510724257049792,1
2014-09-18,2014,"Logistic",0,0.498019250190955,0
2014-09-19,2014,"Logistic",0,0.530473080956564,1
2014-09-22,2014,"Logistic",0,0.544373743067674,1
2014-09-23,2014,"Logistic",1,0.636074966371027,1
2014-09-24,2014,"Logistic",1,0.561764455122545,1
2014-09-25,2014,"Logistic",0,0.607576773261288,1
2014-09-26,2014,"Logistic",1,0.574880159428706,1
2014-09-29,2014,"Logistic",1,0.580252661233787,1
2014-09-30,2014,"Logistic",0,0.56661752756129,1
2014-10-01,2014,"Logistic",0,0.599607259141928,1
2014-10-02,2014,"Logistic",1,0.615868686367138,1
2014-10-03,2014,"Logistic",0,0.600363780033224,1
2014-10-06,2014,"Logistic",0,0.59249812382071,1
2014-10-07,2014,"Logistic",0,0.616152078374411,1
2014-10-08,2014,"Logistic",0,0.584957515007592,1
2014-10-09,2014,"Logistic",1,0.587531907487538,1
2014-10-10,2014,"Logistic",1,0.57386674704873,1
2014-10-13,2014,"Logistic",1,0.54844006296686,1
2014-10-14,2014,"Logistic",1,0.528221453781891,1
2014-10-15,2014,"Logistic",1,0.635614311313572,1
2014-10-16,2014,"Logistic",1,0.552092929935445,1
2014-10-17,2014,"Logistic",1,0.673273666993887,1
2014-10-20,2014,"Logistic",1,0.668895802788515,1
2014-10-21,2014,"Logistic",1,0.670415543182368,1
2014-10-22,2014,"Logistic",1,0.68106816604238,1
2014-10-23,2014,"Logistic",1,0.652939483032055,1
2014-10-24,2014,"Logistic",1,0.600835457790872,1
2014-10-27,2014,"Logistic",1,0.55971973393355,1
2014-10-28,2014,"Logistic",1,0.520724446584465,1
2014-10-29,2014,"Logistic",1,0.494606763866485,0
2014-10-30,2014,"Logistic",1,0.438241394136534,0
2014-10-31,2014,"Logistic",1,0.475665410656922,0
2014-11-03,2014,"Logistic",1,0.47834464485912,0
2014-11-04,2014,"Logistic",1,0.459043949063825,0
2014-11-05,2014,"Logistic",1,0.457581692495241,0
2014-11-06,2014,"Logistic",1,0.463320635768774,0
2014-11-07,2014,"Logistic",1,0.454593252226032,0
2014-11-10,2014,"Logistic",1,0.483015953297182,0
2014-11-11,2014,"Logistic",1,0.472879688493977,0
2014-11-12,2014,"Logistic",1,0.506427240067819,1
2014-11-13,2014,"Logistic",1,0.49155840388098,0
2014-11-14,2014,"Logistic",1,0.50507750227536,1
2014-11-17,2014,"Logistic",1,0.466160339394518,0
2014-11-18,2014,"Logistic",1,0.442789807746665,0
2014-11-19,2014,"Logistic",1,0.485269965734237,0
2014-11-20,2014,"Logistic",1,0.535502270006908,1
2014-11-21,2014,"Logistic",1,0.492547175356521,0
2014-11-24,2014,"Logistic",1,0.529895307238838,1
2014-11-25,2014,"Logistic",1,0.531117357887995,1
2014-11-26,2014,"Logistic",1,0.555701159058867,1
2014-11-27,2014,"Logistic",1,0.558070642361598,1
2014-11-28,2014,"Logistic",1,0.544116403795078,1
2014-12-01,2014,"Logistic",1,0.513103870415357,1
2014-12-02,2014,"Logistic",1,0.503888059308213,1
2014-12-03,2014,"Logistic",1,0.514125501021709,1
2014-12-04,2014,"Logistic",1,0.502145315380384,1
2014-12-05,2014,"Logistic",1,0.441853921519083,0
2014-12-08,2014,"Logistic",1,0.462256896199961,0
2014-12-09,2014,"Logistic",1,0.545465754081153,1
2014-12-10,2014,"Logistic",1,0.588560127307831,1
2014-12-11,2014,"Logistic",1,0.647489105730102,1
2014-12-12,2014,"Logistic",1,0.675380781493046,1
2014-12-15,2014,"Logistic",1,0.701716885126146,1
2014-12-16,2014,"Logistic",1,0.663740816693934,1
2014-12-17,2014,"Logistic",1,0.663067404804075,1
2014-12-18,2014,"Logistic",1,0.655675231851884,1
2014-12-19,2014,"Logistic",1,0.655059822706237,1
2014-12-22,2014,"Logistic",1,0.664120109226769,1
2014-12-23,2014,"Logistic",1,0.637725939521496,1
2014-12-30,2014,"Logistic",1,0.651342350093851,1
2014-01-03,2014,"DecisionTree",0,0.283185840707965,0
2014-01-06,2014,"DecisionTree",1,0.283185840707965,0
2014-01-07,2014,"DecisionTree",0,0.642857142857143,1
2014-01-08,2014,"DecisionTree",0,0.0882352941176471,0
2014-01-09,2014,"DecisionTree",1,0.283185840707965,0
2014-01-10,2014,"DecisionTree",0,0.283185840707965,0
2014-01-13,2014,"DecisionTree",0,0.869565217391304,1
2014-01-14,2014,"DecisionTree",1,0.0882352941176471,0
2014-01-15,2014,"DecisionTree",0,0.0882352941176471,0
2014-01-16,2014,"DecisionTree",1,0.869565217391304,1
2014-01-17,2014,"DecisionTree",1,0.333333333333333,0
2014-01-20,2014,"DecisionTree",1,0.333333333333333,0
2014-01-21,2014,"DecisionTree",1,0.333333333333333,0
2014-01-22,2014,"DecisionTree",1,0.868852459016393,1
2014-01-23,2014,"DecisionTree",1,0.869565217391304,1
2014-01-24,2014,"DecisionTree",1,0.283185840707965,0
2014-01-27,2014,"DecisionTree",1,0.283185840707965,0
2014-01-28,2014,"DecisionTree",1,0.283185840707965,0
2014-01-29,2014,"DecisionTree",1,0.283185840707965,0
2014-01-30,2014,"DecisionTree",1,0.283185840707965,0
2014-01-31,2014,"DecisionTree",1,0.30952380952381,0
2014-02-03,2014,"DecisionTree",1,0.30952380952381,0
2014-02-04,2014,"DecisionTree",1,0.30952380952381,0
2014-02-05,2014,"DecisionTree",1,0.30952380952381,0
2014-02-06,2014,"DecisionTree",1,0.30952380952381,0
2014-02-07,2014,"DecisionTree",1,0.30952380952381,0
2014-02-10,2014,"DecisionTree",1,0.30952380952381,0
2014-02-11,2014,"DecisionTree",1,0.30952380952381,0
2014-02-12,2014,"DecisionTree",1,0.30952380952381,0
2014-02-13,2014,"DecisionTree",1,0.952380952380952,1
2014-02-14,2014,"DecisionTree",1,0.283185840707965,0
2014-02-18,2014,"DecisionTree",1,0.283185840707965,0
2014-02-19,2014,"DecisionTree",1,0.642857142857143,1
2014-02-20,2014,"DecisionTree",1,0.642857142857143,1
2014-02-21,2014,"DecisionTree",1,0.642857142857143,1
2014-02-24,2014,"DecisionTree",1,0.869565217391304,1
2014-02-25,2014,"DecisionTree",1,0.868852459016393,1
2014-02-26,2014,"DecisionTree",1,0.868852459016393,1
2014-02-27,2014,"DecisionTree",1,0.868852459016393,1
2014-02-28,2014,"DecisionTree",1,0.868852459016393,1
2014-03-03,2014,"DecisionTree",1,0.283185840707965,0
2014-03-04,2014,"DecisionTree",1,0.283185840707965,0
2014-03-05,2014,"DecisionTree",1,0.283185840707965,0
2014-03-06,2014,"DecisionTree",1,0.283185840707965,0
2014-03-07,2014,"DecisionTree",1,0.283185840707965,0
2014-03-10,2014,"DecisionTree",1,0.283185840707965,0
2014-03-11,2014,"DecisionTree",1,0.283185840707965,0
2014-03-12,2014,"DecisionTree",1,0.283185840707965,0
2014-03-13,2014,"DecisionTree",1,0.283185840707965,0
2014-03-14,2014,"DecisionTree",1,0.30952380952381,0
2014-03-17,2014,"DecisionTree",1,0.30952380952381,0
2014-03-18,2014,"DecisionTree",1,0.30952380952381,0
2014-03-19,2014,"DecisionTree",1,0.30952380952381,0
2014-03-20,2014,"DecisionTree",1,0.30952380952381,0
2014-03-21,2014,"DecisionTree",1,0.952380952380952,1
2014-03-24,2014,"DecisionTree",1,0.952380952380952,1
2014-03-25,2014,"DecisionTree",1,0.283185840707965,0
2014-03-26,2014,"DecisionTree",1,0.283185840707965,0
2014-03-27,2014,"DecisionTree",1,0.283185840707965,0
2014-03-28,2014,"DecisionTree",1,0.642857142857143,1
2014-03-31,2014,"DecisionTree",1,0.283185840707965,0
2014-04-01,2014,"DecisionTree",1,0.642857142857143,1
2014-04-02,2014,"DecisionTree",1,0.642857142857143,1
2014-04-03,2014,"DecisionTree",1,0.642857142857143,1
2014-04-04,2014,"DecisionTree",1,0.0882352941176471,0
2014-04-07,2014,"DecisionTree",1,0.869565217391304,1
2014-04-08,2014,"DecisionTree",1,0.283185840707965,0
2014-04-09,2014,"DecisionTree",1,0.869565217391304,1
2014-04-10,2014,"DecisionTree",1,0.283185840707965,0
2014-04-11,2014,"DecisionTree",1,0.283185840707965,0
2014-04-14,2014,"DecisionTree",1,0.283185840707965,0
2014-04-15,2014,"DecisionTree",1,0.283185840707965,0
2014-04-16,2014,"DecisionTree",1,0.283185840707965,0
2014-04-17,2014,"DecisionTree",1,0.283185840707965,0
2014-04-22,2014,"DecisionTree",1,0.283185840707965,0
2014-04-23,2014,"DecisionTree",1,0.283185840707965,0
2014-04-24,2014,"DecisionTree",0,0.283185840707965,0
2014-04-25,2014,"DecisionTree",1,0.283185840707965,0
2014-04-28,2014,"DecisionTree",0,0.283185840707965,0
2014-04-29,2014,"DecisionTree",0,0.283185840707965,0
2014-04-30,2014,"DecisionTree",0,0.283185840707965,0
2014-05-02,2014,"DecisionTree",0,0.283185840707965,0
2014-05-05,2014,"DecisionTree",1,0.283185840707965,0
2014-05-06,2014,"DecisionTree",1,0.283185840707965,0
2014-05-07,2014,"DecisionTree",1,0.283185840707965,0
2014-05-08,2014,"DecisionTree",0,0.283185840707965,0
2014-05-09,2014,"DecisionTree",1,0.283185840707965,0
2014-05-12,2014,"DecisionTree",0,0.283185840707965,0
2014-05-13,2014,"DecisionTree",1,0.283185840707965,0
2014-05-14,2014,"DecisionTree",0,0.283185840707965,0
2014-05-15,2014,"DecisionTree",1,0.283185840707965,0
2014-05-16,2014,"DecisionTree",1,0.869565217391304,1
2014-05-19,2014,"DecisionTree",0,0.283185840707965,0
2014-05-20,2014,"DecisionTree",0,0.869565217391304,1
2014-05-21,2014,"DecisionTree",0,0.283185840707965,0
2014-05-22,2014,"DecisionTree",0,0.868852459016393,1
2014-05-23,2014,"DecisionTree",0,0.868852459016393,1
2014-05-26,2014,"DecisionTree",0,0.868852459016393,1
2014-05-27,2014,"DecisionTree",0,0.868852459016393,1
2014-05-28,2014,"DecisionTree",0,0.868852459016393,1
2014-05-30,2014,"DecisionTree",0,0.868852459016393,1
2014-06-02,2014,"DecisionTree",0,0.868852459016393,1
2014-06-03,2014,"DecisionTree",0,0.868852459016393,1
2014-06-04,2014,"DecisionTree",0,0.868852459016393,1
2014-06-05,2014,"DecisionTree",0,0.868852459016393,1
2014-06-06,2014,"DecisionTree",0,0.868852459016393,1
2014-06-10,2014,"DecisionTree",0,0.868852459016393,1
2014-06-11,2014,"DecisionTree",0,0.868852459016393,1
2014-06-12,2014,"DecisionTree",0,0.868852459016393,1
2014-06-13,2014,"DecisionTree",0,0.868852459016393,1
2014-06-16,2014,"DecisionTree",0,0.868852459016393,1
2014-06-17,2014,"DecisionTree",0,0.868852459016393,1
2014-06-18,2014,"DecisionTree",0,0.868852459016393,1
2014-06-19,2014,"DecisionTree",0,0.868852459016393,1
2014-06-20,2014,"DecisionTree",0,0.868852459016393,1
2014-06-23,2014,"DecisionTree",0,0.868852459016393,1
2014-06-24,2014,"DecisionTree",0,0.868852459016393,1
2014-06-25,2014,"DecisionTree",1,0.868852459016393,1
2014-06-26,2014,"DecisionTree",1,0.868852459016393,1
2014-06-27,2014,"DecisionTree",1,0.868852459016393,1
2014-06-30,2014,"DecisionTree",1,0.868852459016393,1
2014-07-01,2014,"DecisionTree",0,0.868852459016393,1
2014-07-02,2014,"DecisionTree",0,0.868852459016393,1
2014-07-03,2014,"DecisionTree",0,0.868852459016393,1
2014-07-04,2014,"DecisionTree",0,0.868852459016393,1
2014-07-07,2014,"DecisionTree",0,0.868852459016393,1
2014-07-08,2014,"DecisionTree",1,0.868852459016393,1
2014-07-09,2014,"DecisionTree",1,0.868852459016393,1
2014-07-10,2014,"DecisionTree",1,0.952380952380952,1
2014-07-11,2014,"DecisionTree",1,0.952380952380952,1
2014-07-14,2014,"DecisionTree",1,0.952380952380952,1
2014-07-15,2014,"DecisionTree",1,0.952380952380952,1
2014-07-16,2014,"DecisionTree",0,0.952380952380952,1
2014-07-17,2014,"DecisionTree",1,0.952380952380952,1
2014-07-18,2014,"DecisionTree",1,0.952380952380952,1
2014-07-21,2014,"DecisionTree",1,0.952380952380952,1
2014-07-22,2014,"DecisionTree",1,0.952380952380952,1
2014-07-23,2014,"DecisionTree",0,0.952380952380952,1
2014-07-24,2014,"DecisionTree",0,0.283185840707965,0
2014-07-25,2014,"DecisionTree",0,0.283185840707965,0
2014-07-28,2014,"DecisionTree",0,0.283185840707965,0
2014-07-29,2014,"DecisionTree",0,0.283185840707965,0
2014-07-30,2014,"DecisionTree",0,0.283185840707965,0
2014-07-31,2014,"DecisionTree",0,0.283185840707965,0
2014-08-04,2014,"DecisionTree",0,0.283185840707965,0
2014-08-05,2014,"DecisionTree",0,0.283185840707965,0
2014-08-06,2014,"DecisionTree",0,0.283185840707965,0
2014-08-07,2014,"DecisionTree",0,0.30952380952381,0
2014-08-08,2014,"DecisionTree",0,0.30952380952381,0
2014-08-11,2014,"DecisionTree",0,0.30952380952381,0
2014-08-12,2014,"DecisionTree",0,0.30952380952381,0
2014-08-13,2014,"DecisionTree",0,0.30952380952381,0
2014-08-14,2014,"DecisionTree",0,0.30952380952381,0
2014-08-15,2014,"DecisionTree",0,0.30952380952381,0
2014-08-18,2014,"DecisionTree",0,0.30952380952381,0
2014-08-19,2014,"DecisionTree",0,0.952380952380952,1
2014-08-20,2014,"DecisionTree",0,0.952380952380952,1
2014-08-21,2014,"DecisionTree",0,0.952380952380952,1
2014-08-22,2014,"DecisionTree",1,0.283185840707965,0
2014-08-25,2014,"DecisionTree",0,0.283185840707965,0
2014-08-26,2014,"DecisionTree",0,0.283185840707965,0
2014-08-27,2014,"DecisionTree",0,0.283185840707965,0
2014-08-28,2014,"DecisionTree",0,0.283185840707965,0
2014-08-29,2014,"DecisionTree",0,0.283185840707965,0
2014-09-01,2014,"DecisionTree",0,0.283185840707965,0
2014-09-02,2014,"DecisionTree",0,0.283185840707965,0
2014-09-03,2014,"DecisionTree",0,0.0882352941176471,0
2014-09-04,2014,"DecisionTree",0,0.0882352941176471,0
2014-09-05,2014,"DecisionTree",0,0.0882352941176471,0
2014-09-08,2014,"DecisionTree",0,0.0882352941176471,0
2014-09-09,2014,"DecisionTree",0,0.0882352941176471,0
2014-09-10,2014,"DecisionTree",0,0.0882352941176471,0
2014-09-11,2014,"DecisionTree",0,0.283185840707965,0
2014-09-12,2014,"DecisionTree",0,0.869565217391304,1
2014-09-15,2014,"DecisionTree",0,0.333333333333333,0
2014-09-16,2014,"DecisionTree",1,0.869565217391304,1
2014-09-17,2014,"DecisionTree",0,0.333333333333333,0
2014-09-18,2014,"DecisionTree",0,0.333333333333333,0
2014-09-19,2014,"DecisionTree",0,0.333333333333333,0
2014-09-22,2014,"DecisionTree",0,0.868852459016393,1
2014-09-23,2014,"DecisionTree",1,0.868852459016393,1
2014-09-24,2014,"DecisionTree",1,0.333333333333333,0
2014-09-25,2014,"DecisionTree",0,0.333333333333333,0
2014-09-26,2014,"DecisionTree",1,0.869565217391304,1
2014-09-29,2014,"DecisionTree",1,0.283185840707965,0
2014-09-30,2014,"DecisionTree",0,0.283185840707965,0
2014-10-01,2014,"DecisionTree",0,0.283185840707965,0
2014-10-02,2014,"DecisionTree",1,0.283185840707965,0
2014-10-03,2014,"DecisionTree",0,0.952380952380952,1
2014-10-06,2014,"DecisionTree",0,0.952380952380952,1
2014-10-07,2014,"DecisionTree",0,0.30952380952381,0
2014-10-08,2014,"DecisionTree",0,0.30952380952381,0
2014-10-09,2014,"DecisionTree",1,0.30952380952381,0
2014-10-10,2014,"DecisionTree",1,0.30952380952381,0
2014-10-13,2014,"DecisionTree",1,0.30952380952381,0
2014-10-14,2014,"DecisionTree",1,0.30952380952381,0
2014-10-15,2014,"DecisionTree",1,0.181818181818182,0
2014-10-16,2014,"DecisionTree",1,0.30952380952381,0
2014-10-17,2014,"DecisionTree",1,0.890625,1
2014-10-20,2014,"DecisionTree",1,0.890625,1
2014-10-21,2014,"DecisionTree",1,0.890625,1
2014-10-22,2014,"DecisionTree",1,0.890625,1
2014-10-23,2014,"DecisionTree",1,0.890625,1
2014-10-24,2014,"DecisionTree",1,0.890625,1
2014-10-27,2014,"DecisionTree",1,0.890625,1
2014-10-28,2014,"DecisionTree",1,0.890625,1
2014-10-29,2014,"DecisionTree",1,0.890625,1
2014-10-30,2014,"DecisionTree",1,0.890625,1
2014-10-31,2014,"DecisionTree",1,0.166666666666667,0
2014-11-03,2014,"DecisionTree",1,0.890625,1
2014-11-04,2014,"DecisionTree",1,0.890625,1
2014-11-05,2014,"DecisionTree",1,0.166666666666667,0
2014-11-06,2014,"DecisionTree",1,0.166666666666667,0
2014-11-07,2014,"DecisionTree",1,0.166666666666667,0
2014-11-10,2014,"DecisionTree",1,0.166666666666667,0
2014-11-11,2014,"DecisionTree",1,0.888888888888889,1
2014-11-12,2014,"DecisionTree",1,0.166666666666667,0
2014-11-13,2014,"DecisionTree",1,0.166666666666667,0
2014-11-14,2014,"DecisionTree",1,0.743243243243243,1
2014-11-17,2014,"DecisionTree",1,0.743243243243243,1
2014-11-18,2014,"DecisionTree",1,0.743243243243243,1
2014-11-19,2014,"DecisionTree",1,0.743243243243243,1
2014-11-20,2014,"DecisionTree",1,0.743243243243243,1
2014-11-21,2014,"DecisionTree",1,0.0882352941176471,0
2014-11-24,2014,"DecisionTree",1,0.0882352941176471,0
2014-11-25,2014,"DecisionTree",1,0.0882352941176471,0
2014-11-26,2014,"DecisionTree",1,0.0882352941176471,0
2014-11-27,2014,"DecisionTree",1,0.0882352941176471,0
2014-11-28,2014,"DecisionTree",1,0.0882352941176471,0
2014-12-01,2014,"DecisionTree",1,0.0882352941176471,0
2014-12-02,2014,"DecisionTree",1,0.0882352941176471,0
2014-12-03,2014,"DecisionTree",1,0.0882352941176471,0
2014-12-04,2014,"DecisionTree",1,0.161290322580645,0
2014-12-05,2014,"DecisionTree",1,0.0882352941176471,0
2014-12-08,2014,"DecisionTree",1,0.161290322580645,0
2014-12-09,2014,"DecisionTree",1,0.978723404255319,1
2014-12-10,2014,"DecisionTree",1,0.743243243243243,1
2014-12-11,2014,"DecisionTree",1,0.743243243243243,1
2014-12-12,2014,"DecisionTree",1,0.903225806451613,1
2014-12-15,2014,"DecisionTree",1,0.903225806451613,1
2014-12-16,2014,"DecisionTree",1,0.903225806451613,1
2014-12-17,2014,"DecisionTree",1,0.903225806451613,1
2014-12-18,2014,"DecisionTree",1,0.978723404255319,1
2014-12-19,2014,"DecisionTree",1,0.978723404255319,1
2014-12-22,2014,"DecisionTree",1,0.978723404255319,1
2014-12-23,2014,"DecisionTree",1,0.978723404255319,1
2014-12-30,2014,"DecisionTree",1,0.978723404255319,1
2014-01-03,2014,"RandomForest",0,0.55,1
2014-01-06,2014,"RandomForest",1,0.484,0
2014-01-07,2014,"RandomForest",0,0.63,1
2014-01-08,2014,"RandomForest",0,0.508,1
2014-01-09,2014,"RandomForest",1,0.466,0
2014-01-10,2014,"RandomForest",0,0.556,1
2014-01-13,2014,"RandomForest",0,0.62,1
2014-01-14,2014,"RandomForest",1,0.448,0
2014-01-15,2014,"RandomForest",0,0.354,0
2014-01-16,2014,"RandomForest",1,0.642,1
2014-01-17,2014,"RandomForest",1,0.614,1
2014-01-20,2014,"RandomForest",1,0.58,1
2014-01-21,2014,"RandomForest",1,0.708,1
2014-01-22,2014,"RandomForest",1,0.712,1
2014-01-23,2014,"RandomForest",1,0.57,1
2014-01-24,2014,"RandomForest",1,0.32,0
2014-01-27,2014,"RandomForest",1,0.418,0
2014-01-28,2014,"RandomForest",1,0.328,0
2014-01-29,2014,"RandomForest",1,0.612,1
2014-01-30,2014,"RandomForest",1,0.612,1
2014-01-31,2014,"RandomForest",1,0.566,1
2014-02-03,2014,"RandomForest",1,0.42,0
2014-02-04,2014,"RandomForest",1,0.258,0
2014-02-05,2014,"RandomForest",1,0.296,0
2014-02-06,2014,"RandomForest",1,0.66,1
2014-02-07,2014,"RandomForest",1,0.774,1
2014-02-10,2014,"RandomForest",1,0.732,1
2014-02-11,2014,"RandomForest",1,0.666,1
2014-02-12,2014,"RandomForest",1,0.624,1
2014-02-13,2014,"RandomForest",1,0.7,1
2014-02-14,2014,"RandomForest",1,0.654,1
2014-02-18,2014,"RandomForest",1,0.61,1
2014-02-19,2014,"RandomForest",1,0.534,1
2014-02-20,2014,"RandomForest",1,0.51,1
2014-02-21,2014,"RandomForest",1,0.556,1
2014-02-24,2014,"RandomForest",1,0.778,1
2014-02-25,2014,"RandomForest",1,0.778,1
2014-02-26,2014,"RandomForest",1,0.642,1
2014-02-27,2014,"RandomForest",1,0.728,1
2014-02-28,2014,"RandomForest",1,0.692,1
2014-03-03,2014,"RandomForest",1,0.274,0
2014-03-04,2014,"RandomForest",1,0.398,0
2014-03-05,2014,"RandomForest",1,0.33,0
2014-03-06,2014,"RandomForest",1,0.352,0
2014-03-07,2014,"RandomForest",1,0.342,0
2014-03-10,2014,"RandomForest",1,0.372,0
2014-03-11,2014,"RandomForest",1,0.304,0
2014-03-12,2014,"RandomForest",1,0.31,0
2014-03-13,2014,"RandomForest",1,0.528,1
2014-03-14,2014,"RandomForest",1,0.382,0
2014-03-17,2014,"RandomForest",1,0.646,1
2014-03-18,2014,"RandomForest",1,0.63,1
2014-03-19,2014,"RandomForest",1,0.628,1
2014-03-20,2014,"RandomForest",1,0.628,1
2014-03-21,2014,"RandomForest",1,0.604,1
2014-03-24,2014,"RandomForest",1,0.642,1
2014-03-25,2014,"RandomForest",1,0.502,1
2014-03-26,2014,"RandomForest",1,0.538,1
2014-03-27,2014,"RandomForest",1,0.364,0
2014-03-28,2014,"RandomForest",1,0.524,1
2014-03-31,2014,"RandomForest",1,0.358,0
2014-04-01,2014,"RandomForest",1,0.536,1
2014-04-02,2014,"RandomForest",1,0.428,0
2014-04-03,2014,"RandomForest",1,0.458,0
2014-04-04,2014,"RandomForest",1,0.348,0
2014-04-07,2014,"RandomForest",1,0.568,1
2014-04-08,2014,"RandomForest",1,0.296,0
2014-04-09,2014,"RandomForest",1,0.466,0
2014-04-10,2014,"RandomForest",1,0.378,0
2014-04-11,2014,"RandomForest",1,0.352,0
2014-04-14,2014,"RandomForest",1,0.396,0
2014-04-15,2014,"RandomForest",1,0.248,0
2014-04-16,2014,"RandomForest",1,0.316,0
2014-04-17,2014,"RandomForest",1,0.318,0
2014-04-22,2014,"RandomForest",1,0.57,1
2014-04-23,2014,"RandomForest",1,0.566,1
2014-04-24,2014,"RandomForest",0,0.582,1
2014-04-25,2014,"RandomForest",1,0.47,0
2014-04-28,2014,"RandomForest",0,0.482,0
2014-04-29,2014,"RandomForest",0,0.308,0
2014-04-30,2014,"RandomForest",0,0.402,0
2014-05-02,2014,"RandomForest",0,0.404,0
2014-05-05,2014,"RandomForest",1,0.442,0
2014-05-06,2014,"RandomForest",1,0.374,0
2014-05-07,2014,"RandomForest",1,0.352,0
2014-05-08,2014,"RandomForest",0,0.338,0
2014-05-09,2014,"RandomForest",1,0.332,0
2014-05-12,2014,"RandomForest",0,0.358,0
2014-05-13,2014,"RandomForest",1,0.392,0
2014-05-14,2014,"RandomForest",0,0.55,1
2014-05-15,2014,"RandomForest",1,0.38,0
2014-05-16,2014,"RandomForest",1,0.55,1
2014-05-19,2014,"RandomForest",0,0.47,0
2014-05-20,2014,"RandomForest",0,0.638,1
2014-05-21,2014,"RandomForest",0,0.478,0
2014-05-22,2014,"RandomForest",0,0.638,1
2014-05-23,2014,"RandomForest",0,0.666,1
2014-05-26,2014,"RandomForest",0,0.704,1
2014-05-27,2014,"RandomForest",0,0.734,1
2014-05-28,2014,"RandomForest",0,0.79,1
2014-05-30,2014,"RandomForest",0,0.758,1
2014-06-02,2014,"RandomForest",0,0.718,1
2014-06-03,2014,"RandomForest",0,0.728,1
2014-06-04,2014,"RandomForest",0,0.642,1
2014-06-05,2014,"RandomForest",0,0.584,1
2014-06-06,2014,"RandomForest",0,0.83,1
2014-06-10,2014,"RandomForest",0,0.89,1
2014-06-11,2014,"RandomForest",0,0.704,1
2014-06-12,2014,"RandomForest",0,0.766,1
2014-06-13,2014,"RandomForest",0,0.732,1
2014-06-16,2014,"RandomForest",0,0.592,1
2014-06-17,2014,"RandomForest",0,0.618,1
2014-06-18,2014,"RandomForest",0,0.602,1
2014-06-19,2014,"RandomForest",0,0.736,1
2014-06-20,2014,"RandomForest",0,0.632,1
2014-06-23,2014,"RandomForest",0,0.628,1
2014-06-24,2014,"RandomForest",0,0.654,1
2014-06-25,2014,"RandomForest",1,0.592,1
2014-06-26,2014,"RandomForest",1,0.654,1
2014-06-27,2014,"RandomForest",1,0.668,1
2014-06-30,2014,"RandomForest",1,0.73,1
2014-07-01,2014,"RandomForest",0,0.592,1
2014-07-02,2014,"RandomForest",0,0.634,1
2014-07-03,2014,"RandomForest",0,0.758,1
2014-07-04,2014,"RandomForest",0,0.654,1
2014-07-07,2014,"RandomForest",0,0.682,1
2014-07-08,2014,"RandomForest",1,0.86,1
2014-07-09,2014,"RandomForest",1,0.78,1
2014-07-10,2014,"RandomForest",1,0.474,0
2014-07-11,2014,"RandomForest",1,0.566,1
2014-07-14,2014,"RandomForest",1,0.686,1
2014-07-15,2014,"RandomForest",1,0.696,1
2014-07-16,2014,"RandomForest",0,0.798,1
2014-07-17,2014,"RandomForest",1,0.73,1
2014-07-18,2014,"RandomForest",1,0.8,1
2014-07-21,2014,"RandomForest",1,0.626,1
2014-07-22,2014,"RandomForest",1,0.84,1
2014-07-23,2014,"RandomForest",0,0.86,1
2014-07-24,2014,"RandomForest",0,0.706,1
2014-07-25,2014,"RandomForest",0,0.828,1
2014-07-28,2014,"RandomForest",0,0.842,1
2014-07-29,2014,"RandomForest",0,0.754,1
2014-07-30,2014,"RandomForest",0,0.862,1
2014-07-31,2014,"RandomForest",0,0.582,1
2014-08-04,2014,"RandomForest",0,0.274,0
2014-08-05,2014,"RandomForest",0,0.258,0
2014-08-06,2014,"RandomForest",0,0.442,0
2014-08-07,2014,"RandomForest",0,0.5,1
2014-08-08,2014,"RandomForest",0,0.368,0
2014-08-11,2014,"RandomForest",0,0.274,0
2014-08-12,2014,"RandomForest",0,0.236,0
2014-08-13,2014,"RandomForest",0,0.344,0
2014-08-14,2014,"RandomForest",0,0.376,0
2014-08-15,2014,"RandomForest",0,0.274,0
2014-08-18,2014,"RandomForest",0,0.558,1
2014-08-19,2014,"RandomForest",0,0.666,1
2014-08-20,2014,"RandomForest",0,0.69,1
2014-08-21,2014,"RandomForest",0,0.57,1
2014-08-22,2014,"RandomForest",1,0.604,1
2014-08-25,2014,"RandomForest",0,0.516,1
2014-08-26,2014,"RandomForest",0,0.364,0
2014-08-27,2014,"RandomForest",0,0.552,1
2014-08-28,2014,"RandomForest",0,0.442,0
2014-08-29,2014,"RandomForest",0,0.418,0
2014-09-01,2014,"RandomForest",0,0.404,0
2014-09-02,2014,"RandomForest",0,0.41,0
2014-09-03,2014,"RandomForest",0,0.3,0
2014-09-04,2014,"RandomForest",0,0.134,0
2014-09-05,2014,"RandomForest",0,0.148,0
2014-09-08,2014,"RandomForest",0,0.152,0
2014-09-09,2014,"RandomForest",0,0.236,0
2014-09-10,2014,"RandomForest",0,0.218,0
2014-09-11,2014,"RandomForest",0,0.28,0
2014-09-12,2014,"RandomForest",0,0.48,0
2014-09-15,2014,"RandomForest",0,0.478,0
2014-09-16,2014,"RandomForest",1,0.456,0
2014-09-17,2014,"RandomForest",0,0.44,0
2014-09-18,2014,"RandomForest",0,0.532,1
2014-09-19,2014,"RandomForest",0,0.526,1
2014-09-22,2014,"RandomForest",0,0.636,1
2014-09-23,2014,"RandomForest",1,0.58,1
2014-09-24,2014,"RandomForest",1,0.426,0
2014-09-25,2014,"RandomForest",0,0.596,1
2014-09-26,2014,"RandomForest",1,0.588,1
2014-09-29,2014,"RandomForest",1,0.306,0
2014-09-30,2014,"RandomForest",0,0.35,0
2014-10-01,2014,"RandomForest",0,0.462,0
2014-10-02,2014,"RandomForest",1,0.442,0
2014-10-03,2014,"RandomForest",0,0.694,1
2014-10-06,2014,"RandomForest",0,0.644,1
2014-10-07,2014,"RandomForest",0,0.558,1
2014-10-08,2014,"RandomForest",0,0.462,0
2014-10-09,2014,"RandomForest",1,0.286,0
2014-10-10,2014,"RandomForest",1,0.65,1
2014-10-13,2014,"RandomForest",1,0.614,1
2014-10-14,2014,"RandomForest",1,0.38,0
2014-10-15,2014,"RandomForest",1,0.634,1
2014-10-16,2014,"RandomForest",1,0.632,1
2014-10-17,2014,"RandomForest",1,0.774,1
2014-10-20,2014,"RandomForest",1,0.684,1
2014-10-21,2014,"RandomForest",1,0.654,1
2014-10-22,2014,"RandomForest",1,0.744,1
2014-10-23,2014,"RandomForest",1,0.708,1
2014-10-24,2014,"RandomForest",1,0.772,1
2014-10-27,2014,"RandomForest",1,0.642,1
2014-10-28,2014,"RandomForest",1,0.79,1
2014-10-29,2014,"RandomForest",1,0.688,1
2014-10-30,2014,"RandomForest",1,0.642,1
2014-10-31,2014,"RandomForest",1,0.528,1
2014-11-03,2014,"RandomForest",1,0.844,1
2014-11-04,2014,"RandomForest",1,0.694,1
2014-11-05,2014,"RandomForest",1,0.766,1
2014-11-06,2014,"RandomForest",1,0.692,1
2014-11-07,2014,"RandomForest",1,0.686,1
2014-11-10,2014,"RandomForest",1,0.742,1
2014-11-11,2014,"RandomForest",1,0.652,1
2014-11-12,2014,"RandomForest",1,0.654,1
2014-11-13,2014,"RandomForest",1,0.668,1
2014-11-14,2014,"RandomForest",1,0.618,1
2014-11-17,2014,"RandomForest",1,0.434,0
2014-11-18,2014,"RandomForest",1,0.494,0
2014-11-19,2014,"RandomForest",1,0.462,0
2014-11-20,2014,"RandomForest",1,0.538,1
2014-11-21,2014,"RandomForest",1,0.362,0
2014-11-24,2014,"RandomForest",1,0.252,0
2014-11-25,2014,"RandomForest",1,0.162,0
2014-11-26,2014,"RandomForest",1,0.176,0
2014-11-27,2014,"RandomForest",1,0.13,0
2014-11-28,2014,"RandomForest",1,0.11,0
2014-12-01,2014,"RandomForest",1,0.09,0
2014-12-02,2014,"RandomForest",1,0.072,0
2014-12-03,2014,"RandomForest",1,0.102,0
2014-12-04,2014,"RandomForest",1,0.292,0
2014-12-05,2014,"RandomForest",1,0.04,0
2014-12-08,2014,"RandomForest",1,0.306,0
2014-12-09,2014,"RandomForest",1,0.892,1
2014-12-10,2014,"RandomForest",1,0.884,1
2014-12-11,2014,"RandomForest",1,0.784,1
2014-12-12,2014,"RandomForest",1,0.852,1
2014-12-15,2014,"RandomForest",1,0.574,1
2014-12-16,2014,"RandomForest",1,0.814,1
2014-12-17,2014,"RandomForest",1,0.808,1
2014-12-18,2014,"RandomForest",1,0.924,1
2014-12-19,2014,"RandomForest",1,0.912,1
2014-12-22,2014,"RandomForest",1,0.882,1
2014-12-23,2014,"RandomForest",1,0.892,1
2014-12-30,2014,"RandomForest",1,0.912,1
2014-01-03,2014,"Random",0,0.598802395209581,1
2014-01-06,2014,"Random",1,0.598802395209581,0
2014-01-07,2014,"Random",0,0.598802395209581,0
2014-01-08,2014,"Random",0,0.598802395209581,1
2014-01-09,2014,"Random",1,0.598802395209581,1
2014-01-10,2014,"Random",0,0.598802395209581,1
2014-01-13,2014,"Random",0,0.598802395209581,0
2014-01-14,2014,"Random",1,0.598802395209581,1
2014-01-15,2014,"Random",0,0.598802395209581,0
2014-01-16,2014,"Random",1,0.598802395209581,1
2014-01-17,2014,"Random",1,0.598802395209581,1
2014-01-20,2014,"Random",1,0.598802395209581,1
2014-01-21,2014,"Random",1,0.598802395209581,0
2014-01-22,2014,"Random",1,0.598802395209581,1
2014-01-23,2014,"Random",1,0.598802395209581,0
2014-01-24,2014,"Random",1,0.598802395209581,0
2014-01-27,2014,"Random",1,0.598802395209581,0
2014-01-28,2014,"Random",1,0.598802395209581,0
2014-01-29,2014,"Random",1,0.598802395209581,0
2014-01-30,2014,"Random",1,0.598802395209581,1
2014-01-31,2014,"Random",1,0.598802395209581,0
2014-02-03,2014,"Random",1,0.598802395209581,1
2014-02-04,2014,"Random",1,0.598802395209581,1
2014-02-05,2014,"Random",1,0.598802395209581,1
2014-02-06,2014,"Random",1,0.598802395209581,0
2014-02-07,2014,"Random",1,0.598802395209581,0
2014-02-10,2014,"Random",1,0.598802395209581,1
2014-02-11,2014,"Random",1,0.598802395209581,0
2014-02-12,2014,"Random",1,0.598802395209581,1
2014-02-13,2014,"Random",1,0.598802395209581,0
2014-02-14,2014,"Random",1,0.598802395209581,0
2014-02-18,2014,"Random",1,0.598802395209581,0
2014-02-19,2014,"Random",1,0.598802395209581,1
2014-02-20,2014,"Random",1,0.598802395209581,0
2014-02-21,2014,"Random",1,0.598802395209581,1
2014-02-24,2014,"Random",1,0.598802395209581,1
2014-02-25,2014,"Random",1,0.598802395209581,0
2014-02-26,2014,"Random",1,0.598802395209581,0
2014-02-27,2014,"Random",1,0.598802395209581,1
2014-02-28,2014,"Random",1,0.598802395209581,1
2014-03-03,2014,"Random",1,0.598802395209581,1
2014-03-04,2014,"Random",1,0.598802395209581,1
2014-03-05,2014,"Random",1,0.598802395209581,1
2014-03-06,2014,"Random",1,0.598802395209581,1
2014-03-07,2014,"Random",1,0.598802395209581,1
2014-03-10,2014,"Random",1,0.598802395209581,1
2014-03-11,2014,"Random",1,0.598802395209581,1
2014-03-12,2014,"Random",1,0.598802395209581,1
2014-03-13,2014,"Random",1,0.598802395209581,1
2014-03-14,2014,"Random",1,0.598802395209581,0
2014-03-17,2014,"Random",1,0.598802395209581,1
2014-03-18,2014,"Random",1,0.598802395209581,0
2014-03-19,2014,"Random",1,0.598802395209581,0
2014-03-20,2014,"Random",1,0.598802395209581,1
2014-03-21,2014,"Random",1,0.598802395209581,0
2014-03-24,2014,"Random",1,0.598802395209581,0
2014-03-25,2014,"Random",1,0.598802395209581,1
2014-03-26,2014,"Random",1,0.598802395209581,1
2014-03-27,2014,"Random",1,0.598802395209581,1
2014-03-28,2014,"Random",1,0.598802395209581,1
2014-03-31,2014,"Random",1,0.598802395209581,0
2014-04-01,2014,"Random",1,0.598802395209581,1
2014-04-02,2014,"Random",1,0.598802395209581,1
2014-04-03,2014,"Random",1,0.598802395209581,0
2014-04-04,2014,"Random",1,0.598802395209581,0
2014-04-07,2014,"Random",1,0.598802395209581,1
2014-04-08,2014,"Random",1,0.598802395209581,0
2014-04-09,2014,"Random",1,0.598802395209581,1
2014-04-10,2014,"Random",1,0.598802395209581,1
2014-04-11,2014,"Random",1,0.598802395209581,1
2014-04-14,2014,"Random",1,0.598802395209581,0
2014-04-15,2014,"Random",1,0.598802395209581,1
2014-04-16,2014,"Random",1,0.598802395209581,0
2014-04-17,2014,"Random",1,0.598802395209581,1
2014-04-22,2014,"Random",1,0.598802395209581,1
2014-04-23,2014,"Random",1,0.598802395209581,1
2014-04-24,2014,"Random",0,0.598802395209581,1
2014-04-25,2014,"Random",1,0.598802395209581,1
2014-04-28,2014,"Random",0,0.598802395209581,1
2014-04-29,2014,"Random",0,0.598802395209581,1
2014-04-30,2014,"Random",0,0.598802395209581,0
2014-05-02,2014,"Random",0,0.598802395209581,1
2014-05-05,2014,"Random",1,0.598802395209581,0
2014-05-06,2014,"Random",1,0.598802395209581,1
2014-05-07,2014,"Random",1,0.598802395209581,1
2014-05-08,2014,"Random",0,0.598802395209581,1
2014-05-09,2014,"Random",1,0.598802395209581,1
2014-05-12,2014,"Random",0,0.598802395209581,0
2014-05-13,2014,"Random",1,0.598802395209581,1
2014-05-14,2014,"Random",0,0.598802395209581,1
2014-05-15,2014,"Random",1,0.598802395209581,0
2014-05-16,2014,"Random",1,0.598802395209581,0
2014-05-19,2014,"Random",0,0.598802395209581,1
2014-05-20,2014,"Random",0,0.598802395209581,1
2014-05-21,2014,"Random",0,0.598802395209581,1
2014-05-22,2014,"Random",0,0.598802395209581,1
2014-05-23,2014,"Random",0,0.598802395209581,1
2014-05-26,2014,"Random",0,0.598802395209581,1
2014-05-27,2014,"Random",0,0.598802395209581,1
2014-05-28,2014,"Random",0,0.598802395209581,1
2014-05-30,2014,"Random",0,0.598802395209581,0
2014-06-02,2014,"Random",0,0.598802395209581,1
2014-06-03,2014,"Random",0,0.598802395209581,1
2014-06-04,2014,"Random",0,0.598802395209581,1
2014-06-05,2014,"Random",0,0.598802395209581,1
2014-06-06,2014,"Random",0,0.598802395209581,1
2014-06-10,2014,"Random",0,0.598802395209581,0
2014-06-11,2014,"Random",0,0.598802395209581,1
2014-06-12,2014,"Random",0,0.598802395209581,1
2014-06-13,2014,"Random",0,0.598802395209581,1
2014-06-16,2014,"Random",0,0.598802395209581,0
2014-06-17,2014,"Random",0,0.598802395209581,0
2014-06-18,2014,"Random",0,0.598802395209581,1
2014-06-19,2014,"Random",0,0.598802395209581,1
2014-06-20,2014,"Random",0,0.598802395209581,0
2014-06-23,2014,"Random",0,0.598802395209581,0
2014-06-24,2014,"Random",0,0.598802395209581,0
2014-06-25,2014,"Random",1,0.598802395209581,0
2014-06-26,2014,"Random",1,0.598802395209581,1
2014-06-27,2014,"Random",1,0.598802395209581,1
2014-06-30,2014,"Random",1,0.598802395209581,1
2014-07-01,2014,"Random",0,0.598802395209581,1
2014-07-02,2014,"Random",0,0.598802395209581,1
2014-07-03,2014,"Random",0,0.598802395209581,1
2014-07-04,2014,"Random",0,0.598802395209581,1
2014-07-07,2014,"Random",0,0.598802395209581,1
2014-07-08,2014,"Random",1,0.598802395209581,1
2014-07-09,2014,"Random",1,0.598802395209581,0
2014-07-10,2014,"Random",1,0.598802395209581,0
2014-07-11,2014,"Random",1,0.598802395209581,0
2014-07-14,2014,"Random",1,0.598802395209581,1
2014-07-15,2014,"Random",1,0.598802395209581,1
2014-07-16,2014,"Random",0,0.598802395209581,0
2014-07-17,2014,"Random",1,0.598802395209581,1
2014-07-18,2014,"Random",1,0.598802395209581,0
2014-07-21,2014,"Random",1,0.598802395209581,1
2014-07-22,2014,"Random",1,0.598802395209581,1
2014-07-23,2014,"Random",0,0.598802395209581,1
2014-07-24,2014,"Random",0,0.598802395209581,0
2014-07-25,2014,"Random",0,0.598802395209581,1
2014-07-28,2014,"Random",0,0.598802395209581,0
2014-07-29,2014,"Random",0,0.598802395209581,1
2014-07-30,2014,"Random",0,0.598802395209581,1
2014-07-31,2014,"Random",0,0.598802395209581,1
2014-08-04,2014,"Random",0,0.598802395209581,1
2014-08-05,2014,"Random",0,0.598802395209581,1
2014-08-06,2014,"Random",0,0.598802395209581,1
2014-08-07,2014,"Random",0,0.598802395209581,0
2014-08-08,2014,"Random",0,0.598802395209581,1
2014-08-11,2014,"Random",0,0.598802395209581,0
2014-08-12,2014,"Random",0,0.598802395209581,0
2014-08-13,2014,"Random",0,0.598802395209581,0
2014-08-14,2014,"Random",0,0.598802395209581,1
2014-08-15,2014,"Random",0,0.598802395209581,1
2014-08-18,2014,"Random",0,0.598802395209581,0
2014-08-19,2014,"Random",0,0.598802395209581,0
2014-08-20,2014,"Random",0,0.598802395209581,1
2014-08-21,2014,"Random",0,0.598802395209581,0
2014-08-22,2014,"Random",1,0.598802395209581,0
2014-08-25,2014,"Random",0,0.598802395209581,1
2014-08-26,2014,"Random",0,0.598802395209581,0
2014-08-27,2014,"Random",0,0.598802395209581,0
2014-08-28,2014,"Random",0,0.598802395209581,1
2014-08-29,2014,"Random",0,0.598802395209581,1
2014-09-01,2014,"Random",0,0.598802395209581,1
2014-09-02,2014,"Random",0,0.598802395209581,1
2014-09-03,2014,"Random",0,0.598802395209581,1
2014-09-04,2014,"Random",0,0.598802395209581,1
2014-09-05,2014,"Random",0,0.598802395209581,0
2014-09-08,2014,"Random",0,0.598802395209581,1
2014-09-09,2014,"Random",0,0.598802395209581,1
2014-09-10,2014,"Random",0,0.598802395209581,1
2014-09-11,2014,"Random",0,0.598802395209581,0
2014-09-12,2014,"Random",0,0.598802395209581,1
2014-09-15,2014,"Random",0,0.598802395209581,1
2014-09-16,2014,"Random",1,0.598802395209581,1
2014-09-17,2014,"Random",0,0.598802395209581,0
2014-09-18,2014,"Random",0,0.598802395209581,1
2014-09-19,2014,"Random",0,0.598802395209581,0
2014-09-22,2014,"Random",0,0.598802395209581,1
2014-09-23,2014,"Random",1,0.598802395209581,0
2014-09-24,2014,"Random",1,0.598802395209581,0
2014-09-25,2014,"Random",0,0.598802395209581,1
2014-09-26,2014,"Random",1,0.598802395209581,1
2014-09-29,2014,"Random",1,0.598802395209581,1
2014-09-30,2014,"Random",0,0.598802395209581,1
2014-10-01,2014,"Random",0,0.598802395209581,1
2014-10-02,2014,"Random",1,0.598802395209581,0
2014-10-03,2014,"Random",0,0.598802395209581,0
2014-10-06,2014,"Random",0,0.598802395209581,0
2014-10-07,2014,"Random",0,0.598802395209581,0
2014-10-08,2014,"Random",0,0.598802395209581,1
2014-10-09,2014,"Random",1,0.598802395209581,0
2014-10-10,2014,"Random",1,0.598802395209581,1
2014-10-13,2014,"Random",1,0.598802395209581,1
2014-10-14,2014,"Random",1,0.598802395209581,1
2014-10-15,2014,"Random",1,0.598802395209581,1
2014-10-16,2014,"Random",1,0.598802395209581,1
2014-10-17,2014,"Random",1,0.598802395209581,1
2014-10-20,2014,"Random",1,0.598802395209581,0
2014-10-21,2014,"Random",1,0.598802395209581,0
2014-10-22,2014,"Random",1,0.598802395209581,0
2014-10-23,2014,"Random",1,0.598802395209581,0
2014-10-24,2014,"Random",1,0.598802395209581,0
2014-10-27,2014,"Random",1,0.598802395209581,1
2014-10-28,2014,"Random",1,0.598802395209581,1
2014-10-29,2014,"Random",1,0.598802395209581,1
2014-10-30,2014,"Random",1,0.598802395209581,0
2014-10-31,2014,"Random",1,0.598802395209581,0
2014-11-03,2014,"Random",1,0.598802395209581,0
2014-11-04,2014,"Random",1,0.598802395209581,0
2014-11-05,2014,"Random",1,0.598802395209581,1
2014-11-06,2014,"Random",1,0.598802395209581,1
2014-11-07,2014,"Random",1,0.598802395209581,0
2014-11-10,2014,"Random",1,0.598802395209581,0
2014-11-11,2014,"Random",1,0.598802395209581,1
2014-11-12,2014,"Random",1,0.598802395209581,1
2014-11-13,2014,"Random",1,0.598802395209581,1
2014-11-14,2014,"Random",1,0.598802395209581,0
2014-11-17,2014,"Random",1,0.598802395209581,1
2014-11-18,2014,"Random",1,0.598802395209581,1
2014-11-19,2014,"Random",1,0.598802395209581,1
2014-11-20,2014,"Random",1,0.598802395209581,1
2014-11-21,2014,"Random",1,0.598802395209581,1
2014-11-24,2014,"Random",1,0.598802395209581,1
2014-11-25,2014,"Random",1,0.598802395209581,0
2014-11-26,2014,"Random",1,0.598802395209581,1
2014-11-27,2014,"Random",1,0.598802395209581,1
2014-11-28,2014,"Random",1,0.598802395209581,0
2014-12-01,2014,"Random",1,0.598802395209581,1
2014-12-02,2014,"Random",1,0.598802395209581,1
2014-12-03,2014,"Random",1,0.598802395209581,1
2014-12-04,2014,"Random",1,0.598802395209581,0
2014-12-05,2014,"Random",1,0.598802395209581,0
2014-12-08,2014,"Random",1,0.598802395209581,1
2014-12-09,2014,"Random",1,0.598802395209581,0
2014-12-10,2014,"Random",1,0.598802395209581,1
2014-12-11,2014,"Random",1,0.598802395209581,1
2014-12-12,2014,"Random",1,0.598802395209581,1
2014-12-15,2014,"Random",1,0.598802395209581,1
2014-12-16,2014,"Random",1,0.598802395209581,0
2014-12-17,2014,"Random",1,0.598802395209581,0
2014-12-18,2014,"Random",1,0.598802395209581,1
2014-12-19,2014,"Random",1,0.598802395209581,1
2014-12-22,2014,"Random",1,0.598802395209581,0
2014-12-23,2014,"Random",1,0.598802395209581,1
2014-12-30,2014,"Random",1,0.598802395209581,1
2015-01-05,2015,"Logistic",1,0.795894426206651,1
2015-01-07,2015,"Logistic",1,0.785171385569208,1
2015-01-08,2015,"Logistic",1,0.737031016116805,1
2015-01-09,2015,"Logistic",1,0.808862343849772,1
2015-01-12,2015,"Logistic",1,0.791080109576413,1
2015-01-13,2015,"Logistic",1,0.759436575340261,1
2015-01-14,2015,"Logistic",1,0.787731908033636,1
2015-01-15,2015,"Logistic",1,0.694348809398446,1
2015-01-16,2015,"Logistic",1,0.63391175736057,1
2015-01-19,2015,"Logistic",1,0.628827971059831,1
2015-01-20,2015,"Logistic",1,0.624381175933499,1
2015-01-21,2015,"Logistic",1,0.590133643710716,1
2015-01-22,2015,"Logistic",1,0.515521218486365,1
2015-01-23,2015,"Logistic",1,0.526967802664079,1
2015-01-26,2015,"Logistic",1,0.520424629371412,1
2015-01-27,2015,"Logistic",1,0.551094124994964,1
2015-01-28,2015,"Logistic",1,0.578499596650237,1
2015-01-29,2015,"Logistic",1,0.566891372012161,1
2015-01-30,2015,"Logistic",1,0.566511945403002,1
2015-02-02,2015,"Logistic",1,0.528236016120441,1
2015-02-03,2015,"Logistic",1,0.457590918139017,0
2015-02-04,2015,"Logistic",1,0.505285561651661,1
2015-02-05,2015,"Logistic",1,0.513501674309757,1
2015-02-06,2015,"Logistic",1,0.473291253382758,0
2015-02-09,2015,"Logistic",1,0.533075714334628,1
2015-02-10,2015,"Logistic",1,0.517071766379163,1
2015-02-11,2015,"Logistic",1,0.568830784560428,1
2015-02-12,2015,"Logistic",1,0.505848635264238,1
2015-02-13,2015,"Logistic",1,0.524067640149653,1
2015-02-16,2015,"Logistic",1,0.584900293106461,1
2015-02-17,2015,"Logistic",1,0.575997081783772,1
2015-02-18,2015,"Logistic",1,0.567875368615106,1
2015-02-19,2015,"Logistic",1,0.558794146945273,1
2015-02-20,2015,"Logistic",1,0.552133807358204,1
2015-02-23,2015,"Logistic",1,0.580328660169811,1
2015-02-24,2015,"Logistic",1,0.556585716596538,1
2015-02-25,2015,"Logistic",1,0.554634893379252,1
2015-02-26,2015,"Logistic",0,0.540601989791902,1
2015-02-27,2015,"Logistic",0,0.53077660375382,1
2015-03-02,2015,"Logistic",0,0.55340085405062,1
2015-03-03,2015,"Logistic",1,0.556597087105582,1
2015-03-04,2015,"Logistic",1,0.528272304451727,1
2015-03-05,2015,"Logistic",1,0.493960427801595,0
2015-03-06,2015,"Logistic",1,0.500547643897473,1
2015-03-09,2015,"Logistic",1,0.495274972906572,0
2015-03-10,2015,"Logistic",1,0.526438017989563,1
2015-03-11,2015,"Logistic",1,0.47789253838984,0
2015-03-12,2015,"Logistic",1,0.491562140293668,0
2015-03-13,2015,"Logistic",0,0.482451231671131,0
2015-03-16,2015,"Logistic",0,0.497974661940381,0
2015-03-17,2015,"Logistic",0,0.531183968207004,1
2015-03-18,2015,"Logistic",0,0.525134646482562,1
2015-03-19,2015,"Logistic",0,0.52039264522936,1
2015-03-20,2015,"Logistic",0,0.470242103726782,0
2015-03-23,2015,"Logistic",0,0.484426482824165,0
2015-03-24,2015,"Logistic",0,0.484761016144003,0
2015-03-25,2015,"Logistic",0,0.513943491717537,1
2015-03-26,2015,"Logistic",0,0.523730155702088,1
2015-03-27,2015,"Logistic",0,0.501892208374388,1
2015-03-30,2015,"Logistic",0,0.463698363345382,0
2015-03-31,2015,"Logistic",0,0.502965484436125,1
2015-04-01,2015,"Logistic",0,0.502012007639398,1
2015-04-02,2015,"Logistic",0,0.513565218359581,1
2015-04-07,2015,"Logistic",0,0.475579074854814,0
2015-04-08,2015,"Logistic",0,0.489451094621206,0
2015-04-09,2015,"Logistic",0,0.438416129286097,0
2015-04-10,2015,"Logistic",0,0.443060871000553,0
2015-04-13,2015,"Logistic",0,0.468252971259234,0
2015-04-14,2015,"Logistic",0,0.481466152411774,0
2015-04-15,2015,"Logistic",0,0.475586524307892,0
2015-04-16,2015,"Logistic",0,0.496338469420713,0
2015-04-17,2015,"Logistic",0,0.616953972211127,1
2015-04-20,2015,"Logistic",0,0.593170456082967,1
2015-04-21,2015,"Logistic",0,0.596880500946282,1
2015-04-22,2015,"Logistic",0,0.577535570254737,1
2015-04-23,2015,"Logistic",0,0.61536223959226,1
2015-04-24,2015,"Logistic",0,0.598629781169152,1
2015-04-27,2015,"Logistic",0,0.521935711946453,1
2015-04-28,2015,"Logistic",0,0.594644220121666,1
2015-04-29,2015,"Logistic",0,0.664361267404585,1
2015-04-30,2015,"Logistic",0,0.638034583536537,1
2015-05-04,2015,"Logistic",0,0.631661105444341,1
2015-05-05,2015,"Logistic",1,0.684217202628295,1
2015-05-06,2015,"Logistic",1,0.670188889019599,1
2015-05-07,2015,"Logistic",1,0.652220920316404,1
2015-05-08,2015,"Logistic",0,0.645902726433525,1
2015-05-11,2015,"Logistic",1,0.645179147638394,1
2015-05-12,2015,"Logistic",1,0.682650146298318,1
2015-05-13,2015,"Logistic",1,0.67334120331593,1
2015-05-15,2015,"Logistic",0,0.665903719656464,1
2015-05-18,2015,"Logistic",0,0.613142904646366,1
2015-05-19,2015,"Logistic",0,0.565227656682856,1
2015-05-20,2015,"Logistic",0,0.565692220054507,1
2015-05-21,2015,"Logistic",0,0.536382248817622,1
2015-05-22,2015,"Logistic",0,0.547253531043999,1
2015-05-26,2015,"Logistic",1,0.581927664340686,1
2015-05-27,2015,"Logistic",0,0.508468507767945,1
2015-05-28,2015,"Logistic",1,0.534477979696598,1
2015-05-29,2015,"Logistic",1,0.662084371540612,1
2015-06-01,2015,"Logistic",1,0.626934129593007,1
2015-06-02,2015,"Logistic",1,0.658156738427803,1
2015-06-03,2015,"Logistic",0,0.608644043357881,1
2015-06-04,2015,"Logistic",0,0.5947526395478,1
2015-06-05,2015,"Logistic",0,0.66056222549034,1
2015-06-08,2015,"Logistic",1,0.683388318215933,1
2015-06-09,2015,"Logistic",1,0.633520675120027,1
2015-06-10,2015,"Logistic",0,0.594709082860271,1
2015-06-11,2015,"Logistic",0,0.567667373637144,1
2015-06-12,2015,"Logistic",0,0.627375922318378,1
2015-06-15,2015,"Logistic",0,0.707714845181251,1
2015-06-16,2015,"Logistic",0,0.687958595214,1
2015-06-17,2015,"Logistic",0,0.665241182028619,1
2015-06-18,2015,"Logistic",0,0.627363555815368,1
2015-06-19,2015,"Logistic",0,0.627727064838063,1
2015-06-22,2015,"Logistic",0,0.611302350979647,1
2015-06-23,2015,"Logistic",0,0.588366415778192,1
2015-06-24,2015,"Logistic",0,0.590599172275841,1
2015-06-25,2015,"Logistic",0,0.559683617582881,1
2015-06-26,2015,"Logistic",0,0.518502907794939,1
2015-06-29,2015,"Logistic",0,0.66656542482124,1
2015-06-30,2015,"Logistic",0,0.704276117019061,1
2015-07-01,2015,"Logistic",0,0.674149387616369,1
2015-07-02,2015,"Logistic",0,0.702407504088853,1
2015-07-03,2015,"Logistic",0,0.714573047674184,1
2015-07-06,2015,"Logistic",0,0.792848299779235,1
2015-07-07,2015,"Logistic",0,0.816466783105606,1
2015-07-08,2015,"Logistic",0,0.783458293749877,1
2015-07-09,2015,"Logistic",0,0.748201427505404,1
2015-07-10,2015,"Logistic",0,0.681749720186449,1
2015-07-13,2015,"Logistic",0,0.648901995996441,1
2015-07-14,2015,"Logistic",0,0.677804707596154,1
2015-07-15,2015,"Logistic",0,0.648748016999365,1
2015-07-16,2015,"Logistic",0,0.61945894604131,1
2015-07-17,2015,"Logistic",0,0.626130905412365,1
2015-07-20,2015,"Logistic",0,0.617577986592322,1
2015-07-21,2015,"Logistic",0,0.658329216037812,1
2015-07-22,2015,"Logistic",0,0.668716666460539,1
2015-07-23,2015,"Logistic",0,0.649649256305781,1
2015-07-24,2015,"Logistic",0,0.654156496128897,1
2015-07-27,2015,"Logistic",0,0.636744797436722,1
2015-07-28,2015,"Logistic",0,0.629649186111575,1
2015-07-29,2015,"Logistic",0,0.667145594613347,1
2015-07-30,2015,"Logistic",0,0.67373648615144,1
2015-07-31,2015,"Logistic",0,0.663643999985327,1
2015-08-03,2015,"Logistic",0,0.623237991521682,1
2015-08-04,2015,"Logistic",0,0.611289315591151,1
2015-08-05,2015,"Logistic",0,0.570085473402848,1
2015-08-06,2015,"Logistic",0,0.589669983423847,1
2015-08-07,2015,"Logistic",0,0.594825162281616,1
2015-08-10,2015,"Logistic",0,0.552089920915823,1
2015-08-11,2015,"Logistic",0,0.655046626144304,1
2015-08-12,2015,"Logistic",0,0.779541140309666,1
2015-08-13,2015,"Logistic",0,0.755642356401679,1
2015-08-14,2015,"Logistic",0,0.7800845838036,1
2015-08-17,2015,"Logistic",0,0.741700731900969,1
2015-08-18,2015,"Logistic",0,0.746486890449634,1
2015-08-19,2015,"Logistic",0,0.795126677875747,1
2015-08-20,2015,"Logistic",1,0.795560654222133,1
2015-08-21,2015,"Logistic",1,0.836186489788022,1
2015-08-24,2015,"Logistic",1,0.883142880472456,1
2015-08-25,2015,"Logistic",1,0.886799998894569,1
2015-08-26,2015,"Logistic",1,0.906651215742766,1
2015-08-27,2015,"Logistic",1,0.897258381558375,1
2015-08-28,2015,"Logistic",1,0.90299638177317,1
2015-08-31,2015,"Logistic",1,0.910498624146418,1
2015-09-01,2015,"Logistic",1,0.909792924222246,1
2015-09-02,2015,"Logistic",1,0.902812846303026,1
2015-09-03,2015,"Logistic",1,0.867282425771833,1
2015-09-04,2015,"Logistic",1,0.89769909601981,1
2015-09-07,2015,"Logistic",1,0.891096481348044,1
2015-09-08,2015,"Logistic",1,0.867669104811945,1
2015-09-09,2015,"Logistic",1,0.815034828295508,1
2015-09-10,2015,"Logistic",1,0.809306010457347,1
2015-09-11,2015,"Logistic",1,0.875063105761378,1
2015-09-14,2015,"Logistic",1,0.880439399905885,1
2015-09-15,2015,"Logistic",1,0.865521849698059,1
2015-09-16,2015,"Logistic",1,0.812473201906951,1
2015-09-17,2015,"Logistic",1,0.784303887507715,1
2015-09-18,2015,"Logistic",1,0.862659727287744,1
2015-09-21,2015,"Logistic",1,0.79739390597638,1
2015-09-22,2015,"Logistic",1,0.84798451485777,1
2015-09-23,2015,"Logistic",1,0.822467527439428,1
2015-09-24,2015,"Logistic",1,0.8300358184103,1
2015-09-25,2015,"Logistic",1,0.818129437191805,1
2015-09-28,2015,"Logistic",1,0.861914189317279,1
2015-09-29,2015,"Logistic",1,0.861648879405155,1
2015-09-30,2015,"Logistic",1,0.821870852398865,1
2015-10-01,2015,"Logistic",1,0.839623368418983,1
2015-10-02,2015,"Logistic",1,0.785164417948106,1
2015-10-05,2015,"Logistic",0,0.734411696505571,1
2015-10-06,2015,"Logistic",1,0.720097021725842,1
2015-10-07,2015,"Logistic",1,0.689633041658631,1
2015-10-08,2015,"Logistic",1,0.710580072539656,1
2015-10-09,2015,"Logistic",1,0.667186765003452,1
2015-10-12,2015,"Logistic",0,0.66004484384632,1
2015-10-13,2015,"Logistic",0,0.685744190743735,1
2015-10-14,2015,"Logistic",1,0.703806386183006,1
2015-10-15,2015,"Logistic",1,0.682497059504812,1
2015-10-16,2015,"Logistic",1,0.623296149579859,1
2015-10-19,2015,"Logistic",1,0.628900362880896,1
2015-10-20,2015,"Logistic",0,0.593583539955049,1
2015-10-21,2015,"Logistic",0,0.590052046347782,1
2015-10-22,2015,"Logistic",0,0.549531608634418,1
2015-10-23,2015,"Logistic",0,0.545134484761553,1
2015-10-26,2015,"Logistic",0,0.529857793687839,1
2015-10-27,2015,"Logistic",0,0.590576480899395,1
2015-10-28,2015,"Logistic",0,0.568195110080909,1
2015-10-29,2015,"Logistic",0,0.548737644513121,1
2015-10-30,2015,"Logistic",0,0.538980118460575,1
2015-11-02,2015,"Logistic",0,0.495613885054455,0
2015-11-03,2015,"Logistic",0,0.506221874656149,1
2015-11-04,2015,"Logistic",0,0.535904323529698,1
2015-11-05,2015,"Logistic",0,0.520812737982452,1
2015-11-06,2015,"Logistic",0,0.50572388377676,1
2015-11-09,2015,"Logistic",0,0.524834987842867,1
2015-11-10,2015,"Logistic",0,0.520746949238694,1
2015-11-11,2015,"Logistic",0,0.548636095889564,1
2015-11-12,2015,"Logistic",0,0.680421996752312,1
2015-11-13,2015,"Logistic",0,0.634595418569258,1
2015-11-16,2015,"Logistic",0,0.652455335091543,1
2015-11-17,2015,"Logistic",0,0.570813287047398,1
2015-11-18,2015,"Logistic",0,0.602120790419825,1
2015-11-19,2015,"Logistic",0,0.592213833160004,1
2015-11-20,2015,"Logistic",0,0.585420730227306,1
2015-11-23,2015,"Logistic",0,0.59409744412381,1
2015-11-24,2015,"Logistic",0,0.589225436325388,1
2015-11-25,2015,"Logistic",0,0.538503141080545,1
2015-11-26,2015,"Logistic",0,0.530623022589675,1
2015-11-27,2015,"Logistic",0,0.546220859693477,1
2015-11-30,2015,"Logistic",0,0.553887399770138,1
2015-12-01,2015,"Logistic",0,0.554981697460019,1
2015-12-02,2015,"Logistic",0,0.553342551290459,1
2015-12-03,2015,"Logistic",0,0.695472388080576,1
2015-12-04,2015,"Logistic",0,0.669628430580628,1
2015-12-07,2015,"Logistic",0,0.633781212500943,1
2015-12-08,2015,"Logistic",0,0.702715529615878,1
2015-12-09,2015,"Logistic",0,0.691838868444165,1
2015-12-10,2015,"Logistic",0,0.691871368732256,1
2015-12-11,2015,"Logistic",0,0.715730655735712,1
2015-12-14,2015,"Logistic",0,0.720962503371232,1
2015-12-15,2015,"Logistic",0,0.73144169616843,1
2015-12-16,2015,"Logistic",0,0.71838506909411,1
2015-12-17,2015,"Logistic",0,0.708135625719475,1
2015-12-18,2015,"Logistic",0,0.751562121360342,1
2015-12-21,2015,"Logistic",0,0.785899349228489,1
2015-12-22,2015,"Logistic",0,0.75199044963979,1
2015-12-23,2015,"Logistic",0,0.707946779654391,1
2015-12-28,2015,"Logistic",0,0.708225158644474,1
2015-12-29,2015,"Logistic",0,0.663405937401243,1
2015-12-30,2015,"Logistic",0,0.704812201121193,1
2015-01-05,2015,"DecisionTree",1,0.914285714285714,1
2015-01-07,2015,"DecisionTree",1,0.914285714285714,1
2015-01-08,2015,"DecisionTree",1,0.98,1
2015-01-09,2015,"DecisionTree",1,0.214285714285714,0
2015-01-12,2015,"DecisionTree",1,0.214285714285714,0
2015-01-13,2015,"DecisionTree",1,0.98,1
2015-01-14,2015,"DecisionTree",1,0.214285714285714,0
2015-01-15,2015,"DecisionTree",1,0.98,1
2015-01-16,2015,"DecisionTree",1,0.98,1
2015-01-19,2015,"DecisionTree",1,0.98,1
2015-01-20,2015,"DecisionTree",1,0.98,1
2015-01-21,2015,"DecisionTree",1,0.98,1
2015-01-22,2015,"DecisionTree",1,0.98,1
2015-01-23,2015,"DecisionTree",1,0.894736842105263,1
2015-01-26,2015,"DecisionTree",1,0.894736842105263,1
2015-01-27,2015,"DecisionTree",1,0.894736842105263,1
2015-01-28,2015,"DecisionTree",1,0.894736842105263,1
2015-01-29,2015,"DecisionTree",1,0.894736842105263,1
2015-01-30,2015,"DecisionTree",1,0.894736842105263,1
2015-02-02,2015,"DecisionTree",1,0.894736842105263,1
2015-02-03,2015,"DecisionTree",1,0.894736842105263,1
2015-02-04,2015,"DecisionTree",1,0.894736842105263,1
2015-02-05,2015,"DecisionTree",1,0,0
2015-02-06,2015,"DecisionTree",1,0.3,0
2015-02-09,2015,"DecisionTree",1,0.888888888888889,1
2015-02-10,2015,"DecisionTree",1,0.3,0
2015-02-11,2015,"DecisionTree",1,0.3,0
2015-02-12,2015,"DecisionTree",1,0.3,0
2015-02-13,2015,"DecisionTree",1,0,0
2015-02-16,2015,"DecisionTree",1,0.3,0
2015-02-17,2015,"DecisionTree",1,0.3,0
2015-02-18,2015,"DecisionTree",1,0,0
2015-02-19,2015,"DecisionTree",1,0,0
2015-02-20,2015,"DecisionTree",1,0,0
2015-02-23,2015,"DecisionTree",1,0,0
2015-02-24,2015,"DecisionTree",1,0,0
2015-02-25,2015,"DecisionTree",1,0,0
2015-02-26,2015,"DecisionTree",0,0,0
2015-02-27,2015,"DecisionTree",0,0,0
2015-03-02,2015,"DecisionTree",0,0,0
2015-03-03,2015,"DecisionTree",1,0,0
2015-03-04,2015,"DecisionTree",1,0,0
2015-03-05,2015,"DecisionTree",1,0,0
2015-03-06,2015,"DecisionTree",1,0,0
2015-03-09,2015,"DecisionTree",1,0,0
2015-03-10,2015,"DecisionTree",1,0,0
2015-03-11,2015,"DecisionTree",1,0,0
2015-03-12,2015,"DecisionTree",1,0,0
2015-03-13,2015,"DecisionTree",0,0,0
2015-03-16,2015,"DecisionTree",0,0,0
2015-03-17,2015,"DecisionTree",0,0,0
2015-03-18,2015,"DecisionTree",0,0,0
2015-03-19,2015,"DecisionTree",0,0,0
2015-03-20,2015,"DecisionTree",0,0,0
2015-03-23,2015,"DecisionTree",0,0,0
2015-03-24,2015,"DecisionTree",0,0,0
2015-03-25,2015,"DecisionTree",0,0.0615384615384615,0
2015-03-26,2015,"DecisionTree",0,0.0615384615384615,0
2015-03-27,2015,"DecisionTree",0,0.0615384615384615,0
2015-03-30,2015,"DecisionTree",0,0.0615384615384615,0
2015-03-31,2015,"DecisionTree",0,0.0615384615384615,0
2015-04-01,2015,"DecisionTree",0,0.0615384615384615,0
2015-04-02,2015,"DecisionTree",0,0.0615384615384615,0
2015-04-07,2015,"DecisionTree",0,0,0
2015-04-08,2015,"DecisionTree",0,0.0615384615384615,0
2015-04-09,2015,"DecisionTree",0,0.0615384615384615,0
2015-04-10,2015,"DecisionTree",0,0,0
2015-04-13,2015,"DecisionTree",0,0,0
2015-04-14,2015,"DecisionTree",0,0.0615384615384615,0
2015-04-15,2015,"DecisionTree",0,0.0615384615384615,0
2015-04-16,2015,"DecisionTree",0,0.220588235294118,0
2015-04-17,2015,"DecisionTree",0,0.741935483870968,1
2015-04-20,2015,"DecisionTree",0,0.220588235294118,0
2015-04-21,2015,"DecisionTree",0,0.741935483870968,1
2015-04-22,2015,"DecisionTree",0,0.741935483870968,1
2015-04-23,2015,"DecisionTree",0,0.741935483870968,1
2015-04-24,2015,"DecisionTree",0,0.741935483870968,1
2015-04-27,2015,"DecisionTree",0,0.741935483870968,1
2015-04-28,2015,"DecisionTree",0,0.27027027027027,0
2015-04-29,2015,"DecisionTree",0,0.866666666666667,1
2015-04-30,2015,"DecisionTree",0,0.866666666666667,1
2015-05-04,2015,"DecisionTree",0,0.866666666666667,1
2015-05-05,2015,"DecisionTree",1,0.866666666666667,1
2015-05-06,2015,"DecisionTree",1,0.866666666666667,1
2015-05-07,2015,"DecisionTree",1,0.866666666666667,1
2015-05-08,2015,"DecisionTree",0,0.825242718446602,1
2015-05-11,2015,"DecisionTree",1,0.825242718446602,1
2015-05-12,2015,"DecisionTree",1,0.825242718446602,1
2015-05-13,2015,"DecisionTree",1,0.825242718446602,1
2015-05-15,2015,"DecisionTree",0,0.825242718446602,1
2015-05-18,2015,"DecisionTree",0,0.825242718446602,1
2015-05-19,2015,"DecisionTree",0,0.825242718446602,1
2015-05-20,2015,"DecisionTree",0,0.825242718446602,1
2015-05-21,2015,"DecisionTree",0,0.825242718446602,1
2015-05-22,2015,"DecisionTree",0,0.825242718446602,1
2015-05-26,2015,"DecisionTree",1,0.825242718446602,1
2015-05-27,2015,"DecisionTree",0,0.825242718446602,1
2015-05-28,2015,"DecisionTree",1,0.825242718446602,1
2015-05-29,2015,"DecisionTree",1,0.825242718446602,1
2015-06-01,2015,"DecisionTree",1,0.142857142857143,0
2015-06-02,2015,"DecisionTree",1,0.866666666666667,1
2015-06-03,2015,"DecisionTree",0,0.866666666666667,1
2015-06-04,2015,"DecisionTree",0,0.866666666666667,1
2015-06-05,2015,"DecisionTree",0,0.0357142857142857,0
2015-06-08,2015,"DecisionTree",1,0.0357142857142857,0
2015-06-09,2015,"DecisionTree",1,0.0357142857142857,0
2015-06-10,2015,"DecisionTree",0,0.866666666666667,1
2015-06-11,2015,"DecisionTree",0,0.866666666666667,1
2015-06-12,2015,"DecisionTree",0,0.0357142857142857,0
2015-06-15,2015,"DecisionTree",0,0.0357142857142857,0
2015-06-16,2015,"DecisionTree",0,0.7,1
2015-06-17,2015,"DecisionTree",0,0.7,1
2015-06-18,2015,"DecisionTree",0,0.7,1
2015-06-19,2015,"DecisionTree",0,0.7,1
2015-06-22,2015,"DecisionTree",0,0.825242718446602,1
2015-06-23,2015,"DecisionTree",0,0.825242718446602,1
2015-06-24,2015,"DecisionTree",0,0.825242718446602,1
2015-06-25,2015,"DecisionTree",0,0.825242718446602,1
2015-06-26,2015,"DecisionTree",0,0.941176470588235,1
2015-06-29,2015,"DecisionTree",0,0.914285714285714,1
2015-06-30,2015,"DecisionTree",0,0.914285714285714,1
2015-07-01,2015,"DecisionTree",0,0.914285714285714,1
2015-07-02,2015,"DecisionTree",0,0.914285714285714,1
2015-07-03,2015,"DecisionTree",0,0.914285714285714,1
2015-07-06,2015,"DecisionTree",0,0.914285714285714,1
2015-07-07,2015,"DecisionTree",0,0.914285714285714,1
2015-07-08,2015,"DecisionTree",0,0.914285714285714,1
2015-07-09,2015,"DecisionTree",0,0.914285714285714,1
2015-07-10,2015,"DecisionTree",0,0.98,1
2015-07-13,2015,"DecisionTree",0,0.98,1
2015-07-14,2015,"DecisionTree",0,0.98,1
2015-07-15,2015,"DecisionTree",0,0.98,1
2015-07-16,2015,"DecisionTree",0,0.98,1
2015-07-17,2015,"DecisionTree",0,0.98,1
2015-07-20,2015,"DecisionTree",0,0.98,1
2015-07-21,2015,"DecisionTree",0,0.98,1
2015-07-22,2015,"DecisionTree",0,0.98,1
2015-07-23,2015,"DecisionTree",0,0.894736842105263,1
2015-07-24,2015,"DecisionTree",0,0.894736842105263,1
2015-07-27,2015,"DecisionTree",0,0.894736842105263,1
2015-07-28,2015,"DecisionTree",0,0.894736842105263,1
2015-07-29,2015,"DecisionTree",0,0.894736842105263,1
2015-07-30,2015,"DecisionTree",0,0.894736842105263,1
2015-07-31,2015,"DecisionTree",0,0.98,1
2015-08-03,2015,"DecisionTree",0,0.98,1
2015-08-04,2015,"DecisionTree",0,0.888888888888889,1
2015-08-05,2015,"DecisionTree",0,0.941176470588235,1
2015-08-06,2015,"DecisionTree",0,0.941176470588235,1
2015-08-07,2015,"DecisionTree",0,0.3,0
2015-08-10,2015,"DecisionTree",0,0.3,0
2015-08-11,2015,"DecisionTree",0,0.3,0
2015-08-12,2015,"DecisionTree",0,0.888888888888889,1
2015-08-13,2015,"DecisionTree",0,0.888888888888889,1
2015-08-14,2015,"DecisionTree",0,0.888888888888889,1
2015-08-17,2015,"DecisionTree",0,0.888888888888889,1
2015-08-18,2015,"DecisionTree",0,0.888888888888889,1
2015-08-19,2015,"DecisionTree",0,0.888888888888889,1
2015-08-20,2015,"DecisionTree",1,0.914285714285714,1
2015-08-21,2015,"DecisionTree",1,0.914285714285714,1
2015-08-24,2015,"DecisionTree",1,0.914285714285714,1
2015-08-25,2015,"DecisionTree",1,0.214285714285714,0
2015-08-26,2015,"DecisionTree",1,0.214285714285714,0
2015-08-27,2015,"DecisionTree",1,0.214285714285714,0
2015-08-28,2015,"DecisionTree",1,0.214285714285714,0
2015-08-31,2015,"DecisionTree",1,0.214285714285714,0
2015-09-01,2015,"DecisionTree",1,0.214285714285714,0
2015-09-02,2015,"DecisionTree",1,0.214285714285714,0
2015-09-03,2015,"DecisionTree",1,0.214285714285714,0
2015-09-04,2015,"DecisionTree",1,0.214285714285714,0
2015-09-07,2015,"DecisionTree",1,0.214285714285714,0
2015-09-08,2015,"DecisionTree",1,0.214285714285714,0
2015-09-09,2015,"DecisionTree",1,0.214285714285714,0
2015-09-10,2015,"DecisionTree",1,0.214285714285714,0
2015-09-11,2015,"DecisionTree",1,0.214285714285714,0
2015-09-14,2015,"DecisionTree",1,0.214285714285714,0
2015-09-15,2015,"DecisionTree",1,0.214285714285714,0
2015-09-16,2015,"DecisionTree",1,0.214285714285714,0
2015-09-17,2015,"DecisionTree",1,0.214285714285714,0
2015-09-18,2015,"DecisionTree",1,0.214285714285714,0
2015-09-21,2015,"DecisionTree",1,0.214285714285714,0
2015-09-22,2015,"DecisionTree",1,0.914285714285714,1
2015-09-23,2015,"DecisionTree",1,0.914285714285714,1
2015-09-24,2015,"DecisionTree",1,0.914285714285714,1
2015-09-25,2015,"DecisionTree",1,0.914285714285714,1
2015-09-28,2015,"DecisionTree",1,0.214285714285714,0
2015-09-29,2015,"DecisionTree",1,0.914285714285714,1
2015-09-30,2015,"DecisionTree",1,0.214285714285714,0
2015-10-01,2015,"DecisionTree",1,0.914285714285714,1
2015-10-02,2015,"DecisionTree",1,0.914285714285714,1
2015-10-05,2015,"DecisionTree",0,0.4,0
2015-10-06,2015,"DecisionTree",1,0.4,0
2015-10-07,2015,"DecisionTree",1,0.4,0
2015-10-08,2015,"DecisionTree",1,0.4,0
2015-10-09,2015,"DecisionTree",1,0.4,0
2015-10-12,2015,"DecisionTree",0,0.4,0
2015-10-13,2015,"DecisionTree",0,0.914285714285714,1
2015-10-14,2015,"DecisionTree",1,0.914285714285714,1
2015-10-15,2015,"DecisionTree",1,0.98,1
2015-10-16,2015,"DecisionTree",1,0.16,0
2015-10-19,2015,"DecisionTree",1,0.16,0
2015-10-20,2015,"DecisionTree",0,0.16,0
2015-10-21,2015,"DecisionTree",0,0.16,0
2015-10-22,2015,"DecisionTree",0,0.16,0
2015-10-23,2015,"DecisionTree",0,0.16,0
2015-10-26,2015,"DecisionTree",0,0,0
2015-10-27,2015,"DecisionTree",0,0.941176470588235,1
2015-10-28,2015,"DecisionTree",0,0,0
2015-10-29,2015,"DecisionTree",0,0,0
2015-10-30,2015,"DecisionTree",0,0,0
2015-11-02,2015,"DecisionTree",0,0,0
2015-11-03,2015,"DecisionTree",0,0,0
2015-11-04,2015,"DecisionTree",0,0,0
2015-11-05,2015,"DecisionTree",0,0,0
2015-11-06,2015,"DecisionTree",0,0,0
2015-11-09,2015,"DecisionTree",0,0.3,0
2015-11-10,2015,"DecisionTree",0,0.3,0
2015-11-11,2015,"DecisionTree",0,0.3,0
2015-11-12,2015,"DecisionTree",0,0.888888888888889,1
2015-11-13,2015,"DecisionTree",0,0.888888888888889,1
2015-11-16,2015,"DecisionTree",0,0.888888888888889,1
2015-11-17,2015,"DecisionTree",0,0.941176470588235,1
2015-11-18,2015,"DecisionTree",0,0.888888888888889,1
2015-11-19,2015,"DecisionTree",0,0.3,0
2015-11-20,2015,"DecisionTree",0,0.888888888888889,1
2015-11-23,2015,"DecisionTree",0,0.3,0
2015-11-24,2015,"DecisionTree",0,0.888888888888889,1
2015-11-25,2015,"DecisionTree",0,0.3,0
2015-11-26,2015,"DecisionTree",0,0.3,0
2015-11-27,2015,"DecisionTree",0,0.3,0
2015-11-30,2015,"DecisionTree",0,0.3,0
2015-12-01,2015,"DecisionTree",0,0.0615384615384615,0
2015-12-02,2015,"DecisionTree",0,0.0615384615384615,0
2015-12-03,2015,"DecisionTree",0,0.888888888888889,1
2015-12-04,2015,"DecisionTree",0,0.888888888888889,1
2015-12-07,2015,"DecisionTree",0,0.866666666666667,1
2015-12-08,2015,"DecisionTree",0,0.3125,0
2015-12-09,2015,"DecisionTree",0,0.3125,0
2015-12-10,2015,"DecisionTree",0,0.866666666666667,1
2015-12-11,2015,"DecisionTree",0,0.3125,0
2015-12-14,2015,"DecisionTree",0,0.3125,0
2015-12-15,2015,"DecisionTree",0,0.825242718446602,1
2015-12-16,2015,"DecisionTree",0,0.825242718446602,1
2015-12-17,2015,"DecisionTree",0,0.825242718446602,1
2015-12-18,2015,"DecisionTree",0,0.825242718446602,1
2015-12-21,2015,"DecisionTree",0,0.825242718446602,1
2015-12-22,2015,"DecisionTree",0,0.825242718446602,1
2015-12-23,2015,"DecisionTree",0,0.825242718446602,1
2015-12-28,2015,"DecisionTree",0,0.825242718446602,1
2015-12-29,2015,"DecisionTree",0,0.1,0
2015-12-30,2015,"DecisionTree",0,0.1,0
2015-01-05,2015,"RandomForest",1,0.526,1
2015-01-07,2015,"RandomForest",1,0.534,1
2015-01-08,2015,"RandomForest",1,0.75,1
2015-01-09,2015,"RandomForest",1,0.58,1
2015-01-12,2015,"RandomForest",1,0.716,1
2015-01-13,2015,"RandomForest",1,0.842,1
2015-01-14,2015,"RandomForest",1,0.71,1
2015-01-15,2015,"RandomForest",1,0.836,1
2015-01-16,2015,"RandomForest",1,0.688,1
2015-01-19,2015,"RandomForest",1,0.726,1
2015-01-20,2015,"RandomForest",1,0.756,1
2015-01-21,2015,"RandomForest",1,0.766,1
2015-01-22,2015,"RandomForest",1,0.708,1
2015-01-23,2015,"RandomForest",1,0.66,1
2015-01-26,2015,"RandomForest",1,0.63,1
2015-01-27,2015,"RandomForest",1,0.766,1
2015-01-28,2015,"RandomForest",1,0.778,1
2015-01-29,2015,"RandomForest",1,0.802,1
2015-01-30,2015,"RandomForest",1,0.688,1
2015-02-02,2015,"RandomForest",1,0.78,1
2015-02-03,2015,"RandomForest",1,0.57,1
2015-02-04,2015,"RandomForest",1,0.612,1
2015-02-05,2015,"RandomForest",1,0.35,0
2015-02-06,2015,"RandomForest",1,0.424,0
2015-02-09,2015,"RandomForest",1,0.536,1
2015-02-10,2015,"RandomForest",1,0.502,1
2015-02-11,2015,"RandomForest",1,0.47,0
2015-02-12,2015,"RandomForest",1,0.368,0
2015-02-13,2015,"RandomForest",1,0.132,0
2015-02-16,2015,"RandomForest",1,0.296,0
2015-02-17,2015,"RandomForest",1,0.302,0
2015-02-18,2015,"RandomForest",1,0.18,0
2015-02-19,2015,"RandomForest",1,0.154,0
2015-02-20,2015,"RandomForest",1,0.162,0
2015-02-23,2015,"RandomForest",1,0.352,0
2015-02-24,2015,"RandomForest",1,0.402,0
2015-02-25,2015,"RandomForest",1,0.404,0
2015-02-26,2015,"RandomForest",0,0.442,0
2015-02-27,2015,"RandomForest",0,0.414,0
2015-03-02,2015,"RandomForest",0,0.52,1
2015-03-03,2015,"RandomForest",1,0.378,0
2015-03-04,2015,"RandomForest",1,0.39,0
2015-03-05,2015,"RandomForest",1,0.444,0
2015-03-06,2015,"RandomForest",1,0.426,0
2015-03-09,2015,"RandomForest",1,0.532,1
2015-03-10,2015,"RandomForest",1,0.47,0
2015-03-11,2015,"RandomForest",1,0.208,0
2015-03-12,2015,"RandomForest",1,0.296,0
2015-03-13,2015,"RandomForest",0,0.45,0
2015-03-16,2015,"RandomForest",0,0.492,0
2015-03-17,2015,"RandomForest",0,0.238,0
2015-03-18,2015,"RandomForest",0,0.178,0
2015-03-19,2015,"RandomForest",0,0.162,0
2015-03-20,2015,"RandomForest",0,0.392,0
2015-03-23,2015,"RandomForest",0,0.214,0
2015-03-24,2015,"RandomForest",0,0.308,0
2015-03-25,2015,"RandomForest",0,0.214,0
2015-03-26,2015,"RandomForest",0,0.182,0
2015-03-27,2015,"RandomForest",0,0.142,0
2015-03-30,2015,"RandomForest",0,0.13,0
2015-03-31,2015,"RandomForest",0,0.18,0
2015-04-01,2015,"RandomForest",0,0.166,0
2015-04-02,2015,"RandomForest",0,0.196,0
2015-04-07,2015,"RandomForest",0,0.246,0
2015-04-08,2015,"RandomForest",0,0.162,0
2015-04-09,2015,"RandomForest",0,0.304,0
2015-04-10,2015,"RandomForest",0,0.37,0
2015-04-13,2015,"RandomForest",0,0.462,0
2015-04-14,2015,"RandomForest",0,0.126,0
2015-04-15,2015,"RandomForest",0,0.218,0
2015-04-16,2015,"RandomForest",0,0.31,0
2015-04-17,2015,"RandomForest",0,0.516,1
2015-04-20,2015,"RandomForest",0,0.312,0
2015-04-21,2015,"RandomForest",0,0.466,0
2015-04-22,2015,"RandomForest",0,0.342,0
2015-04-23,2015,"RandomForest",0,0.51,1
2015-04-24,2015,"RandomForest",0,0.658,1
2015-04-27,2015,"RandomForest",0,0.654,1
2015-04-28,2015,"RandomForest",0,0.462,0
2015-04-29,2015,"RandomForest",0,0.778,1
2015-04-30,2015,"RandomForest",0,0.784,1
2015-05-04,2015,"RandomForest",0,0.718,1
2015-05-05,2015,"RandomForest",1,0.482,0
2015-05-06,2015,"RandomForest",1,0.558,1
2015-05-07,2015,"RandomForest",1,0.58,1
2015-05-08,2015,"RandomForest",0,0.81,1
2015-05-11,2015,"RandomForest",1,0.68,1
2015-05-12,2015,"RandomForest",1,0.68,1
2015-05-13,2015,"RandomForest",1,0.598,1
2015-05-15,2015,"RandomForest",0,0.668,1
2015-05-18,2015,"RandomForest",0,0.658,1
2015-05-19,2015,"RandomForest",0,0.82,1
2015-05-20,2015,"RandomForest",0,0.77,1
2015-05-21,2015,"RandomForest",0,0.6,1
2015-05-22,2015,"RandomForest",0,0.588,1
2015-05-26,2015,"RandomForest",1,0.69,1
2015-05-27,2015,"RandomForest",0,0.684,1
2015-05-28,2015,"RandomForest",1,0.726,1
2015-05-29,2015,"RandomForest",1,0.598,1
2015-06-01,2015,"RandomForest",1,0.576,1
2015-06-02,2015,"RandomForest",1,0.52,1
2015-06-03,2015,"RandomForest",0,0.618,1
2015-06-04,2015,"RandomForest",0,0.596,1
2015-06-05,2015,"RandomForest",0,0.358,0
2015-06-08,2015,"RandomForest",1,0.308,0
2015-06-09,2015,"RandomForest",1,0.226,0
2015-06-10,2015,"RandomForest",0,0.522,1
2015-06-11,2015,"RandomForest",0,0.608,1
2015-06-12,2015,"RandomForest",0,0.62,1
2015-06-15,2015,"RandomForest",0,0.546,1
2015-06-16,2015,"RandomForest",0,0.54,1
2015-06-17,2015,"RandomForest",0,0.676,1
2015-06-18,2015,"RandomForest",0,0.636,1
2015-06-19,2015,"RandomForest",0,0.582,1
2015-06-22,2015,"RandomForest",0,0.758,1
2015-06-23,2015,"RandomForest",0,0.644,1
2015-06-24,2015,"RandomForest",0,0.75,1
2015-06-25,2015,"RandomForest",0,0.762,1
2015-06-26,2015,"RandomForest",0,0.628,1
2015-06-29,2015,"RandomForest",0,0.76,1
2015-06-30,2015,"RandomForest",0,0.664,1
2015-07-01,2015,"RandomForest",0,0.776,1
2015-07-02,2015,"RandomForest",0,0.844,1
2015-07-03,2015,"RandomForest",0,0.908,1
2015-07-06,2015,"RandomForest",0,0.794,1
2015-07-07,2015,"RandomForest",0,0.554,1
2015-07-08,2015,"RandomForest",0,0.614,1
2015-07-09,2015,"RandomForest",0,0.468,0
2015-07-10,2015,"RandomForest",0,0.81,1
2015-07-13,2015,"RandomForest",0,0.676,1
2015-07-14,2015,"RandomForest",0,0.744,1
2015-07-15,2015,"RandomForest",0,0.772,1
2015-07-16,2015,"RandomForest",0,0.934,1
2015-07-17,2015,"RandomForest",0,0.874,1
2015-07-20,2015,"RandomForest",0,0.808,1
2015-07-21,2015,"RandomForest",0,0.826,1
2015-07-22,2015,"RandomForest",0,0.832,1
2015-07-23,2015,"RandomForest",0,0.728,1
2015-07-24,2015,"RandomForest",0,0.734,1
2015-07-27,2015,"RandomForest",0,0.848,1
2015-07-28,2015,"RandomForest",0,0.846,1
2015-07-29,2015,"RandomForest",0,0.852,1
2015-07-30,2015,"RandomForest",0,0.882,1
2015-07-31,2015,"RandomForest",0,0.914,1
2015-08-03,2015,"RandomForest",0,0.832,1
2015-08-04,2015,"RandomForest",0,0.73,1
2015-08-05,2015,"RandomForest",0,0.63,1
2015-08-06,2015,"RandomForest",0,0.628,1
2015-08-07,2015,"RandomForest",0,0.656,1
2015-08-10,2015,"RandomForest",0,0.636,1
2015-08-11,2015,"RandomForest",0,0.634,1
2015-08-12,2015,"RandomForest",0,0.79,1
2015-08-13,2015,"RandomForest",0,0.844,1
2015-08-14,2015,"RandomForest",0,0.812,1
2015-08-17,2015,"RandomForest",0,0.832,1
2015-08-18,2015,"RandomForest",0,0.814,1
2015-08-19,2015,"RandomForest",0,0.772,1
2015-08-20,2015,"RandomForest",1,0.712,1
2015-08-21,2015,"RandomForest",1,0.588,1
2015-08-24,2015,"RandomForest",1,0.652,1
2015-08-25,2015,"RandomForest",1,0.626,1
2015-08-26,2015,"RandomForest",1,0.652,1
2015-08-27,2015,"RandomForest",1,0.438,0
2015-08-28,2015,"RandomForest",1,0.394,0
2015-08-31,2015,"RandomForest",1,0.438,0
2015-09-01,2015,"RandomForest",1,0.668,1
2015-09-02,2015,"RandomForest",1,0.644,1
2015-09-03,2015,"RandomForest",1,0.362,0
2015-09-04,2015,"RandomForest",1,0.648,1
2015-09-07,2015,"RandomForest",1,0.632,1
2015-09-08,2015,"RandomForest",1,0.518,1
2015-09-09,2015,"RandomForest",1,0.436,0
2015-09-10,2015,"RandomForest",1,0.494,0
2015-09-11,2015,"RandomForest",1,0.552,1
2015-09-14,2015,"RandomForest",1,0.584,1
2015-09-15,2015,"RandomForest",1,0.58,1
2015-09-16,2015,"RandomForest",1,0.73,1
2015-09-17,2015,"RandomForest",1,0.794,1
2015-09-18,2015,"RandomForest",1,0.762,1
2015-09-21,2015,"RandomForest",1,0.79,1
2015-09-22,2015,"RandomForest",1,0.78,1
2015-09-23,2015,"RandomForest",1,0.766,1
2015-09-24,2015,"RandomForest",1,0.718,1
2015-09-25,2015,"RandomForest",1,0.646,1
2015-09-28,2015,"RandomForest",1,0.732,1
2015-09-29,2015,"RandomForest",1,0.738,1
2015-09-30,2015,"RandomForest",1,0.528,1
2015-10-01,2015,"RandomForest",1,0.578,1
2015-10-02,2015,"RandomForest",1,0.544,1
2015-10-05,2015,"RandomForest",0,0.506,1
2015-10-06,2015,"RandomForest",1,0.51,1
2015-10-07,2015,"RandomForest",1,0.576,1
2015-10-08,2015,"RandomForest",1,0.644,1
2015-10-09,2015,"RandomForest",1,0.506,1
2015-10-12,2015,"RandomForest",0,0.888,1
2015-10-13,2015,"RandomForest",0,0.872,1
2015-10-14,2015,"RandomForest",1,0.896,1
2015-10-15,2015,"RandomForest",1,0.928,1
2015-10-16,2015,"RandomForest",1,0.706,1
2015-10-19,2015,"RandomForest",1,0.602,1
2015-10-20,2015,"RandomForest",0,0.664,1
2015-10-21,2015,"RandomForest",0,0.59,1
2015-10-22,2015,"RandomForest",0,0.48,0
2015-10-23,2015,"RandomForest",0,0.404,0
2015-10-26,2015,"RandomForest",0,0.274,0
2015-10-27,2015,"RandomForest",0,0.32,0
2015-10-28,2015,"RandomForest",0,0.2,0
2015-10-29,2015,"RandomForest",0,0.162,0
2015-10-30,2015,"RandomForest",0,0.2,0
2015-11-02,2015,"RandomForest",0,0.168,0
2015-11-03,2015,"RandomForest",0,0.19,0
2015-11-04,2015,"RandomForest",0,0.288,0
2015-11-05,2015,"RandomForest",0,0.196,0
2015-11-06,2015,"RandomForest",0,0.194,0
2015-11-09,2015,"RandomForest",0,0.482,0
2015-11-10,2015,"RandomForest",0,0.408,0
2015-11-11,2015,"RandomForest",0,0.428,0
2015-11-12,2015,"RandomForest",0,0.798,1
2015-11-13,2015,"RandomForest",0,0.784,1
2015-11-16,2015,"RandomForest",0,0.802,1
2015-11-17,2015,"RandomForest",0,0.48,0
2015-11-18,2015,"RandomForest",0,0.618,1
2015-11-19,2015,"RandomForest",0,0.506,1
2015-11-20,2015,"RandomForest",0,0.582,1
2015-11-23,2015,"RandomForest",0,0.448,0
2015-11-24,2015,"RandomForest",0,0.604,1
2015-11-25,2015,"RandomForest",0,0.49,0
2015-11-26,2015,"RandomForest",0,0.358,0
2015-11-27,2015,"RandomForest",0,0.356,0
2015-11-30,2015,"RandomForest",0,0.314,0
2015-12-01,2015,"RandomForest",0,0.384,0
2015-12-02,2015,"RandomForest",0,0.332,0
2015-12-03,2015,"RandomForest",0,0.674,1
2015-12-04,2015,"RandomForest",0,0.63,1
2015-12-07,2015,"RandomForest",0,0.64,1
2015-12-08,2015,"RandomForest",0,0.468,0
2015-12-09,2015,"RandomForest",0,0.388,0
2015-12-10,2015,"RandomForest",0,0.42,0
2015-12-11,2015,"RandomForest",0,0.412,0
2015-12-14,2015,"RandomForest",0,0.448,0
2015-12-15,2015,"RandomForest",0,0.668,1
2015-12-16,2015,"RandomForest",0,0.758,1
2015-12-17,2015,"RandomForest",0,0.844,1
2015-12-18,2015,"RandomForest",0,0.786,1
2015-12-21,2015,"RandomForest",0,0.666,1
2015-12-22,2015,"RandomForest",0,0.664,1
2015-12-23,2015,"RandomForest",0,0.806,1
2015-12-28,2015,"RandomForest",0,0.73,1
2015-12-29,2015,"RandomForest",0,0.76,1
2015-12-30,2015,"RandomForest",0,0.698,1
2015-01-05,2015,"Random",1,0.603682946357087,1
2015-01-07,2015,"Random",1,0.603682946357087,1
2015-01-08,2015,"Random",1,0.603682946357087,0
2015-01-09,2015,"Random",1,0.603682946357087,1
2015-01-12,2015,"Random",1,0.603682946357087,0
2015-01-13,2015,"Random",1,0.603682946357087,1
2015-01-14,2015,"Random",1,0.603682946357087,1
2015-01-15,2015,"Random",1,0.603682946357087,0
2015-01-16,2015,"Random",1,0.603682946357087,0
2015-01-19,2015,"Random",1,0.603682946357087,1
2015-01-20,2015,"Random",1,0.603682946357087,1
2015-01-21,2015,"Random",1,0.603682946357087,0
2015-01-22,2015,"Random",1,0.603682946357087,1
2015-01-23,2015,"Random",1,0.603682946357087,0
2015-01-26,2015,"Random",1,0.603682946357087,1
2015-01-27,2015,"Random",1,0.603682946357087,0
2015-01-28,2015,"Random",1,0.603682946357087,0
2015-01-29,2015,"Random",1,0.603682946357087,0
2015-01-30,2015,"Random",1,0.603682946357087,1
2015-02-02,2015,"Random",1,0.603682946357087,1
2015-02-03,2015,"Random",1,0.603682946357087,0
2015-02-04,2015,"Random",1,0.603682946357087,1
2015-02-05,2015,"Random",1,0.603682946357087,1
2015-02-06,2015,"Random",1,0.603682946357087,1
2015-02-09,2015,"Random",1,0.603682946357087,1
2015-02-10,2015,"Random",1,0.603682946357087,1
2015-02-11,2015,"Random",1,0.603682946357087,1
2015-02-12,2015,"Random",1,0.603682946357087,1
2015-02-13,2015,"Random",1,0.603682946357087,0
2015-02-16,2015,"Random",1,0.603682946357087,1
2015-02-17,2015,"Random",1,0.603682946357087,1
2015-02-18,2015,"Random",1,0.603682946357087,0
2015-02-19,2015,"Random",1,0.603682946357087,0
2015-02-20,2015,"Random",1,0.603682946357087,0
2015-02-23,2015,"Random",1,0.603682946357087,0
2015-02-24,2015,"Random",1,0.603682946357087,0
2015-02-25,2015,"Random",1,0.603682946357087,0
2015-02-26,2015,"Random",0,0.603682946357087,1
2015-02-27,2015,"Random",0,0.603682946357087,1
2015-03-02,2015,"Random",0,0.603682946357087,0
2015-03-03,2015,"Random",1,0.603682946357087,1
2015-03-04,2015,"Random",1,0.603682946357087,1
2015-03-05,2015,"Random",1,0.603682946357087,0
2015-03-06,2015,"Random",1,0.603682946357087,1
2015-03-09,2015,"Random",1,0.603682946357087,0
2015-03-10,2015,"Random",1,0.603682946357087,0
2015-03-11,2015,"Random",1,0.603682946357087,1
2015-03-12,2015,"Random",1,0.603682946357087,0
2015-03-13,2015,"Random",0,0.603682946357087,1
2015-03-16,2015,"Random",0,0.603682946357087,1
2015-03-17,2015,"Random",0,0.603682946357087,1
2015-03-18,2015,"Random",0,0.603682946357087,1
2015-03-19,2015,"Random",0,0.603682946357087,1
2015-03-20,2015,"Random",0,0.603682946357087,1
2015-03-23,2015,"Random",0,0.603682946357087,1
2015-03-24,2015,"Random",0,0.603682946357087,1
2015-03-25,2015,"Random",0,0.603682946357087,1
2015-03-26,2015,"Random",0,0.603682946357087,1
2015-03-27,2015,"Random",0,0.603682946357087,0
2015-03-30,2015,"Random",0,0.603682946357087,0
2015-03-31,2015,"Random",0,0.603682946357087,0
2015-04-01,2015,"Random",0,0.603682946357087,0
2015-04-02,2015,"Random",0,0.603682946357087,0
2015-04-07,2015,"Random",0,0.603682946357087,0
2015-04-08,2015,"Random",0,0.603682946357087,0
2015-04-09,2015,"Random",0,0.603682946357087,0
2015-04-10,2015,"Random",0,0.603682946357087,1
2015-04-13,2015,"Random",0,0.603682946357087,1
2015-04-14,2015,"Random",0,0.603682946357087,0
2015-04-15,2015,"Random",0,0.603682946357087,1
2015-04-16,2015,"Random",0,0.603682946357087,1
2015-04-17,2015,"Random",0,0.603682946357087,1
2015-04-20,2015,"Random",0,0.603682946357087,0
2015-04-21,2015,"Random",0,0.603682946357087,1
2015-04-22,2015,"Random",0,0.603682946357087,0
2015-04-23,2015,"Random",0,0.603682946357087,1
2015-04-24,2015,"Random",0,0.603682946357087,1
2015-04-27,2015,"Random",0,0.603682946357087,1
2015-04-28,2015,"Random",0,0.603682946357087,1
2015-04-29,2015,"Random",0,0.603682946357087,0
2015-04-30,2015,"Random",0,0.603682946357087,0
2015-05-04,2015,"Random",0,0.603682946357087,1
2015-05-05,2015,"Random",1,0.603682946357087,0
2015-05-06,2015,"Random",1,0.603682946357087,0
2015-05-07,2015,"Random",1,0.603682946357087,1
2015-05-08,2015,"Random",0,0.603682946357087,1
2015-05-11,2015,"Random",1,0.603682946357087,0
2015-05-12,2015,"Random",1,0.603682946357087,1
2015-05-13,2015,"Random",1,0.603682946357087,1
2015-05-15,2015,"Random",0,0.603682946357087,1
2015-05-18,2015,"Random",0,0.603682946357087,0
2015-05-19,2015,"Random",0,0.603682946357087,1
2015-05-20,2015,"Random",0,0.603682946357087,0
2015-05-21,2015,"Random",0,0.603682946357087,1
2015-05-22,2015,"Random",0,0.603682946357087,1
2015-05-26,2015,"Random",1,0.603682946357087,0
2015-05-27,2015,"Random",0,0.603682946357087,1
2015-05-28,2015,"Random",1,0.603682946357087,1
2015-05-29,2015,"Random",1,0.603682946357087,0
2015-06-01,2015,"Random",1,0.603682946357087,1
2015-06-02,2015,"Random",1,0.603682946357087,1
2015-06-03,2015,"Random",0,0.603682946357087,1
2015-06-04,2015,"Random",0,0.603682946357087,1
2015-06-05,2015,"Random",0,0.603682946357087,1
2015-06-08,2015,"Random",1,0.603682946357087,1
2015-06-09,2015,"Random",1,0.603682946357087,1
2015-06-10,2015,"Random",0,0.603682946357087,0
2015-06-11,2015,"Random",0,0.603682946357087,0
2015-06-12,2015,"Random",0,0.603682946357087,0
2015-06-15,2015,"Random",0,0.603682946357087,1
2015-06-16,2015,"Random",0,0.603682946357087,0
2015-06-17,2015,"Random",0,0.603682946357087,0
2015-06-18,2015,"Random",0,0.603682946357087,0
2015-06-19,2015,"Random",0,0.603682946357087,0
2015-06-22,2015,"Random",0,0.603682946357087,0
2015-06-23,2015,"Random",0,0.603682946357087,1
2015-06-24,2015,"Random",0,0.603682946357087,0
2015-06-25,2015,"Random",0,0.603682946357087,0
2015-06-26,2015,"Random",0,0.603682946357087,1
2015-06-29,2015,"Random",0,0.603682946357087,0
2015-06-30,2015,"Random",0,0.603682946357087,0
2015-07-01,2015,"Random",0,0.603682946357087,1
2015-07-02,2015,"Random",0,0.603682946357087,0
2015-07-03,2015,"Random",0,0.603682946357087,1
2015-07-06,2015,"Random",0,0.603682946357087,1
2015-07-07,2015,"Random",0,0.603682946357087,1
2015-07-08,2015,"Random",0,0.603682946357087,1
2015-07-09,2015,"Random",0,0.603682946357087,1
2015-07-10,2015,"Random",0,0.603682946357087,1
2015-07-13,2015,"Random",0,0.603682946357087,0
2015-07-14,2015,"Random",0,0.603682946357087,1
2015-07-15,2015,"Random",0,0.603682946357087,1
2015-07-16,2015,"Random",0,0.603682946357087,0
2015-07-17,2015,"Random",0,0.603682946357087,1
2015-07-20,2015,"Random",0,0.603682946357087,0
2015-07-21,2015,"Random",0,0.603682946357087,0
2015-07-22,2015,"Random",0,0.603682946357087,1
2015-07-23,2015,"Random",0,0.603682946357087,0
2015-07-24,2015,"Random",0,0.603682946357087,1
2015-07-27,2015,"Random",0,0.603682946357087,1
2015-07-28,2015,"Random",0,0.603682946357087,1
2015-07-29,2015,"Random",0,0.603682946357087,1
2015-07-30,2015,"Random",0,0.603682946357087,1
2015-07-31,2015,"Random",0,0.603682946357087,0
2015-08-03,2015,"Random",0,0.603682946357087,1
2015-08-04,2015,"Random",0,0.603682946357087,1
2015-08-05,2015,"Random",0,0.603682946357087,0
2015-08-06,2015,"Random",0,0.603682946357087,0
2015-08-07,2015,"Random",0,0.603682946357087,1
2015-08-10,2015,"Random",0,0.603682946357087,1
2015-08-11,2015,"Random",0,0.603682946357087,0
2015-08-12,2015,"Random",0,0.603682946357087,0
2015-08-13,2015,"Random",0,0.603682946357087,1
2015-08-14,2015,"Random",0,0.603682946357087,0
2015-08-17,2015,"Random",0,0.603682946357087,0
2015-08-18,2015,"Random",0,0.603682946357087,1
2015-08-19,2015,"Random",0,0.603682946357087,1
2015-08-20,2015,"Random",1,0.603682946357087,0
2015-08-21,2015,"Random",1,0.603682946357087,0
2015-08-24,2015,"Random",1,0.603682946357087,1
2015-08-25,2015,"Random",1,0.603682946357087,1
2015-08-26,2015,"Random",1,0.603682946357087,1
2015-08-27,2015,"Random",1,0.603682946357087,1
2015-08-28,2015,"Random",1,0.603682946357087,1
2015-08-31,2015,"Random",1,0.603682946357087,1
2015-09-01,2015,"Random",1,0.603682946357087,1
2015-09-02,2015,"Random",1,0.603682946357087,1
2015-09-03,2015,"Random",1,0.603682946357087,0
2015-09-04,2015,"Random",1,0.603682946357087,1
2015-09-07,2015,"Random",1,0.603682946357087,1
2015-09-08,2015,"Random",1,0.603682946357087,1
2015-09-09,2015,"Random",1,0.603682946357087,1
2015-09-10,2015,"Random",1,0.603682946357087,0
2015-09-11,2015,"Random",1,0.603682946357087,0
2015-09-14,2015,"Random",1,0.603682946357087,1
2015-09-15,2015,"Random",1,0.603682946357087,1
2015-09-16,2015,"Random",1,0.603682946357087,1
2015-09-17,2015,"Random",1,0.603682946357087,1
2015-09-18,2015,"Random",1,0.603682946357087,0
2015-09-21,2015,"Random",1,0.603682946357087,0
2015-09-22,2015,"Random",1,0.603682946357087,1
2015-09-23,2015,"Random",1,0.603682946357087,0
2015-09-24,2015,"Random",1,0.603682946357087,0
2015-09-25,2015,"Random",1,0.603682946357087,1
2015-09-28,2015,"Random",1,0.603682946357087,0
2015-09-29,2015,"Random",1,0.603682946357087,0
2015-09-30,2015,"Random",1,0.603682946357087,1
2015-10-01,2015,"Random",1,0.603682946357087,0
2015-10-02,2015,"Random",1,0.603682946357087,1
2015-10-05,2015,"Random",0,0.603682946357087,1
2015-10-06,2015,"Random",1,0.603682946357087,1
2015-10-07,2015,"Random",1,0.603682946357087,1
2015-10-08,2015,"Random",1,0.603682946357087,1
2015-10-09,2015,"Random",1,0.603682946357087,0
2015-10-12,2015,"Random",0,0.603682946357087,0
2015-10-13,2015,"Random",0,0.603682946357087,1
2015-10-14,2015,"Random",1,0.603682946357087,0
2015-10-15,2015,"Random",1,0.603682946357087,1
2015-10-16,2015,"Random",1,0.603682946357087,1
2015-10-19,2015,"Random",1,0.603682946357087,1
2015-10-20,2015,"Random",0,0.603682946357087,0
2015-10-21,2015,"Random",0,0.603682946357087,0
2015-10-22,2015,"Random",0,0.603682946357087,0
2015-10-23,2015,"Random",0,0.603682946357087,0
2015-10-26,2015,"Random",0,0.603682946357087,0
2015-10-27,2015,"Random",0,0.603682946357087,1
2015-10-28,2015,"Random",0,0.603682946357087,0
2015-10-29,2015,"Random",0,0.603682946357087,1
2015-10-30,2015,"Random",0,0.603682946357087,1
2015-11-02,2015,"Random",0,0.603682946357087,0
2015-11-03,2015,"Random",0,0.603682946357087,1
2015-11-04,2015,"Random",0,0.603682946357087,1
2015-11-05,2015,"Random",0,0.603682946357087,1
2015-11-06,2015,"Random",0,0.603682946357087,1
2015-11-09,2015,"Random",0,0.603682946357087,0
2015-11-10,2015,"Random",0,0.603682946357087,1
2015-11-11,2015,"Random",0,0.603682946357087,1
2015-11-12,2015,"Random",0,0.603682946357087,1
2015-11-13,2015,"Random",0,0.603682946357087,0
2015-11-16,2015,"Random",0,0.603682946357087,1
2015-11-17,2015,"Random",0,0.603682946357087,0
2015-11-18,2015,"Random",0,0.603682946357087,1
2015-11-19,2015,"Random",0,0.603682946357087,0
2015-11-20,2015,"Random",0,0.603682946357087,1
2015-11-23,2015,"Random",0,0.603682946357087,0
2015-11-24,2015,"Random",0,0.603682946357087,1
2015-11-25,2015,"Random",0,0.603682946357087,0
2015-11-26,2015,"Random",0,0.603682946357087,0
2015-11-27,2015,"Random",0,0.603682946357087,0
2015-11-30,2015,"Random",0,0.603682946357087,1
2015-12-01,2015,"Random",0,0.603682946357087,0
2015-12-02,2015,"Random",0,0.603682946357087,0
2015-12-03,2015,"Random",0,0.603682946357087,1
2015-12-04,2015,"Random",0,0.603682946357087,1
2015-12-07,2015,"Random",0,0.603682946357087,1
2015-12-08,2015,"Random",0,0.603682946357087,1
2015-12-09,2015,"Random",0,0.603682946357087,1
2015-12-10,2015,"Random",0,0.603682946357087,1
2015-12-11,2015,"Random",0,0.603682946357087,1
2015-12-14,2015,"Random",0,0.603682946357087,1
2015-12-15,2015,"Random",0,0.603682946357087,1
2015-12-16,2015,"Random",0,0.603682946357087,1
2015-12-17,2015,"Random",0,0.603682946357087,0
2015-12-18,2015,"Random",0,0.603682946357087,0
2015-12-21,2015,"Random",0,0.603682946357087,1
2015-12-22,2015,"Random",0,0.603682946357087,1
2015-12-23,2015,"Random",0,0.603682946357087,1
2015-12-28,2015,"Random",0,0.603682946357087,0
2015-12-29,2015,"Random",0,0.603682946357087,0
2015-12-30,2015,"Random",0,0.603682946357087,1
2016-01-04,2016,"Logistic",0,0.794472129175061,1
2016-01-05,2016,"Logistic",0,0.753784964214939,1
2016-01-06,2016,"Logistic",0,0.731313003709042,1
2016-01-07,2016,"Logistic",0,0.725378880782154,1
2016-01-08,2016,"Logistic",1,0.776328629180843,1
2016-01-11,2016,"Logistic",1,0.781374131798405,1
2016-01-12,2016,"Logistic",0,0.738164295158806,1
2016-01-13,2016,"Logistic",0,0.729374980859273,1
2016-01-14,2016,"Logistic",0,0.736718703907867,1
2016-01-15,2016,"Logistic",1,0.777341321201728,1
2016-01-18,2016,"Logistic",1,0.777979053569586,1
2016-01-19,2016,"Logistic",1,0.742826153248678,1
2016-01-20,2016,"Logistic",1,0.806191002297446,1
2016-01-21,2016,"Logistic",1,0.782257731235192,1
2016-01-22,2016,"Logistic",0,0.758066132177347,1
2016-01-25,2016,"Logistic",0,0.771882946850678,1
2016-01-26,2016,"Logistic",0,0.715836849150016,1
2016-01-27,2016,"Logistic",0,0.723918281347938,1
2016-01-28,2016,"Logistic",0,0.763880170328393,1
2016-01-29,2016,"Logistic",0,0.696887373796012,1
2016-02-01,2016,"Logistic",1,0.676720053116275,1
2016-02-02,2016,"Logistic",1,0.723199576958778,1
2016-02-03,2016,"Logistic",1,0.781071583536755,1
2016-02-04,2016,"Logistic",1,0.767177250960443,1
2016-02-05,2016,"Logistic",1,0.749848982621916,1
2016-02-08,2016,"Logistic",1,0.818420602593509,1
2016-02-09,2016,"Logistic",1,0.839506308680975,1
2016-02-10,2016,"Logistic",1,0.81673528203244,1
2016-02-11,2016,"Logistic",1,0.882911171181206,1
2016-02-12,2016,"Logistic",1,0.83712759902152,1
2016-02-15,2016,"Logistic",1,0.810992199976312,1
2016-02-16,2016,"Logistic",1,0.828473597539735,1
2016-02-17,2016,"Logistic",1,0.738970916347556,1
2016-02-18,2016,"Logistic",1,0.778644357171388,1
2016-02-19,2016,"Logistic",1,0.769952568973986,1
2016-02-22,2016,"Logistic",1,0.685187006318152,1
2016-02-23,2016,"Logistic",1,0.754198782625757,1
2016-02-24,2016,"Logistic",1,0.796819948901135,1
2016-02-25,2016,"Logistic",1,0.751727071232515,1
2016-02-26,2016,"Logistic",1,0.722027777915206,1
2016-02-29,2016,"Logistic",0,0.662187236166497,1
2016-03-01,2016,"Logistic",0,0.634209394300958,1
2016-03-02,2016,"Logistic",0,0.628077860013185,1
2016-03-03,2016,"Logistic",0,0.63037536560439,1
2016-03-04,2016,"Logistic",0,0.604447941444079,1
2016-03-07,2016,"Logistic",0,0.572253509284221,1
2016-03-08,2016,"Logistic",0,0.568119118097325,1
2016-03-09,2016,"Logistic",0,0.580596774173236,1
2016-03-10,2016,"Logistic",1,0.582450466004045,1
2016-03-11,2016,"Logistic",0,0.507843232059522,1
2016-03-14,2016,"Logistic",0,0.505616191398005,1
2016-03-15,2016,"Logistic",1,0.547859308023292,1
2016-03-16,2016,"Logistic",1,0.570809101369035,1
2016-03-17,2016,"Logistic",0,0.60606772090928,1
2016-03-18,2016,"Logistic",0,0.557172793014536,1
2016-03-21,2016,"Logistic",0,0.594499247332249,1
2016-03-22,2016,"Logistic",0,0.586463504329821,1
2016-03-23,2016,"Logistic",0,0.566955603689263,1
2016-03-24,2016,"Logistic",1,0.663574029937247,1
2016-03-29,2016,"Logistic",0,0.630372249288339,1
2016-03-30,2016,"Logistic",0,0.598261452635042,1
2016-03-31,2016,"Logistic",0,0.650678410650298,1
2016-04-01,2016,"Logistic",0,0.678062384818857,1
2016-04-04,2016,"Logistic",0,0.683415191969101,1
2016-04-05,2016,"Logistic",0,0.73104291237754,1
2016-04-06,2016,"Logistic",0,0.694188855709254,1
2016-04-07,2016,"Logistic",1,0.718100149000302,1
2016-04-08,2016,"Logistic",1,0.713018970364157,1
2016-04-11,2016,"Logistic",1,0.684120517563542,1
2016-04-12,2016,"Logistic",1,0.672291552282245,1
2016-04-13,2016,"Logistic",0,0.599231021739429,1
2016-04-14,2016,"Logistic",0,0.575446318862964,1
2016-04-15,2016,"Logistic",0,0.577772786927318,1
2016-04-18,2016,"Logistic",0,0.566662413929255,1
2016-04-19,2016,"Logistic",0,0.568606530322947,1
2016-04-20,2016,"Logistic",0,0.513372630964559,1
2016-04-21,2016,"Logistic",0,0.531152524724365,1
2016-04-22,2016,"Logistic",0,0.550757128461679,1
2016-04-25,2016,"Logistic",0,0.528183823657229,1
2016-04-26,2016,"Logistic",0,0.516112386465364,1
2016-04-27,2016,"Logistic",0,0.497982594229012,0
2016-04-28,2016,"Logistic",0,0.482909807046888,0
2016-04-29,2016,"Logistic",0,0.543304701181056,1
2016-05-02,2016,"Logistic",0,0.573561611009248,1
2016-05-03,2016,"Logistic",0,0.618439926797648,1
2016-05-04,2016,"Logistic",1,0.619462946226502,1
2016-05-06,2016,"Logistic",1,0.567242494924551,1
2016-05-09,2016,"Logistic",0,0.587965760666137,1
2016-05-10,2016,"Logistic",0,0.575761406269264,1
2016-05-11,2016,"Logistic",1,0.610447427784001,1
2016-05-12,2016,"Logistic",1,0.617954679935646,1
2016-05-13,2016,"Logistic",1,0.596394038775104,1
2016-05-17,2016,"Logistic",1,0.601415901873671,1
2016-05-18,2016,"Logistic",1,0.583308518448749,1
2016-05-19,2016,"Logistic",1,0.622440935210012,1
2016-05-20,2016,"Logistic",1,0.625703611707708,1
2016-05-23,2016,"Logistic",0,0.636377075976323,1
2016-05-24,2016,"Logistic",0,0.567605777295836,1
2016-05-25,2016,"Logistic",0,0.530357233280396,1
2016-05-26,2016,"Logistic",0,0.528826853990163,1
2016-05-27,2016,"Logistic",0,0.522423970531514,1
2016-05-30,2016,"Logistic",0,0.534258884510369,1
2016-05-31,2016,"Logistic",0,0.487335386960316,0
2016-06-01,2016,"Logistic",1,0.491456603524887,0
2016-06-02,2016,"Logistic",1,0.480171580495385,0
2016-06-03,2016,"Logistic",1,0.501955228274519,1
2016-06-06,2016,"Logistic",1,0.509703728863221,1
2016-06-07,2016,"Logistic",0,0.492990563417207,0
2016-06-08,2016,"Logistic",0,0.512481743362754,1
2016-06-09,2016,"Logistic",0,0.532413792490754,1
2016-06-10,2016,"Logistic",1,0.630708983052891,1
2016-06-13,2016,"Logistic",1,0.666044905706636,1
2016-06-14,2016,"Logistic",1,0.68180055203049,1
2016-06-15,2016,"Logistic",1,0.668825943421557,1
2016-06-16,2016,"Logistic",1,0.650646901705269,1
2016-06-17,2016,"Logistic",1,0.661916121330837,1
2016-06-20,2016,"Logistic",1,0.632457741021506,1
2016-06-21,2016,"Logistic",1,0.622193674758043,1
2016-06-22,2016,"Logistic",1,0.600327268391885,1
2016-06-23,2016,"Logistic",1,0.565870016832506,1
2016-06-24,2016,"Logistic",1,0.893761919156185,1
2016-06-27,2016,"Logistic",1,0.910115689272594,1
2016-06-28,2016,"Logistic",1,0.88242715890968,1
2016-06-29,2016,"Logistic",1,0.840204065528373,1
2016-06-30,2016,"Logistic",1,0.804669624010712,1
2016-07-01,2016,"Logistic",1,0.840111010328491,1
2016-07-04,2016,"Logistic",1,0.859605640370005,1
2016-07-05,2016,"Logistic",1,0.868647153368298,1
2016-07-06,2016,"Logistic",1,0.870548234055916,1
2016-07-07,2016,"Logistic",1,0.833504289003956,1
2016-07-08,2016,"Logistic",1,0.801026716536851,1
2016-07-11,2016,"Logistic",1,0.776220967833286,1
2016-07-12,2016,"Logistic",1,0.734483853173066,1
2016-07-13,2016,"Logistic",1,0.762770798679794,1
2016-07-14,2016,"Logistic",1,0.733143826939586,1
2016-07-15,2016,"Logistic",1,0.738027369852071,1
2016-07-18,2016,"Logistic",1,0.75433469350031,1
2016-07-19,2016,"Logistic",1,0.770784452733753,1
2016-07-20,2016,"Logistic",1,0.759453330582473,1
2016-07-21,2016,"Logistic",1,0.758607487430659,1
2016-07-22,2016,"Logistic",1,0.577676102760766,1
2016-07-25,2016,"Logistic",1,0.551891471136502,1
2016-07-26,2016,"Logistic",1,0.573519383569592,1
2016-07-27,2016,"Logistic",1,0.568426244350112,1
2016-07-28,2016,"Logistic",1,0.614835893433666,1
2016-07-29,2016,"Logistic",1,0.603582278409928,1
2016-08-02,2016,"Logistic",1,0.73870302264476,1
2016-08-03,2016,"Logistic",1,0.700436913435883,1
2016-08-04,2016,"Logistic",1,0.642838704154246,1
2016-08-05,2016,"Logistic",1,0.610295994844462,1
2016-08-08,2016,"Logistic",1,0.604070388955651,1
2016-08-09,2016,"Logistic",1,0.597520933809742,1
2016-08-10,2016,"Logistic",1,0.622346502018627,1
2016-08-11,2016,"Logistic",1,0.594131510917019,1
2016-08-12,2016,"Logistic",1,0.604077092009211,1
2016-08-15,2016,"Logistic",1,0.61349436742895,1
2016-08-16,2016,"Logistic",1,0.635325816203032,1
2016-08-17,2016,"Logistic",1,0.668218612579276,1
2016-08-18,2016,"Logistic",1,0.655894177986374,1
2016-08-19,2016,"Logistic",1,0.6741415911117,1
2016-08-22,2016,"Logistic",1,0.676656143718691,1
2016-08-23,2016,"Logistic",1,0.665904348330018,1
2016-08-24,2016,"Logistic",0,0.667170330662154,1
2016-08-25,2016,"Logistic",0,0.690558986494576,1
2016-08-26,2016,"Logistic",0,0.661772464428619,1
2016-08-29,2016,"Logistic",1,0.678670505676337,1
2016-08-30,2016,"Logistic",0,0.574870752770102,1
2016-08-31,2016,"Logistic",1,0.590935203222782,1
2016-09-01,2016,"Logistic",1,0.608009616178379,1
2016-09-02,2016,"Logistic",0,0.565649574870119,1
2016-09-05,2016,"Logistic",0,0.486217373269861,0
2016-09-06,2016,"Logistic",0,0.472731151357807,0
2016-09-07,2016,"Logistic",0,0.449804266397478,0
2016-09-08,2016,"Logistic",0,0.461525661934205,0
2016-09-09,2016,"Logistic",0,0.45995189764219,0
2016-09-12,2016,"Logistic",1,0.499984980699672,0
2016-09-13,2016,"Logistic",1,0.534221764093735,1
2016-09-14,2016,"Logistic",1,0.507066697349125,1
2016-09-15,2016,"Logistic",1,0.486405017588924,0
2016-09-16,2016,"Logistic",1,0.504160099089119,1
2016-09-19,2016,"Logistic",1,0.497847702363345,0
2016-09-20,2016,"Logistic",1,0.507293014759885,1
2016-09-21,2016,"Logistic",1,0.49353048187266,0
2016-09-22,2016,"Logistic",0,0.456729963728385,0
2016-09-23,2016,"Logistic",0,0.490236897906933,0
2016-09-26,2016,"Logistic",1,0.540412358049458,1
2016-09-27,2016,"Logistic",1,0.551547270994904,1
2016-09-28,2016,"Logistic",1,0.530490848121336,1
2016-09-29,2016,"Logistic",1,0.489791031959925,0
2016-09-30,2016,"Logistic",1,0.489857951639375,0
2016-10-03,2016,"Logistic",1,0.513672027946991,1
2016-10-04,2016,"Logistic",1,0.495497095001781,0
2016-10-05,2016,"Logistic",1,0.4898001750739,0
2016-10-06,2016,"Logistic",1,0.477364935112938,0
2016-10-07,2016,"Logistic",1,0.469517939736538,0
2016-10-10,2016,"Logistic",1,0.443192233795256,0
2016-10-11,2016,"Logistic",1,0.413830581692052,0
2016-10-12,2016,"Logistic",1,0.419119302514773,0
2016-10-13,2016,"Logistic",1,0.451946391807056,0
2016-10-14,2016,"Logistic",1,0.416393687482788,0
2016-10-17,2016,"Logistic",1,0.431408871081064,0
2016-10-18,2016,"Logistic",1,0.399083283922185,0
2016-10-19,2016,"Logistic",1,0.417712499389934,0
2016-10-20,2016,"Logistic",1,0.443564165422809,0
2016-10-21,2016,"Logistic",1,0.425174579663452,0
2016-10-24,2016,"Logistic",1,0.411797138523721,0
2016-10-25,2016,"Logistic",1,0.406438244996787,0
2016-10-26,2016,"Logistic",1,0.413986646056416,0
2016-10-27,2016,"Logistic",1,0.418168526329643,0
2016-10-28,2016,"Logistic",1,0.420528417047421,0
2016-10-31,2016,"Logistic",1,0.422216172398725,0
2016-11-01,2016,"Logistic",1,0.430688812830804,0
2016-11-02,2016,"Logistic",1,0.492207951717052,0
2016-11-03,2016,"Logistic",1,0.483639577813962,0
2016-11-04,2016,"Logistic",1,0.455127934454969,0
2016-11-07,2016,"Logistic",1,0.474329618917322,0
2016-11-08,2016,"Logistic",1,0.470147991684227,0
2016-11-09,2016,"Logistic",1,0.458875574263408,0
2016-11-10,2016,"Logistic",1,0.445598179070122,0
2016-11-11,2016,"Logistic",1,0.448617125511505,0
2016-11-14,2016,"Logistic",1,0.419275358247944,0
2016-11-15,2016,"Logistic",1,0.419635830829362,0
2016-11-16,2016,"Logistic",1,0.423821025203184,0
2016-11-17,2016,"Logistic",1,0.431994333382063,0
2016-11-18,2016,"Logistic",1,0.448774312040831,0
2016-11-21,2016,"Logistic",1,0.437927387396696,0
2016-11-22,2016,"Logistic",1,0.426802314345979,0
2016-11-23,2016,"Logistic",1,0.427374984877101,0
2016-11-24,2016,"Logistic",1,0.422124979817579,0
2016-11-25,2016,"Logistic",1,0.429059255428423,0
2016-11-28,2016,"Logistic",1,0.415630807692815,0
2016-11-29,2016,"Logistic",1,0.449297966779344,0
2016-11-30,2016,"Logistic",1,0.396845628705835,0
2016-12-01,2016,"Logistic",1,0.414079455243447,0
2016-12-02,2016,"Logistic",1,0.402185878970635,0
2016-12-05,2016,"Logistic",1,0.376571985189735,0
2016-12-06,2016,"Logistic",1,0.3737449051031,0
2016-12-07,2016,"Logistic",1,0.381302799156358,0
2016-12-08,2016,"Logistic",1,0.396776435159394,0
2016-12-09,2016,"Logistic",1,0.405439129965806,0
2016-12-12,2016,"Logistic",1,0.416427875997893,0
2016-12-13,2016,"Logistic",1,0.398838014446873,0
2016-12-14,2016,"Logistic",1,0.383141981736184,0
2016-12-15,2016,"Logistic",1,0.36727638316408,0
2016-12-16,2016,"Logistic",1,0.379074149265341,0
2016-12-19,2016,"Logistic",1,0.398898771864811,0
2016-12-20,2016,"Logistic",1,0.384537473341698,0
2016-12-21,2016,"Logistic",1,0.394761927438136,0
2016-12-22,2016,"Logistic",1,0.392960170268397,0
2016-12-23,2016,"Logistic",1,0.40217920721967,0
2016-12-27,2016,"Logistic",1,0.402386586249023,0
2016-12-28,2016,"Logistic",1,0.410927730148296,0
2016-12-29,2016,"Logistic",1,0.433604859341452,0
2016-12-30,2016,"Logistic",1,0.418174450152672,0
2016-01-04,2016,"DecisionTree",0,0.291666666666667,0
2016-01-05,2016,"DecisionTree",0,0.291666666666667,0
2016-01-06,2016,"DecisionTree",0,0.291666666666667,0
2016-01-07,2016,"DecisionTree",0,0.291666666666667,0
2016-01-08,2016,"DecisionTree",1,0.291666666666667,0
2016-01-11,2016,"DecisionTree",1,0.291666666666667,0
2016-01-12,2016,"DecisionTree",0,0.291666666666667,0
2016-01-13,2016,"DecisionTree",0,0.291666666666667,0
2016-01-14,2016,"DecisionTree",0,0.291666666666667,0
2016-01-15,2016,"DecisionTree",1,0.291666666666667,0
2016-01-18,2016,"DecisionTree",1,0.384615384615385,0
2016-01-19,2016,"DecisionTree",1,0.747368421052632,1
2016-01-20,2016,"DecisionTree",1,0.384615384615385,0
2016-01-21,2016,"DecisionTree",1,0.291666666666667,0
2016-01-22,2016,"DecisionTree",0,0.909090909090909,1
2016-01-25,2016,"DecisionTree",0,0.909090909090909,1
2016-01-26,2016,"DecisionTree",0,0.909090909090909,1
2016-01-27,2016,"DecisionTree",0,0.909090909090909,1
2016-01-28,2016,"DecisionTree",0,0.909090909090909,1
2016-01-29,2016,"DecisionTree",0,0.909090909090909,1
2016-02-01,2016,"DecisionTree",1,0.909090909090909,1
2016-02-02,2016,"DecisionTree",1,0.909090909090909,1
2016-02-03,2016,"DecisionTree",1,0.909090909090909,1
2016-02-04,2016,"DecisionTree",1,0.909090909090909,1
2016-02-05,2016,"DecisionTree",1,0.909090909090909,1
2016-02-08,2016,"DecisionTree",1,0.909090909090909,1
2016-02-09,2016,"DecisionTree",1,0.909090909090909,1
2016-02-10,2016,"DecisionTree",1,0.909090909090909,1
2016-02-11,2016,"DecisionTree",1,0.909090909090909,1
2016-02-12,2016,"DecisionTree",1,0.909090909090909,1
2016-02-15,2016,"DecisionTree",1,0.909090909090909,1
2016-02-16,2016,"DecisionTree",1,0.909090909090909,1
2016-02-17,2016,"DecisionTree",1,0.909090909090909,1
2016-02-18,2016,"DecisionTree",1,0.909090909090909,1
2016-02-19,2016,"DecisionTree",1,0.909090909090909,1
2016-02-22,2016,"DecisionTree",1,0.909090909090909,1
2016-02-23,2016,"DecisionTree",1,0.909090909090909,1
2016-02-24,2016,"DecisionTree",1,0.909090909090909,1
2016-02-25,2016,"DecisionTree",1,0.909090909090909,1
2016-02-26,2016,"DecisionTree",1,0.909090909090909,1
2016-02-29,2016,"DecisionTree",0,0.909090909090909,1
2016-03-01,2016,"DecisionTree",0,0.909090909090909,1
2016-03-02,2016,"DecisionTree",0,0.193548387096774,0
2016-03-03,2016,"DecisionTree",0,0.193548387096774,0
2016-03-04,2016,"DecisionTree",0,0.193548387096774,0
2016-03-07,2016,"DecisionTree",0,0.193548387096774,0
2016-03-08,2016,"DecisionTree",0,0.193548387096774,0
2016-03-09,2016,"DecisionTree",0,0.193548387096774,0
2016-03-10,2016,"DecisionTree",1,0.193548387096774,0
2016-03-11,2016,"DecisionTree",0,0.193548387096774,0
2016-03-14,2016,"DecisionTree",0,0.193548387096774,0
2016-03-15,2016,"DecisionTree",1,0.193548387096774,0
2016-03-16,2016,"DecisionTree",1,0.193548387096774,0
2016-03-17,2016,"DecisionTree",0,0.193548387096774,0
2016-03-18,2016,"DecisionTree",0,0.193548387096774,0
2016-03-21,2016,"DecisionTree",0,0.193548387096774,0
2016-03-22,2016,"DecisionTree",0,0.846153846153846,1
2016-03-23,2016,"DecisionTree",0,0.846153846153846,1
2016-03-24,2016,"DecisionTree",1,0.846153846153846,1
2016-03-29,2016,"DecisionTree",0,0.846153846153846,1
2016-03-30,2016,"DecisionTree",0,0.846153846153846,1
2016-03-31,2016,"DecisionTree",0,0.846153846153846,1
2016-04-01,2016,"DecisionTree",0,0.846153846153846,1
2016-04-04,2016,"DecisionTree",0,0.148148148148148,0
2016-04-05,2016,"DecisionTree",0,0.846153846153846,1
2016-04-06,2016,"DecisionTree",0,0.846153846153846,1
2016-04-07,2016,"DecisionTree",1,0.909090909090909,1
2016-04-08,2016,"DecisionTree",1,0.909090909090909,1
2016-04-11,2016,"DecisionTree",1,0.909090909090909,1
2016-04-12,2016,"DecisionTree",1,0.263157894736842,0
2016-04-13,2016,"DecisionTree",0,0.846153846153846,1
2016-04-14,2016,"DecisionTree",0,0.263157894736842,0
2016-04-15,2016,"DecisionTree",0,0.691358024691358,1
2016-04-18,2016,"DecisionTree",0,0.691358024691358,1
2016-04-19,2016,"DecisionTree",0,0.909090909090909,1
2016-04-20,2016,"DecisionTree",0,0.747368421052632,1
2016-04-21,2016,"DecisionTree",0,0.747368421052632,1
2016-04-22,2016,"DecisionTree",0,0.747368421052632,1
2016-04-25,2016,"DecisionTree",0,0.691358024691358,1
2016-04-26,2016,"DecisionTree",0,0.16,0
2016-04-27,2016,"DecisionTree",0,0.16,0
2016-04-28,2016,"DecisionTree",0,0.16,0
2016-04-29,2016,"DecisionTree",0,0.747368421052632,1
2016-05-02,2016,"DecisionTree",0,0.747368421052632,1
2016-05-03,2016,"DecisionTree",0,0.384615384615385,0
2016-05-04,2016,"DecisionTree",1,0.384615384615385,0
2016-05-06,2016,"DecisionTree",1,0.691358024691358,1
2016-05-09,2016,"DecisionTree",0,0.691358024691358,1
2016-05-10,2016,"DecisionTree",0,0.855263157894737,1
2016-05-11,2016,"DecisionTree",1,0.855263157894737,1
2016-05-12,2016,"DecisionTree",1,0.855263157894737,1
2016-05-13,2016,"DecisionTree",1,0.855263157894737,1
2016-05-17,2016,"DecisionTree",1,0.263157894736842,0
2016-05-18,2016,"DecisionTree",1,0.263157894736842,0
2016-05-19,2016,"DecisionTree",1,0.263157894736842,0
2016-05-20,2016,"DecisionTree",1,0.263157894736842,0
2016-05-23,2016,"DecisionTree",0,0.855263157894737,1
2016-05-24,2016,"DecisionTree",0,0.263157894736842,0
2016-05-25,2016,"DecisionTree",0,0.263157894736842,0
2016-05-26,2016,"DecisionTree",0,0.148148148148148,0
2016-05-27,2016,"DecisionTree",0,0.148148148148148,0
2016-05-30,2016,"DecisionTree",0,0.691358024691358,1
2016-05-31,2016,"DecisionTree",0,0.691358024691358,1
2016-06-01,2016,"DecisionTree",1,0.691358024691358,1
2016-06-02,2016,"DecisionTree",1,0.24390243902439,0
2016-06-03,2016,"DecisionTree",1,0.24390243902439,0
2016-06-06,2016,"DecisionTree",1,0.24390243902439,0
2016-06-07,2016,"DecisionTree",0,0.691358024691358,1
2016-06-08,2016,"DecisionTree",0,0.691358024691358,1
2016-06-09,2016,"DecisionTree",0,0.691358024691358,1
2016-06-10,2016,"DecisionTree",1,0.691358024691358,1
2016-06-13,2016,"DecisionTree",1,0.62962962962963,1
2016-06-14,2016,"DecisionTree",1,0.384615384615385,0
2016-06-15,2016,"DecisionTree",1,0.384615384615385,0
2016-06-16,2016,"DecisionTree",1,0.384615384615385,0
2016-06-17,2016,"DecisionTree",1,0.747368421052632,1
2016-06-20,2016,"DecisionTree",1,0.747368421052632,1
2016-06-21,2016,"DecisionTree",1,0.747368421052632,1
2016-06-22,2016,"DecisionTree",1,0.747368421052632,1
2016-06-23,2016,"DecisionTree",1,0.747368421052632,1
2016-06-24,2016,"DecisionTree",1,0.909090909090909,1
2016-06-27,2016,"DecisionTree",1,0.909090909090909,1
2016-06-28,2016,"DecisionTree",1,0.909090909090909,1
2016-06-29,2016,"DecisionTree",1,0.909090909090909,1
2016-06-30,2016,"DecisionTree",1,0.909090909090909,1
2016-07-01,2016,"DecisionTree",1,0.909090909090909,1
2016-07-04,2016,"DecisionTree",1,0.909090909090909,1
2016-07-05,2016,"DecisionTree",1,0.909090909090909,1
2016-07-06,2016,"DecisionTree",1,0.909090909090909,1
2016-07-07,2016,"DecisionTree",1,0.909090909090909,1
2016-07-08,2016,"DecisionTree",1,0.909090909090909,1
2016-07-11,2016,"DecisionTree",1,0.909090909090909,1
2016-07-12,2016,"DecisionTree",1,0.909090909090909,1
2016-07-13,2016,"DecisionTree",1,0.909090909090909,1
2016-07-14,2016,"DecisionTree",1,0.909090909090909,1
2016-07-15,2016,"DecisionTree",1,0.909090909090909,1
2016-07-18,2016,"DecisionTree",1,0.909090909090909,1
2016-07-19,2016,"DecisionTree",1,0.909090909090909,1
2016-07-20,2016,"DecisionTree",1,0.909090909090909,1
2016-07-21,2016,"DecisionTree",1,0.193548387096774,0
2016-07-22,2016,"DecisionTree",1,0.193548387096774,0
2016-07-25,2016,"DecisionTree",1,0.260869565217391,0
2016-07-26,2016,"DecisionTree",1,0.260869565217391,0
2016-07-27,2016,"DecisionTree",1,0.691358024691358,1
2016-07-28,2016,"DecisionTree",1,0.691358024691358,1
2016-07-29,2016,"DecisionTree",1,0.691358024691358,1
2016-08-02,2016,"DecisionTree",1,0.691358024691358,1
2016-08-03,2016,"DecisionTree",1,0.691358024691358,1
2016-08-04,2016,"DecisionTree",1,0.260869565217391,0
2016-08-05,2016,"DecisionTree",1,0.260869565217391,0
2016-08-08,2016,"DecisionTree",1,0.24390243902439,0
2016-08-09,2016,"DecisionTree",1,0.24390243902439,0
2016-08-10,2016,"DecisionTree",1,0.24390243902439,0
2016-08-11,2016,"DecisionTree",1,0.24390243902439,0
2016-08-12,2016,"DecisionTree",1,0.24390243902439,0
2016-08-15,2016,"DecisionTree",1,0.777777777777778,1
2016-08-16,2016,"DecisionTree",1,0.777777777777778,1
2016-08-17,2016,"DecisionTree",1,0.24390243902439,0
2016-08-18,2016,"DecisionTree",1,0.777777777777778,1
2016-08-19,2016,"DecisionTree",1,0.35,0
2016-08-22,2016,"DecisionTree",1,0.844444444444444,1
2016-08-23,2016,"DecisionTree",1,0.691358024691358,1
2016-08-24,2016,"DecisionTree",0,0.691358024691358,1
2016-08-25,2016,"DecisionTree",0,0.691358024691358,1
2016-08-26,2016,"DecisionTree",0,0.777777777777778,1
2016-08-29,2016,"DecisionTree",1,0.777777777777778,1
2016-08-30,2016,"DecisionTree",0,0.26,0
2016-08-31,2016,"DecisionTree",1,0.26,0
2016-09-01,2016,"DecisionTree",1,0.26,0
2016-09-02,2016,"DecisionTree",0,0.24390243902439,0
2016-09-05,2016,"DecisionTree",0,0.24390243902439,0
2016-09-06,2016,"DecisionTree",0,0.26,0
2016-09-07,2016,"DecisionTree",0,0.24390243902439,0
2016-09-08,2016,"DecisionTree",0,0.26,0
2016-09-09,2016,"DecisionTree",0,0.24390243902439,0
2016-09-12,2016,"DecisionTree",1,0.947368421052632,1
2016-09-13,2016,"DecisionTree",1,0.947368421052632,1
2016-09-14,2016,"DecisionTree",1,0.947368421052632,1
2016-09-15,2016,"DecisionTree",1,0.947368421052632,1
2016-09-16,2016,"DecisionTree",1,0.947368421052632,1
2016-09-19,2016,"DecisionTree",1,0.857142857142857,1
2016-09-20,2016,"DecisionTree",1,0.947368421052632,1
2016-09-21,2016,"DecisionTree",1,0.16,0
2016-09-22,2016,"DecisionTree",0,0.35,0
2016-09-23,2016,"DecisionTree",0,0.35,0
2016-09-26,2016,"DecisionTree",1,0.230769230769231,0
2016-09-27,2016,"DecisionTree",1,0.855263157894737,1
2016-09-28,2016,"DecisionTree",1,0.855263157894737,1
2016-09-29,2016,"DecisionTree",1,0.855263157894737,1
2016-09-30,2016,"DecisionTree",1,0.947368421052632,1
2016-10-03,2016,"DecisionTree",1,0.947368421052632,1
2016-10-04,2016,"DecisionTree",1,0.947368421052632,1
2016-10-05,2016,"DecisionTree",1,0.947368421052632,1
2016-10-06,2016,"DecisionTree",1,0.947368421052632,1
2016-10-07,2016,"DecisionTree",1,0.947368421052632,1
2016-10-10,2016,"DecisionTree",1,0.24390243902439,0
2016-10-11,2016,"DecisionTree",1,0.16,0
2016-10-12,2016,"DecisionTree",1,0.16,0
2016-10-13,2016,"DecisionTree",1,0.16,0
2016-10-14,2016,"DecisionTree",1,0.24390243902439,0
2016-10-17,2016,"DecisionTree",1,0.24390243902439,0
2016-10-18,2016,"DecisionTree",1,0.16,0
2016-10-19,2016,"DecisionTree",1,0.16,0
2016-10-20,2016,"DecisionTree",1,0.16,0
2016-10-21,2016,"DecisionTree",1,0.16,0
2016-10-24,2016,"DecisionTree",1,0.26,0
2016-10-25,2016,"DecisionTree",1,0.26,0
2016-10-26,2016,"DecisionTree",1,0.26,0
2016-10-27,2016,"DecisionTree",1,0.26,0
2016-10-28,2016,"DecisionTree",1,0.844444444444444,1
2016-10-31,2016,"DecisionTree",1,0.844444444444444,1
2016-11-01,2016,"DecisionTree",1,0.26,0
2016-11-02,2016,"DecisionTree",1,0.26,0
2016-11-03,2016,"DecisionTree",1,0.844444444444444,1
2016-11-04,2016,"DecisionTree",1,0.26,0
2016-11-07,2016,"DecisionTree",1,0.947368421052632,1
2016-11-08,2016,"DecisionTree",1,0.777777777777778,1
2016-11-09,2016,"DecisionTree",1,0.857142857142857,1
2016-11-10,2016,"DecisionTree",1,0.857142857142857,1
2016-11-11,2016,"DecisionTree",1,0.26,0
2016-11-14,2016,"DecisionTree",1,0.26,0
2016-11-15,2016,"DecisionTree",1,0.26,0
2016-11-16,2016,"DecisionTree",1,0.26,0
2016-11-17,2016,"DecisionTree",1,0.26,0
2016-11-18,2016,"DecisionTree",1,0.26,0
2016-11-21,2016,"DecisionTree",1,0.26,0
2016-11-22,2016,"DecisionTree",1,0.26,0
2016-11-23,2016,"DecisionTree",1,0.26,0
2016-11-24,2016,"DecisionTree",1,0.26,0
2016-11-25,2016,"DecisionTree",1,0.26,0
2016-11-28,2016,"DecisionTree",1,0.26,0
2016-11-29,2016,"DecisionTree",1,0.26,0
2016-11-30,2016,"DecisionTree",1,0.26,0
2016-12-01,2016,"DecisionTree",1,0.844444444444444,1
2016-12-02,2016,"DecisionTree",1,0.844444444444444,1
2016-12-05,2016,"DecisionTree",1,0.26,0
2016-12-06,2016,"DecisionTree",1,0.26,0
2016-12-07,2016,"DecisionTree",1,0.26,0
2016-12-08,2016,"DecisionTree",1,0,0
2016-12-09,2016,"DecisionTree",1,0,0
2016-12-12,2016,"DecisionTree",1,0.756756756756757,1
2016-12-13,2016,"DecisionTree",1,0,0
2016-12-14,2016,"DecisionTree",1,0,0
2016-12-15,2016,"DecisionTree",1,0,0
2016-12-16,2016,"DecisionTree",1,0,0
2016-12-19,2016,"DecisionTree",1,0,0
2016-12-20,2016,"DecisionTree",1,0.756756756756757,1
2016-12-21,2016,"DecisionTree",1,0.756756756756757,1
2016-12-22,2016,"DecisionTree",1,0.756756756756757,1
2016-12-23,2016,"DecisionTree",1,0.756756756756757,1
2016-12-27,2016,"DecisionTree",1,0.756756756756757,1
2016-12-28,2016,"DecisionTree",1,0.756756756756757,1
2016-12-29,2016,"DecisionTree",1,0.756756756756757,1
2016-12-30,2016,"DecisionTree",1,0.756756756756757,1
2016-01-04,2016,"RandomForest",0,0.542,1
2016-01-05,2016,"RandomForest",0,0.452,0
2016-01-06,2016,"RandomForest",0,0.424,0
2016-01-07,2016,"RandomForest",0,0.69,1
2016-01-08,2016,"RandomForest",1,0.664,1
2016-01-11,2016,"RandomForest",1,0.706,1
2016-01-12,2016,"RandomForest",0,0.582,1
2016-01-13,2016,"RandomForest",0,0.55,1
2016-01-14,2016,"RandomForest",0,0.588,1
2016-01-15,2016,"RandomForest",1,0.62,1
2016-01-18,2016,"RandomForest",1,0.802,1
2016-01-19,2016,"RandomForest",1,0.906,1
2016-01-20,2016,"RandomForest",1,0.774,1
2016-01-21,2016,"RandomForest",1,0.868,1
2016-01-22,2016,"RandomForest",0,0.778,1
2016-01-25,2016,"RandomForest",0,0.824,1
2016-01-26,2016,"RandomForest",0,0.672,1
2016-01-27,2016,"RandomForest",0,0.636,1
2016-01-28,2016,"RandomForest",0,0.86,1
2016-01-29,2016,"RandomForest",0,0.756,1
2016-02-01,2016,"RandomForest",1,0.798,1
2016-02-02,2016,"RandomForest",1,0.892,1
2016-02-03,2016,"RandomForest",1,0.876,1
2016-02-04,2016,"RandomForest",1,0.898,1
2016-02-05,2016,"RandomForest",1,0.874,1
2016-02-08,2016,"RandomForest",1,0.66,1
2016-02-09,2016,"RandomForest",1,0.614,1
2016-02-10,2016,"RandomForest",1,0.82,1
2016-02-11,2016,"RandomForest",1,0.626,1
2016-02-12,2016,"RandomForest",1,0.948,1
2016-02-15,2016,"RandomForest",1,0.902,1
2016-02-16,2016,"RandomForest",1,0.966,1
2016-02-17,2016,"RandomForest",1,0.684,1
2016-02-18,2016,"RandomForest",1,0.734,1
2016-02-19,2016,"RandomForest",1,0.736,1
2016-02-22,2016,"RandomForest",1,0.66,1
2016-02-23,2016,"RandomForest",1,0.86,1
2016-02-24,2016,"RandomForest",1,0.926,1
2016-02-25,2016,"RandomForest",1,0.87,1
2016-02-26,2016,"RandomForest",1,0.816,1
2016-02-29,2016,"RandomForest",0,0.8,1
2016-03-01,2016,"RandomForest",0,0.588,1
2016-03-02,2016,"RandomForest",0,0.352,0
2016-03-03,2016,"RandomForest",0,0.476,0
2016-03-04,2016,"RandomForest",0,0.508,1
2016-03-07,2016,"RandomForest",0,0.566,1
2016-03-08,2016,"RandomForest",0,0.646,1
2016-03-09,2016,"RandomForest",0,0.574,1
2016-03-10,2016,"RandomForest",1,0.694,1
2016-03-11,2016,"RandomForest",0,0.5,1
2016-03-14,2016,"RandomForest",0,0.674,1
2016-03-15,2016,"RandomForest",1,0.7,1
2016-03-16,2016,"RandomForest",1,0.626,1
2016-03-17,2016,"RandomForest",0,0.732,1
2016-03-18,2016,"RandomForest",0,0.768,1
2016-03-21,2016,"RandomForest",0,0.846,1
2016-03-22,2016,"RandomForest",0,0.782,1
2016-03-23,2016,"RandomForest",0,0.78,1
2016-03-24,2016,"RandomForest",1,0.87,1
2016-03-29,2016,"RandomForest",0,0.808,1
2016-03-30,2016,"RandomForest",0,0.796,1
2016-03-31,2016,"RandomForest",0,0.796,1
2016-04-01,2016,"RandomForest",0,0.748,1
2016-04-04,2016,"RandomForest",0,0.768,1
2016-04-05,2016,"RandomForest",0,0.692,1
2016-04-06,2016,"RandomForest",0,0.748,1
2016-04-07,2016,"RandomForest",1,0.782,1
2016-04-08,2016,"RandomForest",1,0.87,1
2016-04-11,2016,"RandomForest",1,0.828,1
2016-04-12,2016,"RandomForest",1,0.716,1
2016-04-13,2016,"RandomForest",0,0.77,1
2016-04-14,2016,"RandomForest",0,0.634,1
2016-04-15,2016,"RandomForest",0,0.686,1
2016-04-18,2016,"RandomForest",0,0.65,1
2016-04-19,2016,"RandomForest",0,0.552,1
2016-04-20,2016,"RandomForest",0,0.522,1
2016-04-21,2016,"RandomForest",0,0.424,0
2016-04-22,2016,"RandomForest",0,0.428,0
2016-04-25,2016,"RandomForest",0,0.492,0
2016-04-26,2016,"RandomForest",0,0.328,0
2016-04-27,2016,"RandomForest",0,0.224,0
2016-04-28,2016,"RandomForest",0,0.258,0
2016-04-29,2016,"RandomForest",0,0.47,0
2016-05-02,2016,"RandomForest",0,0.53,1
2016-05-03,2016,"RandomForest",0,0.652,1
2016-05-04,2016,"RandomForest",1,0.572,1
2016-05-06,2016,"RandomForest",1,0.534,1
2016-05-09,2016,"RandomForest",0,0.57,1
2016-05-10,2016,"RandomForest",0,0.702,1
2016-05-11,2016,"RandomForest",1,0.614,1
2016-05-12,2016,"RandomForest",1,0.674,1
2016-05-13,2016,"RandomForest",1,0.702,1
2016-05-17,2016,"RandomForest",1,0.45,0
2016-05-18,2016,"RandomForest",1,0.654,1
2016-05-19,2016,"RandomForest",1,0.446,0
2016-05-20,2016,"RandomForest",1,0.602,1
2016-05-23,2016,"RandomForest",0,0.512,1
2016-05-24,2016,"RandomForest",0,0.292,0
2016-05-25,2016,"RandomForest",0,0.504,1
2016-05-26,2016,"RandomForest",0,0.578,1
2016-05-27,2016,"RandomForest",0,0.654,1
2016-05-30,2016,"RandomForest",0,0.632,1
2016-05-31,2016,"RandomForest",0,0.638,1
2016-06-01,2016,"RandomForest",1,0.582,1
2016-06-02,2016,"RandomForest",1,0.54,1
2016-06-03,2016,"RandomForest",1,0.67,1
2016-06-06,2016,"RandomForest",1,0.63,1
2016-06-07,2016,"RandomForest",0,0.55,1
2016-06-08,2016,"RandomForest",0,0.622,1
2016-06-09,2016,"RandomForest",0,0.77,1
2016-06-10,2016,"RandomForest",1,0.498,0
2016-06-13,2016,"RandomForest",1,0.482,0
2016-06-14,2016,"RandomForest",1,0.472,0
2016-06-15,2016,"RandomForest",1,0.402,0
2016-06-16,2016,"RandomForest",1,0.436,0
2016-06-17,2016,"RandomForest",1,0.418,0
2016-06-20,2016,"RandomForest",1,0.588,1
2016-06-21,2016,"RandomForest",1,0.518,1
2016-06-22,2016,"RandomForest",1,0.438,0
2016-06-23,2016,"RandomForest",1,0.422,0
2016-06-24,2016,"RandomForest",1,0.932,1
2016-06-27,2016,"RandomForest",1,0.77,1
2016-06-28,2016,"RandomForest",1,0.952,1
2016-06-29,2016,"RandomForest",1,0.884,1
2016-06-30,2016,"RandomForest",1,0.844,1
2016-07-01,2016,"RandomForest",1,0.838,1
2016-07-04,2016,"RandomForest",1,0.844,1
2016-07-05,2016,"RandomForest",1,0.908,1
2016-07-06,2016,"RandomForest",1,0.888,1
2016-07-07,2016,"RandomForest",1,0.886,1
2016-07-08,2016,"RandomForest",1,0.87,1
2016-07-11,2016,"RandomForest",1,0.74,1
2016-07-12,2016,"RandomForest",1,0.656,1
2016-07-13,2016,"RandomForest",1,0.778,1
2016-07-14,2016,"RandomForest",1,0.51,1
2016-07-15,2016,"RandomForest",1,0.674,1
2016-07-18,2016,"RandomForest",1,0.74,1
2016-07-19,2016,"RandomForest",1,0.636,1
2016-07-20,2016,"RandomForest",1,0.578,1
2016-07-21,2016,"RandomForest",1,0.484,0
2016-07-22,2016,"RandomForest",1,0.342,0
2016-07-25,2016,"RandomForest",1,0.386,0
2016-07-26,2016,"RandomForest",1,0.488,0
2016-07-27,2016,"RandomForest",1,0.426,0
2016-07-28,2016,"RandomForest",1,0.51,1
2016-07-29,2016,"RandomForest",1,0.464,0
2016-08-02,2016,"RandomForest",1,0.766,1
2016-08-03,2016,"RandomForest",1,0.794,1
2016-08-04,2016,"RandomForest",1,0.608,1
2016-08-05,2016,"RandomForest",1,0.544,1
2016-08-08,2016,"RandomForest",1,0.526,1
2016-08-09,2016,"RandomForest",1,0.456,0
2016-08-10,2016,"RandomForest",1,0.452,0
2016-08-11,2016,"RandomForest",1,0.438,0
2016-08-12,2016,"RandomForest",1,0.538,1
2016-08-15,2016,"RandomForest",1,0.504,1
2016-08-16,2016,"RandomForest",1,0.542,1
2016-08-17,2016,"RandomForest",1,0.512,1
2016-08-18,2016,"RandomForest",1,0.442,0
2016-08-19,2016,"RandomForest",1,0.58,1
2016-08-22,2016,"RandomForest",1,0.634,1
2016-08-23,2016,"RandomForest",1,0.522,1
2016-08-24,2016,"RandomForest",0,0.538,1
2016-08-25,2016,"RandomForest",0,0.56,1
2016-08-26,2016,"RandomForest",0,0.608,1
2016-08-29,2016,"RandomForest",1,0.62,1
2016-08-30,2016,"RandomForest",0,0.538,1
2016-08-31,2016,"RandomForest",1,0.478,0
2016-09-01,2016,"RandomForest",1,0.456,0
2016-09-02,2016,"RandomForest",0,0.53,1
2016-09-05,2016,"RandomForest",0,0.262,0
2016-09-06,2016,"RandomForest",0,0.338,0
2016-09-07,2016,"RandomForest",0,0.352,0
2016-09-08,2016,"RandomForest",0,0.438,0
2016-09-09,2016,"RandomForest",0,0.292,0
2016-09-12,2016,"RandomForest",1,0.52,1
2016-09-13,2016,"RandomForest",1,0.498,0
2016-09-14,2016,"RandomForest",1,0.546,1
2016-09-15,2016,"RandomForest",1,0.524,1
2016-09-16,2016,"RandomForest",1,0.65,1
2016-09-19,2016,"RandomForest",1,0.638,1
2016-09-20,2016,"RandomForest",1,0.574,1
2016-09-21,2016,"RandomForest",1,0.528,1
2016-09-22,2016,"RandomForest",0,0.54,1
2016-09-23,2016,"RandomForest",0,0.592,1
2016-09-26,2016,"RandomForest",1,0.658,1
2016-09-27,2016,"RandomForest",1,0.732,1
2016-09-28,2016,"RandomForest",1,0.74,1
2016-09-29,2016,"RandomForest",1,0.612,1
2016-09-30,2016,"RandomForest",1,0.65,1
2016-10-03,2016,"RandomForest",1,0.744,1
2016-10-04,2016,"RandomForest",1,0.788,1
2016-10-05,2016,"RandomForest",1,0.714,1
2016-10-06,2016,"RandomForest",1,0.802,1
2016-10-07,2016,"RandomForest",1,0.75,1
2016-10-10,2016,"RandomForest",1,0.528,1
2016-10-11,2016,"RandomForest",1,0.406,0
2016-10-12,2016,"RandomForest",1,0.42,0
2016-10-13,2016,"RandomForest",1,0.628,1
2016-10-14,2016,"RandomForest",1,0.446,0
2016-10-17,2016,"RandomForest",1,0.402,0
2016-10-18,2016,"RandomForest",1,0.424,0
2016-10-19,2016,"RandomForest",1,0.39,0
2016-10-20,2016,"RandomForest",1,0.368,0
2016-10-21,2016,"RandomForest",1,0.39,0
2016-10-24,2016,"RandomForest",1,0.378,0
2016-10-25,2016,"RandomForest",1,0.448,0
2016-10-26,2016,"RandomForest",1,0.29,0
2016-10-27,2016,"RandomForest",1,0.382,0
2016-10-28,2016,"RandomForest",1,0.356,0
2016-10-31,2016,"RandomForest",1,0.504,1
2016-11-01,2016,"RandomForest",1,0.524,1
2016-11-02,2016,"RandomForest",1,0.63,1
2016-11-03,2016,"RandomForest",1,0.624,1
2016-11-04,2016,"RandomForest",1,0.558,1
2016-11-07,2016,"RandomForest",1,0.514,1
2016-11-08,2016,"RandomForest",1,0.408,0
2016-11-09,2016,"RandomForest",1,0.384,0
2016-11-10,2016,"RandomForest",1,0.458,0
2016-11-11,2016,"RandomForest",1,0.514,1
2016-11-14,2016,"RandomForest",1,0.38,0
2016-11-15,2016,"RandomForest",1,0.398,0
2016-11-16,2016,"RandomForest",1,0.404,0
2016-11-17,2016,"RandomForest",1,0.432,0
2016-11-18,2016,"RandomForest",1,0.386,0
2016-11-21,2016,"RandomForest",1,0.418,0
2016-11-22,2016,"RandomForest",1,0.404,0
2016-11-23,2016,"RandomForest",1,0.464,0
2016-11-24,2016,"RandomForest",1,0.486,0
2016-11-25,2016,"RandomForest",1,0.534,1
2016-11-28,2016,"RandomForest",1,0.472,0
2016-11-29,2016,"RandomForest",1,0.444,0
2016-11-30,2016,"RandomForest",1,0.314,0
2016-12-01,2016,"RandomForest",1,0.576,1
2016-12-02,2016,"RandomForest",1,0.614,1
2016-12-05,2016,"RandomForest",1,0.22,0
2016-12-06,2016,"RandomForest",1,0.244,0
2016-12-07,2016,"RandomForest",1,0.354,0
2016-12-08,2016,"RandomForest",1,0.348,0
2016-12-09,2016,"RandomForest",1,0.386,0
2016-12-12,2016,"RandomForest",1,0.504,1
2016-12-13,2016,"RandomForest",1,0.346,0
2016-12-14,2016,"RandomForest",1,0.382,0
2016-12-15,2016,"RandomForest",1,0.29,0
2016-12-16,2016,"RandomForest",1,0.328,0
2016-12-19,2016,"RandomForest",1,0.378,0
2016-12-20,2016,"RandomForest",1,0.362,0
2016-12-21,2016,"RandomForest",1,0.482,0
2016-12-22,2016,"RandomForest",1,0.628,1
2016-12-23,2016,"RandomForest",1,0.644,1
2016-12-27,2016,"RandomForest",1,0.558,1
2016-12-28,2016,"RandomForest",1,0.6,1
2016-12-29,2016,"RandomForest",1,0.64,1
2016-12-30,2016,"RandomForest",1,0.512,1
2016-01-04,2016,"Random",0,0.56837891927952,0
2016-01-05,2016,"Random",0,0.56837891927952,1
2016-01-06,2016,"Random",0,0.56837891927952,0
2016-01-07,2016,"Random",0,0.56837891927952,1
2016-01-08,2016,"Random",1,0.56837891927952,0
2016-01-11,2016,"Random",1,0.56837891927952,1
2016-01-12,2016,"Random",0,0.56837891927952,0
2016-01-13,2016,"Random",0,0.56837891927952,1
2016-01-14,2016,"Random",0,0.56837891927952,0
2016-01-15,2016,"Random",1,0.56837891927952,0
2016-01-18,2016,"Random",1,0.56837891927952,0
2016-01-19,2016,"Random",1,0.56837891927952,1
2016-01-20,2016,"Random",1,0.56837891927952,0
2016-01-21,2016,"Random",1,0.56837891927952,0
2016-01-22,2016,"Random",0,0.56837891927952,1
2016-01-25,2016,"Random",0,0.56837891927952,1
2016-01-26,2016,"Random",0,0.56837891927952,0
2016-01-27,2016,"Random",0,0.56837891927952,0
2016-01-28,2016,"Random",0,0.56837891927952,0
2016-01-29,2016,"Random",0,0.56837891927952,0
2016-02-01,2016,"Random",1,0.56837891927952,1
2016-02-02,2016,"Random",1,0.56837891927952,0
2016-02-03,2016,"Random",1,0.56837891927952,1
2016-02-04,2016,"Random",1,0.56837891927952,1
2016-02-05,2016,"Random",1,0.56837891927952,1
2016-02-08,2016,"Random",1,0.56837891927952,0
2016-02-09,2016,"Random",1,0.56837891927952,1
2016-02-10,2016,"Random",1,0.56837891927952,1
2016-02-11,2016,"Random",1,0.56837891927952,1
2016-02-12,2016,"Random",1,0.56837891927952,0
2016-02-15,2016,"Random",1,0.56837891927952,0
2016-02-16,2016,"Random",1,0.56837891927952,1
2016-02-17,2016,"Random",1,0.56837891927952,1
2016-02-18,2016,"Random",1,0.56837891927952,1
2016-02-19,2016,"Random",1,0.56837891927952,1
2016-02-22,2016,"Random",1,0.56837891927952,0
2016-02-23,2016,"Random",1,0.56837891927952,1
2016-02-24,2016,"Random",1,0.56837891927952,1
2016-02-25,2016,"Random",1,0.56837891927952,1
2016-02-26,2016,"Random",1,0.56837891927952,1
2016-02-29,2016,"Random",0,0.56837891927952,0
2016-03-01,2016,"Random",0,0.56837891927952,0
2016-03-02,2016,"Random",0,0.56837891927952,1
2016-03-03,2016,"Random",0,0.56837891927952,1
2016-03-04,2016,"Random",0,0.56837891927952,1
2016-03-07,2016,"Random",0,0.56837891927952,1
2016-03-08,2016,"Random",0,0.56837891927952,0
2016-03-09,2016,"Random",0,0.56837891927952,1
2016-03-10,2016,"Random",1,0.56837891927952,0
2016-03-11,2016,"Random",0,0.56837891927952,0
2016-03-14,2016,"Random",0,0.56837891927952,1
2016-03-15,2016,"Random",1,0.56837891927952,1
2016-03-16,2016,"Random",1,0.56837891927952,1
2016-03-17,2016,"Random",0,0.56837891927952,1
2016-03-18,2016,"Random",0,0.56837891927952,1
2016-03-21,2016,"Random",0,0.56837891927952,0
2016-03-22,2016,"Random",0,0.56837891927952,1
2016-03-23,2016,"Random",0,0.56837891927952,0
2016-03-24,2016,"Random",1,0.56837891927952,1
2016-03-29,2016,"Random",0,0.56837891927952,0
2016-03-30,2016,"Random",0,0.56837891927952,0
2016-03-31,2016,"Random",0,0.56837891927952,0
2016-04-01,2016,"Random",0,0.56837891927952,0
2016-04-04,2016,"Random",0,0.56837891927952,1
2016-04-05,2016,"Random",0,0.56837891927952,1
2016-04-06,2016,"Random",0,0.56837891927952,1
2016-04-07,2016,"Random",1,0.56837891927952,1
2016-04-08,2016,"Random",1,0.56837891927952,1
2016-04-11,2016,"Random",1,0.56837891927952,1
2016-04-12,2016,"Random",1,0.56837891927952,0
2016-04-13,2016,"Random",0,0.56837891927952,0
2016-04-14,2016,"Random",0,0.56837891927952,0
2016-04-15,2016,"Random",0,0.56837891927952,0
2016-04-18,2016,"Random",0,0.56837891927952,1
2016-04-19,2016,"Random",0,0.56837891927952,0
2016-04-20,2016,"Random",0,0.56837891927952,1
2016-04-21,2016,"Random",0,0.56837891927952,0
2016-04-22,2016,"Random",0,0.56837891927952,0
2016-04-25,2016,"Random",0,0.56837891927952,1
2016-04-26,2016,"Random",0,0.56837891927952,1
2016-04-27,2016,"Random",0,0.56837891927952,0
2016-04-28,2016,"Random",0,0.56837891927952,1
2016-04-29,2016,"Random",0,0.56837891927952,1
2016-05-02,2016,"Random",0,0.56837891927952,0
2016-05-03,2016,"Random",0,0.56837891927952,1
2016-05-04,2016,"Random",1,0.56837891927952,0
2016-05-06,2016,"Random",1,0.56837891927952,0
2016-05-09,2016,"Random",0,0.56837891927952,1
2016-05-10,2016,"Random",0,0.56837891927952,1
2016-05-11,2016,"Random",1,0.56837891927952,0
2016-05-12,2016,"Random",1,0.56837891927952,0
2016-05-13,2016,"Random",1,0.56837891927952,1
2016-05-17,2016,"Random",1,0.56837891927952,0
2016-05-18,2016,"Random",1,0.56837891927952,0
2016-05-19,2016,"Random",1,0.56837891927952,1
2016-05-20,2016,"Random",1,0.56837891927952,1
2016-05-23,2016,"Random",0,0.56837891927952,0
2016-05-24,2016,"Random",0,0.56837891927952,1
2016-05-25,2016,"Random",0,0.56837891927952,0
2016-05-26,2016,"Random",0,0.56837891927952,1
2016-05-27,2016,"Random",0,0.56837891927952,0
2016-05-30,2016,"Random",0,0.56837891927952,1
2016-05-31,2016,"Random",0,0.56837891927952,1
2016-06-01,2016,"Random",1,0.56837891927952,0
2016-06-02,2016,"Random",1,0.56837891927952,1
2016-06-03,2016,"Random",1,0.56837891927952,0
2016-06-06,2016,"Random",1,0.56837891927952,1
2016-06-07,2016,"Random",0,0.56837891927952,0
2016-06-08,2016,"Random",0,0.56837891927952,0
2016-06-09,2016,"Random",0,0.56837891927952,0
2016-06-10,2016,"Random",1,0.56837891927952,1
2016-06-13,2016,"Random",1,0.56837891927952,0
2016-06-14,2016,"Random",1,0.56837891927952,0
2016-06-15,2016,"Random",1,0.56837891927952,0
2016-06-16,2016,"Random",1,0.56837891927952,0
2016-06-17,2016,"Random",1,0.56837891927952,1
2016-06-20,2016,"Random",1,0.56837891927952,1
2016-06-21,2016,"Random",1,0.56837891927952,0
2016-06-22,2016,"Random",1,0.56837891927952,0
2016-06-23,2016,"Random",1,0.56837891927952,0
2016-06-24,2016,"Random",1,0.56837891927952,1
2016-06-27,2016,"Random",1,0.56837891927952,1
2016-06-28,2016,"Random",1,0.56837891927952,0
2016-06-29,2016,"Random",1,0.56837891927952,1
2016-06-30,2016,"Random",1,0.56837891927952,1
2016-07-01,2016,"Random",1,0.56837891927952,1
2016-07-04,2016,"Random",1,0.56837891927952,0
2016-07-05,2016,"Random",1,0.56837891927952,1
2016-07-06,2016,"Random",1,0.56837891927952,0
2016-07-07,2016,"Random",1,0.56837891927952,1
2016-07-08,2016,"Random",1,0.56837891927952,0
2016-07-11,2016,"Random",1,0.56837891927952,1
2016-07-12,2016,"Random",1,0.56837891927952,1
2016-07-13,2016,"Random",1,0.56837891927952,0
2016-07-14,2016,"Random",1,0.56837891927952,0
2016-07-15,2016,"Random",1,0.56837891927952,0
2016-07-18,2016,"Random",1,0.56837891927952,1
2016-07-19,2016,"Random",1,0.56837891927952,0
2016-07-20,2016,"Random",1,0.56837891927952,1
2016-07-21,2016,"Random",1,0.56837891927952,0
2016-07-22,2016,"Random",1,0.56837891927952,0
2016-07-25,2016,"Random",1,0.56837891927952,1
2016-07-26,2016,"Random",1,0.56837891927952,1
2016-07-27,2016,"Random",1,0.56837891927952,1
2016-07-28,2016,"Random",1,0.56837891927952,0
2016-07-29,2016,"Random",1,0.56837891927952,1
2016-08-02,2016,"Random",1,0.56837891927952,1
2016-08-03,2016,"Random",1,0.56837891927952,0
2016-08-04,2016,"Random",1,0.56837891927952,1
2016-08-05,2016,"Random",1,0.56837891927952,0
2016-08-08,2016,"Random",1,0.56837891927952,0
2016-08-09,2016,"Random",1,0.56837891927952,0
2016-08-10,2016,"Random",1,0.56837891927952,0
2016-08-11,2016,"Random",1,0.56837891927952,1
2016-08-12,2016,"Random",1,0.56837891927952,0
2016-08-15,2016,"Random",1,0.56837891927952,0
2016-08-16,2016,"Random",1,0.56837891927952,1
2016-08-17,2016,"Random",1,0.56837891927952,0
2016-08-18,2016,"Random",1,0.56837891927952,0
2016-08-19,2016,"Random",1,0.56837891927952,1
2016-08-22,2016,"Random",1,0.56837891927952,0
2016-08-23,2016,"Random",1,0.56837891927952,0
2016-08-24,2016,"Random",0,0.56837891927952,1
2016-08-25,2016,"Random",0,0.56837891927952,1
2016-08-26,2016,"Random",0,0.56837891927952,1
2016-08-29,2016,"Random",1,0.56837891927952,1
2016-08-30,2016,"Random",0,0.56837891927952,1
2016-08-31,2016,"Random",1,0.56837891927952,0
2016-09-01,2016,"Random",1,0.56837891927952,0
2016-09-02,2016,"Random",0,0.56837891927952,0
2016-09-05,2016,"Random",0,0.56837891927952,1
2016-09-06,2016,"Random",0,0.56837891927952,0
2016-09-07,2016,"Random",0,0.56837891927952,0
2016-09-08,2016,"Random",0,0.56837891927952,0
2016-09-09,2016,"Random",0,0.56837891927952,0
2016-09-12,2016,"Random",1,0.56837891927952,1
2016-09-13,2016,"Random",1,0.56837891927952,1
2016-09-14,2016,"Random",1,0.56837891927952,1
2016-09-15,2016,"Random",1,0.56837891927952,1
2016-09-16,2016,"Random",1,0.56837891927952,0
2016-09-19,2016,"Random",1,0.56837891927952,1
2016-09-20,2016,"Random",1,0.56837891927952,1
2016-09-21,2016,"Random",1,0.56837891927952,1
2016-09-22,2016,"Random",0,0.56837891927952,1
2016-09-23,2016,"Random",0,0.56837891927952,1
2016-09-26,2016,"Random",1,0.56837891927952,0
2016-09-27,2016,"Random",1,0.56837891927952,1
2016-09-28,2016,"Random",1,0.56837891927952,0
2016-09-29,2016,"Random",1,0.56837891927952,1
2016-09-30,2016,"Random",1,0.56837891927952,1
2016-10-03,2016,"Random",1,0.56837891927952,1
2016-10-04,2016,"Random",1,0.56837891927952,1
2016-10-05,2016,"Random",1,0.56837891927952,0
2016-10-06,2016,"Random",1,0.56837891927952,1
2016-10-07,2016,"Random",1,0.56837891927952,0
2016-10-10,2016,"Random",1,0.56837891927952,1
2016-10-11,2016,"Random",1,0.56837891927952,0
2016-10-12,2016,"Random",1,0.56837891927952,0
2016-10-13,2016,"Random",1,0.56837891927952,0
2016-10-14,2016,"Random",1,0.56837891927952,0
2016-10-17,2016,"Random",1,0.56837891927952,1
2016-10-18,2016,"Random",1,0.56837891927952,1
2016-10-19,2016,"Random",1,0.56837891927952,1
2016-10-20,2016,"Random",1,0.56837891927952,0
2016-10-21,2016,"Random",1,0.56837891927952,1
2016-10-24,2016,"Random",1,0.56837891927952,1
2016-10-25,2016,"Random",1,0.56837891927952,0
2016-10-26,2016,"Random",1,0.56837891927952,0
2016-10-27,2016,"Random",1,0.56837891927952,1
2016-10-28,2016,"Random",1,0.56837891927952,1
2016-10-31,2016,"Random",1,0.56837891927952,1
2016-11-01,2016,"Random",1,0.56837891927952,0
2016-11-02,2016,"Random",1,0.56837891927952,0
2016-11-03,2016,"Random",1,0.56837891927952,0
2016-11-04,2016,"Random",1,0.56837891927952,1
2016-11-07,2016,"Random",1,0.56837891927952,1
2016-11-08,2016,"Random",1,0.56837891927952,0
2016-11-09,2016,"Random",1,0.56837891927952,0
2016-11-10,2016,"Random",1,0.56837891927952,1
2016-11-11,2016,"Random",1,0.56837891927952,0
2016-11-14,2016,"Random",1,0.56837891927952,1
2016-11-15,2016,"Random",1,0.56837891927952,0
2016-11-16,2016,"Random",1,0.56837891927952,1
2016-11-17,2016,"Random",1,0.56837891927952,1
2016-11-18,2016,"Random",1,0.56837891927952,1
2016-11-21,2016,"Random",1,0.56837891927952,0
2016-11-22,2016,"Random",1,0.56837891927952,1
2016-11-23,2016,"Random",1,0.56837891927952,0
2016-11-24,2016,"Random",1,0.56837891927952,1
2016-11-25,2016,"Random",1,0.56837891927952,0
2016-11-28,2016,"Random",1,0.56837891927952,1
2016-11-29,2016,"Random",1,0.56837891927952,0
2016-11-30,2016,"Random",1,0.56837891927952,0
2016-12-01,2016,"Random",1,0.56837891927952,1
2016-12-02,2016,"Random",1,0.56837891927952,0
2016-12-05,2016,"Random",1,0.56837891927952,1
2016-12-06,2016,"Random",1,0.56837891927952,0
2016-12-07,2016,"Random",1,0.56837891927952,0
2016-12-08,2016,"Random",1,0.56837891927952,1
2016-12-09,2016,"Random",1,0.56837891927952,1
2016-12-12,2016,"Random",1,0.56837891927952,1
2016-12-13,2016,"Random",1,0.56837891927952,1
2016-12-14,2016,"Random",1,0.56837891927952,1
2016-12-15,2016,"Random",1,0.56837891927952,0
2016-12-16,2016,"Random",1,0.56837891927952,0
2016-12-19,2016,"Random",1,0.56837891927952,1
2016-12-20,2016,"Random",1,0.56837891927952,0
2016-12-21,2016,"Random",1,0.56837891927952,0
2016-12-22,2016,"Random",1,0.56837891927952,0
2016-12-23,2016,"Random",1,0.56837891927952,0
2016-12-27,2016,"Random",1,0.56837891927952,1
2016-12-28,2016,"Random",1,0.56837891927952,1
2016-12-29,2016,"Random",1,0.56837891927952,1
2016-12-30,2016,"Random",1,0.56837891927952,0
2017-01-03,2017,"Logistic",1,0.541371247699128,1
2017-01-04,2017,"Logistic",1,0.562530542141351,1
2017-01-05,2017,"Logistic",1,0.565688613925203,1
2017-01-06,2017,"Logistic",1,0.580098869613624,1
2017-01-09,2017,"Logistic",1,0.560589955282918,1
2017-01-10,2017,"Logistic",1,0.56014594070209,1
2017-01-11,2017,"Logistic",1,0.571304408885015,1
2017-01-12,2017,"Logistic",1,0.535302071251971,1
2017-01-13,2017,"Logistic",1,0.508264751815369,1
2017-01-16,2017,"Logistic",1,0.493567016249787,0
2017-01-17,2017,"Logistic",1,0.487478250027231,0
2017-01-18,2017,"Logistic",1,0.47624046558524,0
2017-01-19,2017,"Logistic",1,0.480265783477706,0
2017-01-20,2017,"Logistic",1,0.470330937458457,0
2017-01-23,2017,"Logistic",1,0.480262149990274,0
2017-01-24,2017,"Logistic",1,0.482411070478562,0
2017-01-25,2017,"Logistic",1,0.456200426246145,0
2017-01-26,2017,"Logistic",1,0.480644616207077,0
2017-01-27,2017,"Logistic",1,0.472106193577385,0
2017-01-30,2017,"Logistic",1,0.495866824799493,0
2017-01-31,2017,"Logistic",1,0.485091042853884,0
2017-02-01,2017,"Logistic",1,0.470345313640407,0
2017-02-02,2017,"Logistic",1,0.476948829954755,0
2017-02-03,2017,"Logistic",1,0.474245431150819,0
2017-02-06,2017,"Logistic",1,0.514310719174545,1
2017-02-07,2017,"Logistic",1,0.51683727743368,1
2017-02-08,2017,"Logistic",1,0.474539808658196,0
2017-02-09,2017,"Logistic",1,0.483122173832461,0
2017-02-10,2017,"Logistic",1,0.469817345637376,0
2017-02-13,2017,"Logistic",1,0.481049308480156,0
2017-02-14,2017,"Logistic",1,0.502816714763382,1
2017-02-15,2017,"Logistic",1,0.483630629192499,0
2017-02-16,2017,"Logistic",1,0.472133273725672,0
2017-02-17,2017,"Logistic",1,0.468243752312709,0
2017-02-20,2017,"Logistic",1,0.474487306888629,0
2017-02-21,2017,"Logistic",1,0.48790185187618,0
2017-02-22,2017,"Logistic",1,0.484149343935515,0
2017-02-23,2017,"Logistic",1,0.469797885978205,0
2017-02-24,2017,"Logistic",1,0.447868833242083,0
2017-02-27,2017,"Logistic",1,0.436080000083332,0
2017-02-28,2017,"Logistic",1,0.445640359160276,0
2017-03-01,2017,"Logistic",1,0.464872893129952,0
2017-03-02,2017,"Logistic",1,0.478052452819678,0
2017-03-03,2017,"Logistic",1,0.49329822353996,0
2017-03-06,2017,"Logistic",1,0.488277539490438,0
2017-03-07,2017,"Logistic",1,0.490799665398898,0
2017-03-08,2017,"Logistic",1,0.482404267281784,0
2017-03-09,2017,"Logistic",1,0.485423417629215,0
2017-03-10,2017,"Logistic",1,0.519995802347133,1
2017-03-13,2017,"Logistic",1,0.532837893347024,1
2017-03-14,2017,"Logistic",1,0.514035315955133,1
2017-03-15,2017,"Logistic",1,0.49977355912078,0
2017-03-16,2017,"Logistic",1,0.508479338855455,1
2017-03-17,2017,"Logistic",1,0.511326730780742,1
2017-03-20,2017,"Logistic",1,0.511056045580757,1
2017-03-21,2017,"Logistic",1,0.536255074256249,1
2017-03-22,2017,"Logistic",1,0.526875529849111,1
2017-03-23,2017,"Logistic",1,0.508930650064762,1
2017-03-24,2017,"Logistic",1,0.503963184425312,1
2017-03-27,2017,"Logistic",1,0.507679666788779,1
2017-03-28,2017,"Logistic",1,0.511872301592127,1
2017-03-29,2017,"Logistic",1,0.503392642126279,1
2017-03-30,2017,"Logistic",1,0.492215441473429,0
2017-03-31,2017,"Logistic",1,0.498140738836974,0
2017-04-03,2017,"Logistic",1,0.482062970817041,0
2017-04-04,2017,"Logistic",1,0.482544427476323,0
2017-04-05,2017,"Logistic",1,0.48089569940997,0
2017-04-06,2017,"Logistic",1,0.467405864457851,0
2017-04-07,2017,"Logistic",1,0.467954432161149,0
2017-04-10,2017,"Logistic",1,0.46590795395922,0
2017-04-11,2017,"Logistic",1,0.456400688026868,0
2017-04-12,2017,"Logistic",1,0.459676285388832,0
2017-04-13,2017,"Logistic",1,0.433508570949964,0
2017-04-18,2017,"Logistic",1,0.426441751650884,0
2017-04-19,2017,"Logistic",1,0.440218232391495,0
2017-04-20,2017,"Logistic",1,0.449773262842138,0
2017-04-21,2017,"Logistic",1,0.454902156526131,0
2017-04-24,2017,"Logistic",0,0.49917721668993,0
2017-04-25,2017,"Logistic",0,0.52624646464781,1
2017-04-26,2017,"Logistic",0,0.537501205392322,1
2017-04-27,2017,"Logistic",0,0.531346168134358,1
2017-04-28,2017,"Logistic",0,0.542254161153746,1
2017-05-02,2017,"Logistic",0,0.514014909929877,1
2017-05-03,2017,"Logistic",0,0.53149102654559,1
2017-05-04,2017,"Logistic",0,0.543874962940784,1
2017-05-05,2017,"Logistic",0,0.55088637757314,1
2017-05-08,2017,"Logistic",0,0.557519332130438,1
2017-05-09,2017,"Logistic",0,0.526901662141632,1
2017-05-10,2017,"Logistic",0,0.525940904289423,1
2017-05-11,2017,"Logistic",0,0.499205205427858,0
2017-05-12,2017,"Logistic",0,0.51266575505328,1
2017-05-15,2017,"Logistic",0,0.549312211828509,1
2017-05-16,2017,"Logistic",0,0.56094577867417,1
2017-05-17,2017,"Logistic",0,0.551934884661492,1
2017-05-18,2017,"Logistic",0,0.540135193087492,1
2017-05-19,2017,"Logistic",0,0.535299994037934,1
2017-05-22,2017,"Logistic",0,0.550942758699155,1
2017-05-23,2017,"Logistic",0,0.478736063411814,0
2017-05-24,2017,"Logistic",0,0.495007595731963,0
2017-05-26,2017,"Logistic",0,0.508014069061173,1
2017-05-29,2017,"Logistic",0,0.502762148264226,1
2017-05-30,2017,"Logistic",0,0.497845757671973,0
2017-05-31,2017,"Logistic",0,0.484606853107854,0
2017-06-01,2017,"Logistic",0,0.512335954274169,1
2017-06-02,2017,"Logistic",0,0.516834818890537,1
2017-06-06,2017,"Logistic",0,0.498037589869126,0
2017-06-07,2017,"Logistic",0,0.497827837184703,0
2017-06-08,2017,"Logistic",0,0.488102914035997,0
2017-06-09,2017,"Logistic",0,0.488327795129673,0
2017-06-12,2017,"Logistic",0,0.516847239811119,1
2017-06-13,2017,"Logistic",0,0.510102215793491,1
2017-06-14,2017,"Logistic",0,0.518197319038205,1
2017-06-15,2017,"Logistic",0,0.474677184074102,0
2017-06-16,2017,"Logistic",0,0.464857407896944,0
2017-06-19,2017,"Logistic",0,0.464034355302896,0
2017-06-20,2017,"Logistic",0,0.469260340271398,0
2017-06-21,2017,"Logistic",0,0.475246179016411,0
2017-06-22,2017,"Logistic",0,0.469230921506801,0
2017-06-23,2017,"Logistic",0,0.450932590410438,0
2017-06-26,2017,"Logistic",0,0.454517608350472,0
2017-06-27,2017,"Logistic",0,0.463476924081088,0
2017-06-28,2017,"Logistic",0,0.464347516279759,0
2017-06-29,2017,"Logistic",0,0.48967360470212,0
2017-06-30,2017,"Logistic",1,0.485802994162739,0
2017-07-03,2017,"Logistic",1,0.487154072718166,0
2017-07-04,2017,"Logistic",1,0.50133695886708,1
2017-07-05,2017,"Logistic",1,0.502328204012243,1
2017-07-06,2017,"Logistic",1,0.476429836538556,0
2017-07-07,2017,"Logistic",1,0.476187108905784,0
2017-07-10,2017,"Logistic",1,0.458477990970125,0
2017-07-11,2017,"Logistic",1,0.461174762936426,0
2017-07-12,2017,"Logistic",1,0.47996724644493,0
2017-07-13,2017,"Logistic",1,0.501314694222921,1
2017-07-14,2017,"Logistic",1,0.497788650179653,0
2017-07-17,2017,"Logistic",1,0.462690825850849,0
2017-07-18,2017,"Logistic",1,0.479466104743545,0
2017-07-19,2017,"Logistic",1,0.463613651936238,0
2017-07-20,2017,"Logistic",1,0.461321199331145,0
2017-07-21,2017,"Logistic",1,0.497376051933306,0
2017-07-24,2017,"Logistic",1,0.476873531348669,0
2017-07-25,2017,"Logistic",1,0.485340313296114,0
2017-07-26,2017,"Logistic",1,0.461034207665169,0
2017-07-27,2017,"Logistic",1,0.444621194757465,0
2017-07-28,2017,"Logistic",1,0.459192152759662,0
2017-07-31,2017,"Logistic",1,0.452180908959375,0
2017-08-02,2017,"Logistic",1,0.459568759378389,0
2017-08-03,2017,"Logistic",1,0.444593769303353,0
2017-08-04,2017,"Logistic",1,0.440627262082506,0
2017-08-07,2017,"Logistic",1,0.463290824753844,0
2017-08-08,2017,"Logistic",1,0.469993788209065,0
2017-08-09,2017,"Logistic",1,0.48526121019803,0
2017-08-10,2017,"Logistic",1,0.48508129669998,0
2017-08-11,2017,"Logistic",1,0.461724723227667,0
2017-08-14,2017,"Logistic",1,0.470759141405652,0
2017-08-15,2017,"Logistic",1,0.468479222732028,0
2017-08-16,2017,"Logistic",1,0.468967861245937,0
2017-08-17,2017,"Logistic",1,0.480982560035198,0
2017-08-18,2017,"Logistic",1,0.479187415278806,0
2017-08-21,2017,"Logistic",1,0.474719509638364,0
2017-08-22,2017,"Logistic",1,0.461260284417217,0
2017-08-23,2017,"Logistic",1,0.470018590176812,0
2017-08-24,2017,"Logistic",1,0.483178548380907,0
2017-08-25,2017,"Logistic",1,0.493992716047252,0
2017-08-28,2017,"Logistic",1,0.490610127659759,0
2017-08-29,2017,"Logistic",1,0.478116965895423,0
2017-08-30,2017,"Logistic",1,0.475728392358803,0
2017-08-31,2017,"Logistic",1,0.477914780262945,0
2017-09-01,2017,"Logistic",1,0.470643341979018,0
2017-09-04,2017,"Logistic",1,0.479217706867687,0
2017-09-05,2017,"Logistic",1,0.464450992945582,0
2017-09-06,2017,"Logistic",1,0.442622248477666,0
2017-09-07,2017,"Logistic",1,0.433274258804352,0
2017-09-08,2017,"Logistic",1,0.425951773510534,0
2017-09-11,2017,"Logistic",1,0.447412940535603,0
2017-09-12,2017,"Logistic",1,0.473929824187049,0
2017-09-13,2017,"Logistic",1,0.469098435461157,0
2017-09-14,2017,"Logistic",1,0.467350320323272,0
2017-09-15,2017,"Logistic",1,0.458054591889794,0
2017-09-18,2017,"Logistic",1,0.465558139502558,0
2017-09-19,2017,"Logistic",1,0.464805352625468,0
2017-09-20,2017,"Logistic",1,0.462397661423072,0
2017-09-21,2017,"Logistic",1,0.468437770845603,0
2017-09-22,2017,"Logistic",0,0.485570919442641,0
2017-09-25,2017,"Logistic",1,0.472591754594311,0
2017-09-26,2017,"Logistic",1,0.476780070205263,0
2017-09-27,2017,"Logistic",1,0.492174843972779,0
2017-09-28,2017,"Logistic",1,0.497779963197818,0
2017-09-29,2017,"Logistic",0,0.526629183450167,1
2017-10-02,2017,"Logistic",0,0.535122892884484,1
2017-10-03,2017,"Logistic",0,0.554072434142357,1
2017-10-04,2017,"Logistic",0,0.53986283305564,1
2017-10-05,2017,"Logistic",0,0.539858564609422,1
2017-10-06,2017,"Logistic",0,0.526628450577138,1
2017-10-09,2017,"Logistic",0,0.519294439564854,1
2017-10-10,2017,"Logistic",0,0.50298332034066,1
2017-10-11,2017,"Logistic",0,0.505906106310743,1
2017-10-12,2017,"Logistic",0,0.504494117424182,1
2017-10-13,2017,"Logistic",0,0.499444116232471,0
2017-10-16,2017,"Logistic",0,0.502371298749344,1
2017-10-17,2017,"Logistic",0,0.517641964270232,1
2017-10-18,2017,"Logistic",0,0.526657189265333,1
2017-10-19,2017,"Logistic",0,0.507221783222867,1
2017-10-20,2017,"Logistic",0,0.510338516364094,1
2017-10-23,2017,"Logistic",0,0.503932303193024,1
2017-10-24,2017,"Logistic",1,0.51567343082222,1
2017-10-25,2017,"Logistic",1,0.486309004008792,0
2017-10-26,2017,"Logistic",0,0.488201479689566,0
2017-10-27,2017,"Logistic",0,0.519508646830814,1
2017-10-30,2017,"Logistic",0,0.51650326902276,1
2017-10-31,2017,"Logistic",0,0.522529440182402,1
2017-11-01,2017,"Logistic",0,0.547380249800664,1
2017-11-02,2017,"Logistic",0,0.521736680620265,1
2017-11-03,2017,"Logistic",0,0.526724414732769,1
2017-11-06,2017,"Logistic",0,0.507477690866319,1
2017-11-07,2017,"Logistic",1,0.450856204161188,0
2017-11-08,2017,"Logistic",1,0.452055751769058,0
2017-11-09,2017,"Logistic",1,0.403719624213444,0
2017-11-10,2017,"Logistic",1,0.395838745146579,0
2017-11-13,2017,"Logistic",1,0.363644077528575,0
2017-11-14,2017,"Logistic",1,0.364391046504374,0
2017-11-15,2017,"Logistic",1,0.339611125539925,0
2017-11-16,2017,"Logistic",1,0.382427398399331,0
2017-11-17,2017,"Logistic",1,0.378472238728842,0
2017-11-20,2017,"Logistic",0,0.394021748683645,0
2017-11-21,2017,"Logistic",0,0.422336937666173,0
2017-11-22,2017,"Logistic",0,0.417491893319495,0
2017-11-23,2017,"Logistic",0,0.415877658380934,0
2017-11-24,2017,"Logistic",0,0.42939976099142,0
2017-11-27,2017,"Logistic",0,0.411923110430297,0
2017-11-28,2017,"Logistic",0,0.428128732717121,0
2017-11-29,2017,"Logistic",0,0.407427310920408,0
2017-11-30,2017,"Logistic",0,0.390528294296583,0
2017-12-01,2017,"Logistic",0,0.411198360917395,0
2017-12-04,2017,"Logistic",0,0.4288915801282,0
2017-12-05,2017,"Logistic",0,0.419477107258324,0
2017-12-06,2017,"Logistic",0,0.416583608335628,0
2017-12-07,2017,"Logistic",0,0.414572939218082,0
2017-12-08,2017,"Logistic",0,0.416168531859596,0
2017-12-11,2017,"Logistic",0,0.411324921388309,0
2017-12-12,2017,"Logistic",0,0.40818734385148,0
2017-12-13,2017,"Logistic",0,0.414349775555704,0
2017-12-14,2017,"Logistic",0,0.42425920288388,0
2017-12-15,2017,"Logistic",0,0.436374894905949,0
2017-12-18,2017,"Logistic",0,0.425150795091805,0
2017-12-19,2017,"Logistic",0,0.428698114789947,0
2017-12-20,2017,"Logistic",0,0.462431576099578,0
2017-12-21,2017,"Logistic",0,0.464042983155841,0
2017-12-22,2017,"Logistic",0,0.476050669056879,0
2017-12-27,2017,"Logistic",0,0.468061178241929,0
2017-12-28,2017,"Logistic",0,0.473061635304722,0
2017-12-29,2017,"Logistic",0,0.474405670721585,0
2017-01-03,2017,"DecisionTree",1,0.977777777777778,1
2017-01-04,2017,"DecisionTree",1,0.977777777777778,1
2017-01-05,2017,"DecisionTree",1,0.142857142857143,0
2017-01-06,2017,"DecisionTree",1,0.277777777777778,0
2017-01-09,2017,"DecisionTree",1,0.142857142857143,0
2017-01-10,2017,"DecisionTree",1,0.142857142857143,0
2017-01-11,2017,"DecisionTree",1,0.142857142857143,0
2017-01-12,2017,"DecisionTree",1,0.142857142857143,0
2017-01-13,2017,"DecisionTree",1,0.277777777777778,0
2017-01-16,2017,"DecisionTree",1,0.142857142857143,0
2017-01-17,2017,"DecisionTree",1,0.142857142857143,0
2017-01-18,2017,"DecisionTree",1,0.142857142857143,0
2017-01-19,2017,"DecisionTree",1,0.142857142857143,0
2017-01-20,2017,"DecisionTree",1,0.142857142857143,0
2017-01-23,2017,"DecisionTree",1,0.142857142857143,0
2017-01-24,2017,"DecisionTree",1,0.142857142857143,0
2017-01-25,2017,"DecisionTree",1,0.142857142857143,0
2017-01-26,2017,"DecisionTree",1,0.142857142857143,0
2017-01-27,2017,"DecisionTree",1,0.142857142857143,0
2017-01-30,2017,"DecisionTree",1,0.782608695652174,1
2017-01-31,2017,"DecisionTree",1,0.782608695652174,1
2017-02-01,2017,"DecisionTree",1,0.782608695652174,1
2017-02-02,2017,"DecisionTree",1,0.782608695652174,1
2017-02-03,2017,"DecisionTree",1,0.782608695652174,1
2017-02-06,2017,"DecisionTree",1,0.782608695652174,1
2017-02-07,2017,"DecisionTree",1,0.782608695652174,1
2017-02-08,2017,"DecisionTree",1,0.782608695652174,1
2017-02-09,2017,"DecisionTree",1,0.79047619047619,1
2017-02-10,2017,"DecisionTree",1,0.79047619047619,1
2017-02-13,2017,"DecisionTree",1,0.722222222222222,1
2017-02-14,2017,"DecisionTree",1,0.722222222222222,1
2017-02-15,2017,"DecisionTree",1,0.722222222222222,1
2017-02-16,2017,"DecisionTree",1,0.79047619047619,1
2017-02-17,2017,"DecisionTree",1,0.79047619047619,1
2017-02-20,2017,"DecisionTree",1,0.79047619047619,1
2017-02-21,2017,"DecisionTree",1,0.722222222222222,1
2017-02-22,2017,"DecisionTree",1,0.79047619047619,1
2017-02-23,2017,"DecisionTree",1,0.79047619047619,1
2017-02-24,2017,"DecisionTree",1,0.782608695652174,1
2017-02-27,2017,"DecisionTree",1,0.782608695652174,1
2017-02-28,2017,"DecisionTree",1,0.782608695652174,1
2017-03-01,2017,"DecisionTree",1,0.277777777777778,0
2017-03-02,2017,"DecisionTree",1,0.277777777777778,0
2017-03-03,2017,"DecisionTree",1,0.933333333333333,1
2017-03-06,2017,"DecisionTree",1,0.933333333333333,1
2017-03-07,2017,"DecisionTree",1,0.3,0
2017-03-08,2017,"DecisionTree",1,0.277777777777778,0
2017-03-09,2017,"DecisionTree",1,0.277777777777778,0
2017-03-10,2017,"DecisionTree",1,0.277777777777778,0
2017-03-13,2017,"DecisionTree",1,0.277777777777778,0
2017-03-14,2017,"DecisionTree",1,0.277777777777778,0
2017-03-15,2017,"DecisionTree",1,0.142857142857143,0
2017-03-16,2017,"DecisionTree",1,0.277777777777778,0
2017-03-17,2017,"DecisionTree",1,0.277777777777778,0
2017-03-20,2017,"DecisionTree",1,0.277777777777778,0
2017-03-21,2017,"DecisionTree",1,0.277777777777778,0
2017-03-22,2017,"DecisionTree",1,0.142857142857143,0
2017-03-23,2017,"DecisionTree",1,0.142857142857143,0
2017-03-24,2017,"DecisionTree",1,0.142857142857143,0
2017-03-27,2017,"DecisionTree",1,0.142857142857143,0
2017-03-28,2017,"DecisionTree",1,0.277777777777778,0
2017-03-29,2017,"DecisionTree",1,0.933333333333333,1
2017-03-30,2017,"DecisionTree",1,0.142857142857143,0
2017-03-31,2017,"DecisionTree",1,0.933333333333333,1
2017-04-03,2017,"DecisionTree",1,0.142857142857143,0
2017-04-04,2017,"DecisionTree",1,0.277777777777778,0
2017-04-05,2017,"DecisionTree",1,0.277777777777778,0
2017-04-06,2017,"DecisionTree",1,0.142857142857143,0
2017-04-07,2017,"DecisionTree",1,0.277777777777778,0
2017-04-10,2017,"DecisionTree",1,0.277777777777778,0
2017-04-11,2017,"DecisionTree",1,0.142857142857143,0
2017-04-12,2017,"DecisionTree",1,0.142857142857143,0
2017-04-13,2017,"DecisionTree",1,0.782608695652174,1
2017-04-18,2017,"DecisionTree",1,0.782608695652174,1
2017-04-19,2017,"DecisionTree",1,0.782608695652174,1
2017-04-20,2017,"DecisionTree",1,0.782608695652174,1
2017-04-21,2017,"DecisionTree",1,0.782608695652174,1
2017-04-24,2017,"DecisionTree",0,0.933333333333333,1
2017-04-25,2017,"DecisionTree",0,0.933333333333333,1
2017-04-26,2017,"DecisionTree",0,0.933333333333333,1
2017-04-27,2017,"DecisionTree",0,0.933333333333333,1
2017-04-28,2017,"DecisionTree",0,0.933333333333333,1
2017-05-02,2017,"DecisionTree",0,0.277777777777778,0
2017-05-03,2017,"DecisionTree",0,0.277777777777778,0
2017-05-04,2017,"DecisionTree",0,0.277777777777778,0
2017-05-05,2017,"DecisionTree",0,0.977777777777778,1
2017-05-08,2017,"DecisionTree",0,0.977777777777778,1
2017-05-09,2017,"DecisionTree",0,0.977777777777778,1
2017-05-10,2017,"DecisionTree",0,0.977777777777778,1
2017-05-11,2017,"DecisionTree",0,0.977777777777778,1
2017-05-12,2017,"DecisionTree",0,0.977777777777778,1
2017-05-15,2017,"DecisionTree",0,0.977777777777778,1
2017-05-16,2017,"DecisionTree",0,0.977777777777778,1
2017-05-17,2017,"DecisionTree",0,0.0869565217391304,0
2017-05-18,2017,"DecisionTree",0,0.3,0
2017-05-19,2017,"DecisionTree",0,0.0869565217391304,0
2017-05-22,2017,"DecisionTree",0,0.3,0
2017-05-23,2017,"DecisionTree",0,0.142857142857143,0
2017-05-24,2017,"DecisionTree",0,0.782608695652174,1
2017-05-26,2017,"DecisionTree",0,0.782608695652174,1
2017-05-29,2017,"DecisionTree",0,0.782608695652174,1
2017-05-30,2017,"DecisionTree",0,0.782608695652174,1
2017-05-31,2017,"DecisionTree",0,0.782608695652174,1
2017-06-01,2017,"DecisionTree",0,0.782608695652174,1
2017-06-02,2017,"DecisionTree",0,0.79047619047619,1
2017-06-06,2017,"DecisionTree",0,0.782608695652174,1
2017-06-07,2017,"DecisionTree",0,0.782608695652174,1
2017-06-08,2017,"DecisionTree",0,0.782608695652174,1
2017-06-09,2017,"DecisionTree",0,0.79047619047619,1
2017-06-12,2017,"DecisionTree",0,0.782608695652174,1
2017-06-13,2017,"DecisionTree",0,0.782608695652174,1
2017-06-14,2017,"DecisionTree",0,0.782608695652174,1
2017-06-15,2017,"DecisionTree",0,0.782608695652174,1
2017-06-16,2017,"DecisionTree",0,0.782608695652174,1
2017-06-19,2017,"DecisionTree",0,0.79047619047619,1
2017-06-20,2017,"DecisionTree",0,0.79047619047619,1
2017-06-21,2017,"DecisionTree",0,0.782608695652174,1
2017-06-22,2017,"DecisionTree",0,0.782608695652174,1
2017-06-23,2017,"DecisionTree",0,0.782608695652174,1
2017-06-26,2017,"DecisionTree",0,0.79047619047619,1
2017-06-27,2017,"DecisionTree",0,0.782608695652174,1
2017-06-28,2017,"DecisionTree",0,0.782608695652174,1
2017-06-29,2017,"DecisionTree",0,0.782608695652174,1
2017-06-30,2017,"DecisionTree",1,0.0714285714285714,0
2017-07-03,2017,"DecisionTree",1,0.782608695652174,1
2017-07-04,2017,"DecisionTree",1,0.782608695652174,1
2017-07-05,2017,"DecisionTree",1,0.782608695652174,1
2017-07-06,2017,"DecisionTree",1,0.782608695652174,1
2017-07-07,2017,"DecisionTree",1,0.782608695652174,1
2017-07-10,2017,"DecisionTree",1,0.782608695652174,1
2017-07-11,2017,"DecisionTree",1,0.782608695652174,1
2017-07-12,2017,"DecisionTree",1,0.225806451612903,0
2017-07-13,2017,"DecisionTree",1,0.225806451612903,0
2017-07-14,2017,"DecisionTree",1,0.79047619047619,1
2017-07-17,2017,"DecisionTree",1,0.79047619047619,1
2017-07-18,2017,"DecisionTree",1,0.782608695652174,1
2017-07-19,2017,"DecisionTree",1,0.79047619047619,1
2017-07-20,2017,"DecisionTree",1,0.782608695652174,1
2017-07-21,2017,"DecisionTree",1,0.782608695652174,1
2017-07-24,2017,"DecisionTree",1,0.782608695652174,1
2017-07-25,2017,"DecisionTree",1,0.782608695652174,1
2017-07-26,2017,"DecisionTree",1,0.782608695652174,1
2017-07-27,2017,"DecisionTree",1,0.79047619047619,1
2017-07-28,2017,"DecisionTree",1,0.782608695652174,1
2017-07-31,2017,"DecisionTree",1,0.782608695652174,1
2017-08-02,2017,"DecisionTree",1,0.782608695652174,1
2017-08-03,2017,"DecisionTree",1,0.782608695652174,1
2017-08-04,2017,"DecisionTree",1,0.79047619047619,1
2017-08-07,2017,"DecisionTree",1,0.79047619047619,1
2017-08-08,2017,"DecisionTree",1,0.79047619047619,1
2017-08-09,2017,"DecisionTree",1,0.782608695652174,1
2017-08-10,2017,"DecisionTree",1,0.782608695652174,1
2017-08-11,2017,"DecisionTree",1,0.782608695652174,1
2017-08-14,2017,"DecisionTree",1,0.782608695652174,1
2017-08-15,2017,"DecisionTree",1,0.782608695652174,1
2017-08-16,2017,"DecisionTree",1,0.79047619047619,1
2017-08-17,2017,"DecisionTree",1,0.782608695652174,1
2017-08-18,2017,"DecisionTree",1,0.782608695652174,1
2017-08-21,2017,"DecisionTree",1,0.782608695652174,1
2017-08-22,2017,"DecisionTree",1,0.79047619047619,1
2017-08-23,2017,"DecisionTree",1,0.782608695652174,1
2017-08-24,2017,"DecisionTree",1,0.782608695652174,1
2017-08-25,2017,"DecisionTree",1,0.782608695652174,1
2017-08-28,2017,"DecisionTree",1,0.782608695652174,1
2017-08-29,2017,"DecisionTree",1,0.782608695652174,1
2017-08-30,2017,"DecisionTree",1,0.782608695652174,1
2017-08-31,2017,"DecisionTree",1,0.782608695652174,1
2017-09-01,2017,"DecisionTree",1,0.79047619047619,1
2017-09-04,2017,"DecisionTree",1,0.782608695652174,1
2017-09-05,2017,"DecisionTree",1,0.782608695652174,1
2017-09-06,2017,"DecisionTree",1,0.79047619047619,1
2017-09-07,2017,"DecisionTree",1,0.79047619047619,1
2017-09-08,2017,"DecisionTree",1,0.79047619047619,1
2017-09-11,2017,"DecisionTree",1,0.722222222222222,1
2017-09-12,2017,"DecisionTree",1,0.722222222222222,1
2017-09-13,2017,"DecisionTree",1,0.722222222222222,1
2017-09-14,2017,"DecisionTree",1,0.722222222222222,1
2017-09-15,2017,"DecisionTree",1,0.722222222222222,1
2017-09-18,2017,"DecisionTree",1,0.722222222222222,1
2017-09-19,2017,"DecisionTree",1,0.79047619047619,1
2017-09-20,2017,"DecisionTree",1,0.79047619047619,1
2017-09-21,2017,"DecisionTree",1,0.79047619047619,1
2017-09-22,2017,"DecisionTree",0,0.79047619047619,1
2017-09-25,2017,"DecisionTree",1,0.79047619047619,1
2017-09-26,2017,"DecisionTree",1,0.79047619047619,1
2017-09-27,2017,"DecisionTree",1,0.142857142857143,0
2017-09-28,2017,"DecisionTree",1,0.142857142857143,0
2017-09-29,2017,"DecisionTree",0,0.277777777777778,0
2017-10-02,2017,"DecisionTree",0,0.933333333333333,1
2017-10-03,2017,"DecisionTree",0,0.933333333333333,1
2017-10-04,2017,"DecisionTree",0,0.277777777777778,0
2017-10-05,2017,"DecisionTree",0,0.277777777777778,0
2017-10-06,2017,"DecisionTree",0,0.277777777777778,0
2017-10-09,2017,"DecisionTree",0,0.277777777777778,0
2017-10-10,2017,"DecisionTree",0,0.277777777777778,0
2017-10-11,2017,"DecisionTree",0,0.277777777777778,0
2017-10-12,2017,"DecisionTree",0,0.142857142857143,0
2017-10-13,2017,"DecisionTree",0,0.142857142857143,0
2017-10-16,2017,"DecisionTree",0,0.142857142857143,0
2017-10-17,2017,"DecisionTree",0,0.142857142857143,0
2017-10-18,2017,"DecisionTree",0,0.142857142857143,0
2017-10-19,2017,"DecisionTree",0,0.142857142857143,0
2017-10-20,2017,"DecisionTree",0,0.142857142857143,0
2017-10-23,2017,"DecisionTree",0,0.142857142857143,0
2017-10-24,2017,"DecisionTree",1,0.142857142857143,0
2017-10-25,2017,"DecisionTree",1,0.782608695652174,1
2017-10-26,2017,"DecisionTree",0,0.142857142857143,0
2017-10-27,2017,"DecisionTree",0,0.277777777777778,0
2017-10-30,2017,"DecisionTree",0,0.277777777777778,0
2017-10-31,2017,"DecisionTree",0,0.933333333333333,1
2017-11-01,2017,"DecisionTree",0,0.933333333333333,1
2017-11-02,2017,"DecisionTree",0,0.277777777777778,0
2017-11-03,2017,"DecisionTree",0,0.277777777777778,0
2017-11-06,2017,"DecisionTree",0,0.277777777777778,0
2017-11-07,2017,"DecisionTree",1,0.277777777777778,0
2017-11-08,2017,"DecisionTree",1,0.3,0
2017-11-09,2017,"DecisionTree",1,0.782608695652174,1
2017-11-10,2017,"DecisionTree",1,0.782608695652174,1
2017-11-13,2017,"DecisionTree",1,0.782608695652174,1
2017-11-14,2017,"DecisionTree",1,0.782608695652174,1
2017-11-15,2017,"DecisionTree",1,0.782608695652174,1
2017-11-16,2017,"DecisionTree",1,0.782608695652174,1
2017-11-17,2017,"DecisionTree",1,0.782608695652174,1
2017-11-20,2017,"DecisionTree",0,0.782608695652174,1
2017-11-21,2017,"DecisionTree",0,0.782608695652174,1
2017-11-22,2017,"DecisionTree",0,0.782608695652174,1
2017-11-23,2017,"DecisionTree",0,0.79047619047619,1
2017-11-24,2017,"DecisionTree",0,0.79047619047619,1
2017-11-27,2017,"DecisionTree",0,0.782608695652174,1
2017-11-28,2017,"DecisionTree",0,0.79047619047619,1
2017-11-29,2017,"DecisionTree",0,0.79047619047619,1
2017-11-30,2017,"DecisionTree",0,0.782608695652174,1
2017-12-01,2017,"DecisionTree",0,0.782608695652174,1
2017-12-04,2017,"DecisionTree",0,0.79047619047619,1
2017-12-05,2017,"DecisionTree",0,0.782608695652174,1
2017-12-06,2017,"DecisionTree",0,0.782608695652174,1
2017-12-07,2017,"DecisionTree",0,0.782608695652174,1
2017-12-08,2017,"DecisionTree",0,0.79047619047619,1
2017-12-11,2017,"DecisionTree",0,0.79047619047619,1
2017-12-12,2017,"DecisionTree",0,0.79047619047619,1
2017-12-13,2017,"DecisionTree",0,0.79047619047619,1
2017-12-14,2017,"DecisionTree",0,0.782608695652174,1
2017-12-15,2017,"DecisionTree",0,0.782608695652174,1
2017-12-18,2017,"DecisionTree",0,0.79047619047619,1
2017-12-19,2017,"DecisionTree",0,0.782608695652174,1
2017-12-20,2017,"DecisionTree",0,0.782608695652174,1
2017-12-21,2017,"DecisionTree",0,0.782608695652174,1
2017-12-22,2017,"DecisionTree",0,0.782608695652174,1
2017-12-27,2017,"DecisionTree",0,0.782608695652174,1
2017-12-28,2017,"DecisionTree",0,0.782608695652174,1
2017-12-29,2017,"DecisionTree",0,0.782608695652174,1
2017-01-03,2017,"RandomForest",1,0.654,1
2017-01-04,2017,"RandomForest",1,0.762,1
2017-01-05,2017,"RandomForest",1,0.736,1
2017-01-06,2017,"RandomForest",1,0.664,1
2017-01-09,2017,"RandomForest",1,0.45,0
2017-01-10,2017,"RandomForest",1,0.304,0
2017-01-11,2017,"RandomForest",1,0.336,0
2017-01-12,2017,"RandomForest",1,0.304,0
2017-01-13,2017,"RandomForest",1,0.408,0
2017-01-16,2017,"RandomForest",1,0.302,0
2017-01-17,2017,"RandomForest",1,0.36,0
2017-01-18,2017,"RandomForest",1,0.496,0
2017-01-19,2017,"RandomForest",1,0.474,0
2017-01-20,2017,"RandomForest",1,0.482,0
2017-01-23,2017,"RandomForest",1,0.376,0
2017-01-24,2017,"RandomForest",1,0.264,0
2017-01-25,2017,"RandomForest",1,0.564,1
2017-01-26,2017,"RandomForest",1,0.636,1
2017-01-27,2017,"RandomForest",1,0.436,0
2017-01-30,2017,"RandomForest",1,0.374,0
2017-01-31,2017,"RandomForest",1,0.712,1
2017-02-01,2017,"RandomForest",1,0.556,1
2017-02-02,2017,"RandomForest",1,0.55,1
2017-02-03,2017,"RandomForest",1,0.478,0
2017-02-06,2017,"RandomForest",1,0.762,1
2017-02-07,2017,"RandomForest",1,0.672,1
2017-02-08,2017,"RandomForest",1,0.652,1
2017-02-09,2017,"RandomForest",1,0.426,0
2017-02-10,2017,"RandomForest",1,0.518,1
2017-02-13,2017,"RandomForest",1,0.5,1
2017-02-14,2017,"RandomForest",1,0.466,0
2017-02-15,2017,"RandomForest",1,0.53,1
2017-02-16,2017,"RandomForest",1,0.592,1
2017-02-17,2017,"RandomForest",1,0.568,1
2017-02-20,2017,"RandomForest",1,0.588,1
2017-02-21,2017,"RandomForest",1,0.566,1
2017-02-22,2017,"RandomForest",1,0.612,1
2017-02-23,2017,"RandomForest",1,0.612,1
2017-02-24,2017,"RandomForest",1,0.422,0
2017-02-27,2017,"RandomForest",1,0.502,1
2017-02-28,2017,"RandomForest",1,0.44,0
2017-03-01,2017,"RandomForest",1,0.652,1
2017-03-02,2017,"RandomForest",1,0.606,1
2017-03-03,2017,"RandomForest",1,0.638,1
2017-03-06,2017,"RandomForest",1,0.582,1
2017-03-07,2017,"RandomForest",1,0.562,1
2017-03-08,2017,"RandomForest",1,0.55,1
2017-03-09,2017,"RandomForest",1,0.492,0
2017-03-10,2017,"RandomForest",1,0.528,1
2017-03-13,2017,"RandomForest",1,0.37,0
2017-03-14,2017,"RandomForest",1,0.41,0
2017-03-15,2017,"RandomForest",1,0.366,0
2017-03-16,2017,"RandomForest",1,0.482,0
2017-03-17,2017,"RandomForest",1,0.554,1
2017-03-20,2017,"RandomForest",1,0.39,0
2017-03-21,2017,"RandomForest",1,0.36,0
2017-03-22,2017,"RandomForest",1,0.356,0
2017-03-23,2017,"RandomForest",1,0.346,0
2017-03-24,2017,"RandomForest",1,0.422,0
2017-03-27,2017,"RandomForest",1,0.404,0
2017-03-28,2017,"RandomForest",1,0.414,0
2017-03-29,2017,"RandomForest",1,0.404,0
2017-03-30,2017,"RandomForest",1,0.468,0
2017-03-31,2017,"RandomForest",1,0.492,0
2017-04-03,2017,"RandomForest",1,0.382,0
2017-04-04,2017,"RandomForest",1,0.366,0
2017-04-05,2017,"RandomForest",1,0.362,0
2017-04-06,2017,"RandomForest",1,0.38,0
2017-04-07,2017,"RandomForest",1,0.406,0
2017-04-10,2017,"RandomForest",1,0.424,0
2017-04-11,2017,"RandomForest",1,0.426,0
2017-04-12,2017,"RandomForest",1,0.46,0
2017-04-13,2017,"RandomForest",1,0.346,0
2017-04-18,2017,"RandomForest",1,0.66,1
2017-04-19,2017,"RandomForest",1,0.63,1
2017-04-20,2017,"RandomForest",1,0.336,0
2017-04-21,2017,"RandomForest",1,0.324,0
2017-04-24,2017,"RandomForest",0,0.636,1
2017-04-25,2017,"RandomForest",0,0.672,1
2017-04-26,2017,"RandomForest",0,0.698,1
2017-04-27,2017,"RandomForest",0,0.64,1
2017-04-28,2017,"RandomForest",0,0.53,1
2017-05-02,2017,"RandomForest",0,0.486,0
2017-05-03,2017,"RandomForest",0,0.514,1
2017-05-04,2017,"RandomForest",0,0.694,1
2017-05-05,2017,"RandomForest",0,0.67,1
2017-05-08,2017,"RandomForest",0,0.786,1
2017-05-09,2017,"RandomForest",0,0.712,1
2017-05-10,2017,"RandomForest",0,0.69,1
2017-05-11,2017,"RandomForest",0,0.704,1
2017-05-12,2017,"RandomForest",0,0.67,1
2017-05-15,2017,"RandomForest",0,0.604,1
2017-05-16,2017,"RandomForest",0,0.546,1
2017-05-17,2017,"RandomForest",0,0.484,0
2017-05-18,2017,"RandomForest",0,0.55,1
2017-05-19,2017,"RandomForest",0,0.454,0
2017-05-22,2017,"RandomForest",0,0.436,0
2017-05-23,2017,"RandomForest",0,0.398,0
2017-05-24,2017,"RandomForest",0,0.288,0
2017-05-26,2017,"RandomForest",0,0.314,0
2017-05-29,2017,"RandomForest",0,0.328,0
2017-05-30,2017,"RandomForest",0,0.468,0
2017-05-31,2017,"RandomForest",0,0.544,1
2017-06-01,2017,"RandomForest",0,0.432,0
2017-06-02,2017,"RandomForest",0,0.428,0
2017-06-06,2017,"RandomForest",0,0.63,1
2017-06-07,2017,"RandomForest",0,0.598,1
2017-06-08,2017,"RandomForest",0,0.45,0
2017-06-09,2017,"RandomForest",0,0.426,0
2017-06-12,2017,"RandomForest",0,0.596,1
2017-06-13,2017,"RandomForest",0,0.488,0
2017-06-14,2017,"RandomForest",0,0.568,1
2017-06-15,2017,"RandomForest",0,0.72,1
2017-06-16,2017,"RandomForest",0,0.642,1
2017-06-19,2017,"RandomForest",0,0.492,0
2017-06-20,2017,"RandomForest",0,0.494,0
2017-06-21,2017,"RandomForest",0,0.45,0
2017-06-22,2017,"RandomForest",0,0.488,0
2017-06-23,2017,"RandomForest",0,0.562,1
2017-06-26,2017,"RandomForest",0,0.504,1
2017-06-27,2017,"RandomForest",0,0.604,1
2017-06-28,2017,"RandomForest",0,0.598,1
2017-06-29,2017,"RandomForest",0,0.76,1
2017-06-30,2017,"RandomForest",1,0.542,1
2017-07-03,2017,"RandomForest",1,0.732,1
2017-07-04,2017,"RandomForest",1,0.694,1
2017-07-05,2017,"RandomForest",1,0.7,1
2017-07-06,2017,"RandomForest",1,0.668,1
2017-07-07,2017,"RandomForest",1,0.656,1
2017-07-10,2017,"RandomForest",1,0.548,1
2017-07-11,2017,"RandomForest",1,0.616,1
2017-07-12,2017,"RandomForest",1,0.438,0
2017-07-13,2017,"RandomForest",1,0.386,0
2017-07-14,2017,"RandomForest",1,0.468,0
2017-07-17,2017,"RandomForest",1,0.456,0
2017-07-18,2017,"RandomForest",1,0.438,0
2017-07-19,2017,"RandomForest",1,0.406,0
2017-07-20,2017,"RandomForest",1,0.388,0
2017-07-21,2017,"RandomForest",1,0.786,1
2017-07-24,2017,"RandomForest",1,0.774,1
2017-07-25,2017,"RandomForest",1,0.542,1
2017-07-26,2017,"RandomForest",1,0.498,0
2017-07-27,2017,"RandomForest",1,0.538,1
2017-07-28,2017,"RandomForest",1,0.444,0
2017-07-31,2017,"RandomForest",1,0.558,1
2017-08-02,2017,"RandomForest",1,0.49,0
2017-08-03,2017,"RandomForest",1,0.464,0
2017-08-04,2017,"RandomForest",1,0.51,1
2017-08-07,2017,"RandomForest",1,0.536,1
2017-08-08,2017,"RandomForest",1,0.486,0
2017-08-09,2017,"RandomForest",1,0.56,1
2017-08-10,2017,"RandomForest",1,0.862,1
2017-08-11,2017,"RandomForest",1,0.866,1
2017-08-14,2017,"RandomForest",1,0.67,1
2017-08-15,2017,"RandomForest",1,0.54,1
2017-08-16,2017,"RandomForest",1,0.528,1
2017-08-17,2017,"RandomForest",1,0.516,1
2017-08-18,2017,"RandomForest",1,0.57,1
2017-08-21,2017,"RandomForest",1,0.78,1
2017-08-22,2017,"RandomForest",1,0.556,1
2017-08-23,2017,"RandomForest",1,0.7,1
2017-08-24,2017,"RandomForest",1,0.552,1
2017-08-25,2017,"RandomForest",1,0.606,1
2017-08-28,2017,"RandomForest",1,0.724,1
2017-08-29,2017,"RandomForest",1,0.83,1
2017-08-30,2017,"RandomForest",1,0.816,1
2017-08-31,2017,"RandomForest",1,0.61,1
2017-09-01,2017,"RandomForest",1,0.494,0
2017-09-04,2017,"RandomForest",1,0.426,0
2017-09-05,2017,"RandomForest",1,0.572,1
2017-09-06,2017,"RandomForest",1,0.514,1
2017-09-07,2017,"RandomForest",1,0.51,1
2017-09-08,2017,"RandomForest",1,0.434,0
2017-09-11,2017,"RandomForest",1,0.468,0
2017-09-12,2017,"RandomForest",1,0.51,1
2017-09-13,2017,"RandomForest",1,0.582,1
2017-09-14,2017,"RandomForest",1,0.456,0
2017-09-15,2017,"RandomForest",1,0.458,0
2017-09-18,2017,"RandomForest",1,0.37,0
2017-09-19,2017,"RandomForest",1,0.384,0
2017-09-20,2017,"RandomForest",1,0.412,0
2017-09-21,2017,"RandomForest",1,0.392,0
2017-09-22,2017,"RandomForest",0,0.48,0
2017-09-25,2017,"RandomForest",1,0.488,0
2017-09-26,2017,"RandomForest",1,0.494,0
2017-09-27,2017,"RandomForest",1,0.498,0
2017-09-28,2017,"RandomForest",1,0.466,0
2017-09-29,2017,"RandomForest",0,0.524,1
2017-10-02,2017,"RandomForest",0,0.61,1
2017-10-03,2017,"RandomForest",0,0.622,1
2017-10-04,2017,"RandomForest",0,0.562,1
2017-10-05,2017,"RandomForest",0,0.542,1
2017-10-06,2017,"RandomForest",0,0.462,0
2017-10-09,2017,"RandomForest",0,0.436,0
2017-10-10,2017,"RandomForest",0,0.388,0
2017-10-11,2017,"RandomForest",0,0.402,0
2017-10-12,2017,"RandomForest",0,0.382,0
2017-10-13,2017,"RandomForest",0,0.398,0
2017-10-16,2017,"RandomForest",0,0.412,0
2017-10-17,2017,"RandomForest",0,0.41,0
2017-10-18,2017,"RandomForest",0,0.446,0
2017-10-19,2017,"RandomForest",0,0.454,0
2017-10-20,2017,"RandomForest",0,0.438,0
2017-10-23,2017,"RandomForest",0,0.454,0
2017-10-24,2017,"RandomForest",1,0.422,0
2017-10-25,2017,"RandomForest",1,0.312,0
2017-10-26,2017,"RandomForest",0,0.51,1
2017-10-27,2017,"RandomForest",0,0.496,0
2017-10-30,2017,"RandomForest",0,0.554,1
2017-10-31,2017,"RandomForest",0,0.506,1
2017-11-01,2017,"RandomForest",0,0.546,1
2017-11-02,2017,"RandomForest",0,0.476,0
2017-11-03,2017,"RandomForest",0,0.494,0
2017-11-06,2017,"RandomForest",0,0.438,0
2017-11-07,2017,"RandomForest",1,0.454,0
2017-11-08,2017,"RandomForest",1,0.446,0
2017-11-09,2017,"RandomForest",1,0.54,1
2017-11-10,2017,"RandomForest",1,0.686,1
2017-11-13,2017,"RandomForest",1,0.69,1
2017-11-14,2017,"RandomForest",1,0.676,1
2017-11-15,2017,"RandomForest",1,0.686,1
2017-11-16,2017,"RandomForest",1,0.628,1
2017-11-17,2017,"RandomForest",1,0.624,1
2017-11-20,2017,"RandomForest",0,0.53,1
2017-11-21,2017,"RandomForest",0,0.416,0
2017-11-22,2017,"RandomForest",0,0.49,0
2017-11-23,2017,"RandomForest",0,0.426,0
2017-11-24,2017,"RandomForest",0,0.414,0
2017-11-27,2017,"RandomForest",0,0.458,0
2017-11-28,2017,"RandomForest",0,0.396,0
2017-11-29,2017,"RandomForest",0,0.492,0
2017-11-30,2017,"RandomForest",0,0.39,0
2017-12-01,2017,"RandomForest",0,0.69,1
2017-12-04,2017,"RandomForest",0,0.398,0
2017-12-05,2017,"RandomForest",0,0.378,0
2017-12-06,2017,"RandomForest",0,0.462,0
2017-12-07,2017,"RandomForest",0,0.344,0
2017-12-08,2017,"RandomForest",0,0.432,0
2017-12-11,2017,"RandomForest",0,0.402,0
2017-12-12,2017,"RandomForest",0,0.542,1
2017-12-13,2017,"RandomForest",0,0.404,0
2017-12-14,2017,"RandomForest",0,0.484,0
2017-12-15,2017,"RandomForest",0,0.426,0
2017-12-18,2017,"RandomForest",0,0.504,1
2017-12-19,2017,"RandomForest",0,0.38,0
2017-12-20,2017,"RandomForest",0,0.532,1
2017-12-21,2017,"RandomForest",0,0.358,0
2017-12-22,2017,"RandomForest",0,0.47,0
2017-12-27,2017,"RandomForest",0,0.532,1
2017-12-28,2017,"RandomForest",0,0.684,1
2017-12-29,2017,"RandomForest",0,0.696,1
2017-01-03,2017,"Random",1,0.588705077010839,1
2017-01-04,2017,"Random",1,0.588705077010839,1
2017-01-05,2017,"Random",1,0.588705077010839,0
2017-01-06,2017,"Random",1,0.588705077010839,1
2017-01-09,2017,"Random",1,0.588705077010839,1
2017-01-10,2017,"Random",1,0.588705077010839,1
2017-01-11,2017,"Random",1,0.588705077010839,1
2017-01-12,2017,"Random",1,0.588705077010839,0
2017-01-13,2017,"Random",1,0.588705077010839,0
2017-01-16,2017,"Random",1,0.588705077010839,1
2017-01-17,2017,"Random",1,0.588705077010839,1
2017-01-18,2017,"Random",1,0.588705077010839,1
2017-01-19,2017,"Random",1,0.588705077010839,1
2017-01-20,2017,"Random",1,0.588705077010839,1
2017-01-23,2017,"Random",1,0.588705077010839,0
2017-01-24,2017,"Random",1,0.588705077010839,1
2017-01-25,2017,"Random",1,0.588705077010839,0
2017-01-26,2017,"Random",1,0.588705077010839,1
2017-01-27,2017,"Random",1,0.588705077010839,1
2017-01-30,2017,"Random",1,0.588705077010839,0
2017-01-31,2017,"Random",1,0.588705077010839,0
2017-02-01,2017,"Random",1,0.588705077010839,0
2017-02-02,2017,"Random",1,0.588705077010839,1
2017-02-03,2017,"Random",1,0.588705077010839,1
2017-02-06,2017,"Random",1,0.588705077010839,0
2017-02-07,2017,"Random",1,0.588705077010839,0
2017-02-08,2017,"Random",1,0.588705077010839,1
2017-02-09,2017,"Random",1,0.588705077010839,0
2017-02-10,2017,"Random",1,0.588705077010839,1
2017-02-13,2017,"Random",1,0.588705077010839,1
2017-02-14,2017,"Random",1,0.588705077010839,1
2017-02-15,2017,"Random",1,0.588705077010839,0
2017-02-16,2017,"Random",1,0.588705077010839,0
2017-02-17,2017,"Random",1,0.588705077010839,1
2017-02-20,2017,"Random",1,0.588705077010839,0
2017-02-21,2017,"Random",1,0.588705077010839,1
2017-02-22,2017,"Random",1,0.588705077010839,1
2017-02-23,2017,"Random",1,0.588705077010839,1
2017-02-24,2017,"Random",1,0.588705077010839,1
2017-02-27,2017,"Random",1,0.588705077010839,0
2017-02-28,2017,"Random",1,0.588705077010839,1
2017-03-01,2017,"Random",1,0.588705077010839,1
2017-03-02,2017,"Random",1,0.588705077010839,1
2017-03-03,2017,"Random",1,0.588705077010839,0
2017-03-06,2017,"Random",1,0.588705077010839,1
2017-03-07,2017,"Random",1,0.588705077010839,1
2017-03-08,2017,"Random",1,0.588705077010839,0
2017-03-09,2017,"Random",1,0.588705077010839,1
2017-03-10,2017,"Random",1,0.588705077010839,0
2017-03-13,2017,"Random",1,0.588705077010839,0
2017-03-14,2017,"Random",1,0.588705077010839,0
2017-03-15,2017,"Random",1,0.588705077010839,1
2017-03-16,2017,"Random",1,0.588705077010839,1
2017-03-17,2017,"Random",1,0.588705077010839,1
2017-03-20,2017,"Random",1,0.588705077010839,1
2017-03-21,2017,"Random",1,0.588705077010839,1
2017-03-22,2017,"Random",1,0.588705077010839,0
2017-03-23,2017,"Random",1,0.588705077010839,1
2017-03-24,2017,"Random",1,0.588705077010839,1
2017-03-27,2017,"Random",1,0.588705077010839,0
2017-03-28,2017,"Random",1,0.588705077010839,1
2017-03-29,2017,"Random",1,0.588705077010839,1
2017-03-30,2017,"Random",1,0.588705077010839,1
2017-03-31,2017,"Random",1,0.588705077010839,1
2017-04-03,2017,"Random",1,0.588705077010839,0
2017-04-04,2017,"Random",1,0.588705077010839,0
2017-04-05,2017,"Random",1,0.588705077010839,1
2017-04-06,2017,"Random",1,0.588705077010839,0
2017-04-07,2017,"Random",1,0.588705077010839,1
2017-04-10,2017,"Random",1,0.588705077010839,0
2017-04-11,2017,"Random",1,0.588705077010839,1
2017-04-12,2017,"Random",1,0.588705077010839,0
2017-04-13,2017,"Random",1,0.588705077010839,1
2017-04-18,2017,"Random",1,0.588705077010839,1
2017-04-19,2017,"Random",1,0.588705077010839,1
2017-04-20,2017,"Random",1,0.588705077010839,1
2017-04-21,2017,"Random",1,0.588705077010839,0
2017-04-24,2017,"Random",0,0.588705077010839,0
2017-04-25,2017,"Random",0,0.588705077010839,1
2017-04-26,2017,"Random",0,0.588705077010839,0
2017-04-27,2017,"Random",0,0.588705077010839,1
2017-04-28,2017,"Random",0,0.588705077010839,1
2017-05-02,2017,"Random",0,0.588705077010839,1
2017-05-03,2017,"Random",0,0.588705077010839,1
2017-05-04,2017,"Random",0,0.588705077010839,1
2017-05-05,2017,"Random",0,0.588705077010839,1
2017-05-08,2017,"Random",0,0.588705077010839,1
2017-05-09,2017,"Random",0,0.588705077010839,1
2017-05-10,2017,"Random",0,0.588705077010839,0
2017-05-11,2017,"Random",0,0.588705077010839,0
2017-05-12,2017,"Random",0,0.588705077010839,0
2017-05-15,2017,"Random",0,0.588705077010839,1
2017-05-16,2017,"Random",0,0.588705077010839,0
2017-05-17,2017,"Random",0,0.588705077010839,0
2017-05-18,2017,"Random",0,0.588705077010839,0
2017-05-19,2017,"Random",0,0.588705077010839,0
2017-05-22,2017,"Random",0,0.588705077010839,0
2017-05-23,2017,"Random",0,0.588705077010839,1
2017-05-24,2017,"Random",0,0.588705077010839,1
2017-05-26,2017,"Random",0,0.588705077010839,1
2017-05-29,2017,"Random",0,0.588705077010839,1
2017-05-30,2017,"Random",0,0.588705077010839,1
2017-05-31,2017,"Random",0,0.588705077010839,1
2017-06-01,2017,"Random",0,0.588705077010839,1
2017-06-02,2017,"Random",0,0.588705077010839,1
2017-06-06,2017,"Random",0,0.588705077010839,0
2017-06-07,2017,"Random",0,0.588705077010839,1
2017-06-08,2017,"Random",0,0.588705077010839,1
2017-06-09,2017,"Random",0,0.588705077010839,0
2017-06-12,2017,"Random",0,0.588705077010839,1
2017-06-13,2017,"Random",0,0.588705077010839,1
2017-06-14,2017,"Random",0,0.588705077010839,1
2017-06-15,2017,"Random",0,0.588705077010839,1
2017-06-16,2017,"Random",0,0.588705077010839,1
2017-06-19,2017,"Random",0,0.588705077010839,1
2017-06-20,2017,"Random",0,0.588705077010839,1
2017-06-21,2017,"Random",0,0.588705077010839,1
2017-06-22,2017,"Random",0,0.588705077010839,0
2017-06-23,2017,"Random",0,0.588705077010839,0
2017-06-26,2017,"Random",0,0.588705077010839,0
2017-06-27,2017,"Random",0,0.588705077010839,0
2017-06-28,2017,"Random",0,0.588705077010839,0
2017-06-29,2017,"Random",0,0.588705077010839,1
2017-06-30,2017,"Random",1,0.588705077010839,1
2017-07-03,2017,"Random",1,0.588705077010839,0
2017-07-04,2017,"Random",1,0.588705077010839,0
2017-07-05,2017,"Random",1,0.588705077010839,1
2017-07-06,2017,"Random",1,0.588705077010839,1
2017-07-07,2017,"Random",1,0.588705077010839,0
2017-07-10,2017,"Random",1,0.588705077010839,1
2017-07-11,2017,"Random",1,0.588705077010839,1
2017-07-12,2017,"Random",1,0.588705077010839,1
2017-07-13,2017,"Random",1,0.588705077010839,1
2017-07-14,2017,"Random",1,0.588705077010839,1
2017-07-17,2017,"Random",1,0.588705077010839,1
2017-07-18,2017,"Random",1,0.588705077010839,1
2017-07-19,2017,"Random",1,0.588705077010839,1
2017-07-20,2017,"Random",1,0.588705077010839,1
2017-07-21,2017,"Random",1,0.588705077010839,0
2017-07-24,2017,"Random",1,0.588705077010839,0
2017-07-25,2017,"Random",1,0.588705077010839,0
2017-07-26,2017,"Random",1,0.588705077010839,1
2017-07-27,2017,"Random",1,0.588705077010839,0
2017-07-28,2017,"Random",1,0.588705077010839,1
2017-07-31,2017,"Random",1,0.588705077010839,1
2017-08-02,2017,"Random",1,0.588705077010839,0
2017-08-03,2017,"Random",1,0.588705077010839,0
2017-08-04,2017,"Random",1,0.588705077010839,1
2017-08-07,2017,"Random",1,0.588705077010839,1
2017-08-08,2017,"Random",1,0.588705077010839,1
2017-08-09,2017,"Random",1,0.588705077010839,1
2017-08-10,2017,"Random",1,0.588705077010839,1
2017-08-11,2017,"Random",1,0.588705077010839,0
2017-08-14,2017,"Random",1,0.588705077010839,1
2017-08-15,2017,"Random",1,0.588705077010839,1
2017-08-16,2017,"Random",1,0.588705077010839,1
2017-08-17,2017,"Random",1,0.588705077010839,1
2017-08-18,2017,"Random",1,0.588705077010839,1
2017-08-21,2017,"Random",1,0.588705077010839,0
2017-08-22,2017,"Random",1,0.588705077010839,1
2017-08-23,2017,"Random",1,0.588705077010839,0
2017-08-24,2017,"Random",1,0.588705077010839,0
2017-08-25,2017,"Random",1,0.588705077010839,0
2017-08-28,2017,"Random",1,0.588705077010839,1
2017-08-29,2017,"Random",1,0.588705077010839,0
2017-08-30,2017,"Random",1,0.588705077010839,1
2017-08-31,2017,"Random",1,0.588705077010839,1
2017-09-01,2017,"Random",1,0.588705077010839,1
2017-09-04,2017,"Random",1,0.588705077010839,0
2017-09-05,2017,"Random",1,0.588705077010839,1
2017-09-06,2017,"Random",1,0.588705077010839,1
2017-09-07,2017,"Random",1,0.588705077010839,1
2017-09-08,2017,"Random",1,0.588705077010839,0
2017-09-11,2017,"Random",1,0.588705077010839,0
2017-09-12,2017,"Random",1,0.588705077010839,1
2017-09-13,2017,"Random",1,0.588705077010839,1
2017-09-14,2017,"Random",1,0.588705077010839,1
2017-09-15,2017,"Random",1,0.588705077010839,1
2017-09-18,2017,"Random",1,0.588705077010839,0
2017-09-19,2017,"Random",1,0.588705077010839,0
2017-09-20,2017,"Random",1,0.588705077010839,0
2017-09-21,2017,"Random",1,0.588705077010839,0
2017-09-22,2017,"Random",0,0.588705077010839,1
2017-09-25,2017,"Random",1,0.588705077010839,1
2017-09-26,2017,"Random",1,0.588705077010839,1
2017-09-27,2017,"Random",1,0.588705077010839,1
2017-09-28,2017,"Random",1,0.588705077010839,0
2017-09-29,2017,"Random",0,0.588705077010839,1
2017-10-02,2017,"Random",0,0.588705077010839,1
2017-10-03,2017,"Random",0,0.588705077010839,0
2017-10-04,2017,"Random",0,0.588705077010839,0
2017-10-05,2017,"Random",0,0.588705077010839,1
2017-10-06,2017,"Random",0,0.588705077010839,1
2017-10-09,2017,"Random",0,0.588705077010839,0
2017-10-10,2017,"Random",0,0.588705077010839,1
2017-10-11,2017,"Random",0,0.588705077010839,1
2017-10-12,2017,"Random",0,0.588705077010839,1
2017-10-13,2017,"Random",0,0.588705077010839,1
2017-10-16,2017,"Random",0,0.588705077010839,1
2017-10-17,2017,"Random",0,0.588705077010839,1
2017-10-18,2017,"Random",0,0.588705077010839,0
2017-10-19,2017,"Random",0,0.588705077010839,1
2017-10-20,2017,"Random",0,0.588705077010839,1
2017-10-23,2017,"Random",0,0.588705077010839,1
2017-10-24,2017,"Random",1,0.588705077010839,0
2017-10-25,2017,"Random",1,0.588705077010839,0
2017-10-26,2017,"Random",0,0.588705077010839,1
2017-10-27,2017,"Random",0,0.588705077010839,1
2017-10-30,2017,"Random",0,0.588705077010839,1
2017-10-31,2017,"Random",0,0.588705077010839,0
2017-11-01,2017,"Random",0,0.588705077010839,1
2017-11-02,2017,"Random",0,0.588705077010839,0
2017-11-03,2017,"Random",0,0.588705077010839,1
2017-11-06,2017,"Random",0,0.588705077010839,0
2017-11-07,2017,"Random",1,0.588705077010839,1
2017-11-08,2017,"Random",1,0.588705077010839,0
2017-11-09,2017,"Random",1,0.588705077010839,0
2017-11-10,2017,"Random",1,0.588705077010839,1
2017-11-13,2017,"Random",1,0.588705077010839,0
2017-11-14,2017,"Random",1,0.588705077010839,0
2017-11-15,2017,"Random",1,0.588705077010839,1
2017-11-16,2017,"Random",1,0.588705077010839,0
2017-11-17,2017,"Random",1,0.588705077010839,0
2017-11-20,2017,"Random",0,0.588705077010839,1
2017-11-21,2017,"Random",0,0.588705077010839,1
2017-11-22,2017,"Random",0,0.588705077010839,1
2017-11-23,2017,"Random",0,0.588705077010839,1
2017-11-24,2017,"Random",0,0.588705077010839,0
2017-11-27,2017,"Random",0,0.588705077010839,1
2017-11-28,2017,"Random",0,0.588705077010839,0
2017-11-29,2017,"Random",0,0.588705077010839,1
2017-11-30,2017,"Random",0,0.588705077010839,1
2017-12-01,2017,"Random",0,0.588705077010839,1
2017-12-04,2017,"Random",0,0.588705077010839,1
2017-12-05,2017,"Random",0,0.588705077010839,1
2017-12-06,2017,"Random",0,0.588705077010839,0
2017-12-07,2017,"Random",0,0.588705077010839,1
2017-12-08,2017,"Random",0,0.588705077010839,1
2017-12-11,2017,"Random",0,0.588705077010839,0
2017-12-12,2017,"Random",0,0.588705077010839,1
2017-12-13,2017,"Random",0,0.588705077010839,1
2017-12-14,2017,"Random",0,0.588705077010839,1
2017-12-15,2017,"Random",0,0.588705077010839,0
2017-12-18,2017,"Random",0,0.588705077010839,0
2017-12-19,2017,"Random",0,0.588705077010839,1
2017-12-20,2017,"Random",0,0.588705077010839,0
2017-12-21,2017,"Random",0,0.588705077010839,1
2017-12-22,2017,"Random",0,0.588705077010839,1
2017-12-27,2017,"Random",0,0.588705077010839,1
2017-12-28,2017,"Random",0,0.588705077010839,1
2017-12-29,2017,"Random",0,0.588705077010839,0
2018-01-03,2018,"Logistic",0,0.530127185197376,1
2018-01-04,2018,"Logistic",0,0.534534842882224,1
2018-01-05,2018,"Logistic",0,0.494696834829812,0
2018-01-08,2018,"Logistic",0,0.504999586086649,1
2018-01-09,2018,"Logistic",0,0.518621010981529,1
2018-01-10,2018,"Logistic",0,0.511821797878574,1
2018-01-11,2018,"Logistic",0,0.505135935961177,1
2018-01-12,2018,"Logistic",0,0.496349668529505,0
2018-01-15,2018,"Logistic",0,0.501540819461483,1
2018-01-16,2018,"Logistic",0,0.513591185154331,1
2018-01-17,2018,"Logistic",0,0.523835514753093,1
2018-01-18,2018,"Logistic",0,0.517681667344512,1
2018-01-19,2018,"Logistic",0,0.493937245683414,0
2018-01-22,2018,"Logistic",0,0.49178682743679,0
2018-01-23,2018,"Logistic",0,0.498326916885252,0
2018-01-24,2018,"Logistic",0,0.499523907507362,0
2018-01-25,2018,"Logistic",0,0.511495566332973,1
2018-01-26,2018,"Logistic",0,0.501549042097321,1
2018-01-29,2018,"Logistic",0,0.507973603276499,1
2018-01-30,2018,"Logistic",0,0.52275464546701,1
2018-01-31,2018,"Logistic",0,0.543525567016608,1
2018-02-01,2018,"Logistic",0,0.528803449295931,1
2018-02-02,2018,"Logistic",0,0.526261913347765,1
2018-02-05,2018,"Logistic",1,0.533777271998335,1
2018-02-06,2018,"Logistic",1,0.58492652049623,1
2018-02-07,2018,"Logistic",1,0.588189423196331,1
2018-02-08,2018,"Logistic",1,0.657284100786259,1
2018-02-09,2018,"Logistic",1,0.681672243297048,1
2018-02-12,2018,"Logistic",1,0.664353409320053,1
2018-02-13,2018,"Logistic",1,0.687215869937427,1
2018-02-14,2018,"Logistic",1,0.651227796246607,1
2018-02-15,2018,"Logistic",1,0.642770630962655,1
2018-02-16,2018,"Logistic",1,0.62474393714131,1
2018-02-19,2018,"Logistic",1,0.621254275405885,1
2018-02-20,2018,"Logistic",1,0.621520307097393,1
2018-02-21,2018,"Logistic",1,0.594390314478182,1
2018-02-22,2018,"Logistic",1,0.591127565464903,1
2018-02-23,2018,"Logistic",1,0.572870778836316,1
2018-02-26,2018,"Logistic",1,0.557274954555246,1
2018-02-27,2018,"Logistic",1,0.563551861356017,1
2018-02-28,2018,"Logistic",1,0.56412823045922,1
2018-03-01,2018,"Logistic",1,0.5826565890863,1
2018-03-02,2018,"Logistic",1,0.633171373346898,1
2018-03-05,2018,"Logistic",1,0.612825151663302,1
2018-03-06,2018,"Logistic",1,0.605565939426983,1
2018-03-07,2018,"Logistic",1,0.579994689620251,1
2018-03-08,2018,"Logistic",1,0.570939413249604,1
2018-03-09,2018,"Logistic",1,0.583448958209247,1
2018-03-12,2018,"Logistic",1,0.557997031083218,1
2018-03-13,2018,"Logistic",1,0.578435009381465,1
2018-03-14,2018,"Logistic",1,0.576481245789289,1
2018-03-15,2018,"Logistic",0,0.562626763160245,1
2018-03-16,2018,"Logistic",1,0.563288844580762,1
2018-03-19,2018,"Logistic",1,0.583635255493394,1
2018-03-20,2018,"Logistic",1,0.573841912188304,1
2018-03-21,2018,"Logistic",1,0.579272209842159,1
2018-03-22,2018,"Logistic",1,0.606259830795257,1
2018-03-23,2018,"Logistic",1,0.625892283091625,1
2018-03-26,2018,"Logistic",1,0.623105542444851,1
2018-03-27,2018,"Logistic",1,0.604835046095343,1
2018-03-28,2018,"Logistic",1,0.592381568679684,1
2018-03-29,2018,"Logistic",1,0.579011624994927,1
2018-04-03,2018,"Logistic",1,0.587566560691258,1
2018-04-04,2018,"Logistic",1,0.593144372924102,1
2018-04-05,2018,"Logistic",1,0.539814273233853,1
2018-04-06,2018,"Logistic",1,0.545844204805863,1
2018-04-09,2018,"Logistic",0,0.534192717912748,1
2018-04-10,2018,"Logistic",1,0.539582221646858,1
2018-04-11,2018,"Logistic",0,0.559282327707165,1
2018-04-12,2018,"Logistic",0,0.525513126772092,1
2018-04-13,2018,"Logistic",0,0.539925617204721,1
2018-04-16,2018,"Logistic",0,0.534514435600293,1
2018-04-17,2018,"Logistic",0,0.514832943137811,1
2018-04-18,2018,"Logistic",0,0.525578346663205,1
2018-04-19,2018,"Logistic",0,0.496701756475501,0
2018-04-20,2018,"Logistic",0,0.499604149787022,0
2018-04-23,2018,"Logistic",0,0.494749832180352,0
2018-04-24,2018,"Logistic",0,0.497871896096201,0
2018-04-25,2018,"Logistic",0,0.52420352181286,1
2018-04-26,2018,"Logistic",0,0.51317273308204,1
2018-04-27,2018,"Logistic",0,0.513499239779443,1
2018-04-30,2018,"Logistic",0,0.513705796180489,1
2018-05-02,2018,"Logistic",0,0.515332604677109,1
2018-05-03,2018,"Logistic",0,0.53206240279993,1
2018-05-04,2018,"Logistic",0,0.494724053241045,0
2018-05-07,2018,"Logistic",0,0.494773696448926,0
2018-05-08,2018,"Logistic",0,0.497875481219313,0
2018-05-09,2018,"Logistic",0,0.49283859878357,0
2018-05-11,2018,"Logistic",0,0.515124001501587,1
2018-05-14,2018,"Logistic",0,0.514182764136851,1
2018-05-15,2018,"Logistic",0,0.518172824608659,1
2018-05-16,2018,"Logistic",0,0.524000708640666,1
2018-05-17,2018,"Logistic",0,0.509378040931303,1
2018-05-18,2018,"Logistic",0,0.515744350284435,1
2018-05-22,2018,"Logistic",0,0.512703709870235,1
2018-05-23,2018,"Logistic",0,0.523397397488341,1
2018-05-24,2018,"Logistic",0,0.520560524064866,1
2018-05-25,2018,"Logistic",0,0.507298343586302,1
2018-05-28,2018,"Logistic",1,0.518879004286424,1
2018-05-29,2018,"Logistic",1,0.520935781538032,1
2018-05-30,2018,"Logistic",1,0.52722085063345,1
2018-05-31,2018,"Logistic",1,0.541163751699178,1
2018-06-01,2018,"Logistic",0,0.528946132117267,1
2018-06-04,2018,"Logistic",0,0.529008415671104,1
2018-06-05,2018,"Logistic",0,0.528107132913146,1
2018-06-06,2018,"Logistic",0,0.522208090685969,1
2018-06-07,2018,"Logistic",0,0.523989494632263,1
2018-06-08,2018,"Logistic",0,0.507238088368453,1
2018-06-11,2018,"Logistic",0,0.509388958372787,1
2018-06-12,2018,"Logistic",0,0.523363619279457,1
2018-06-13,2018,"Logistic",0,0.521474728088089,1
2018-06-14,2018,"Logistic",0,0.52238255668129,1
2018-06-15,2018,"Logistic",0,0.51465256104337,1
2018-06-18,2018,"Logistic",0,0.521090028275648,1
2018-06-19,2018,"Logistic",1,0.519979159412302,1
2018-06-20,2018,"Logistic",0,0.52303178248542,1
2018-06-21,2018,"Logistic",0,0.532031649708934,1
2018-06-22,2018,"Logistic",0,0.529725020817572,1
2018-06-25,2018,"Logistic",0,0.58366804706396,1
2018-06-26,2018,"Logistic",0,0.587356816235978,1
2018-06-27,2018,"Logistic",0,0.565887840388639,1
2018-06-28,2018,"Logistic",0,0.582834032690758,1
2018-06-29,2018,"Logistic",0,0.551257321688978,1
2018-07-02,2018,"Logistic",0,0.576266993272602,1
2018-07-03,2018,"Logistic",0,0.56933193949261,1
2018-07-04,2018,"Logistic",0,0.560042060927531,1
2018-07-05,2018,"Logistic",0,0.553796987692738,1
2018-07-06,2018,"Logistic",0,0.52416156244635,1
2018-07-09,2018,"Logistic",0,0.539089993943371,1
2018-07-10,2018,"Logistic",0,0.532402025757246,1
2018-07-11,2018,"Logistic",0,0.555560583922311,1
2018-07-12,2018,"Logistic",0,0.532943456941583,1
2018-07-13,2018,"Logistic",0,0.521650237365537,1
2018-07-16,2018,"Logistic",0,0.529254087357334,1
2018-07-17,2018,"Logistic",0,0.522438470637028,1
2018-07-18,2018,"Logistic",0,0.522871453602022,1
2018-07-19,2018,"Logistic",0,0.522074175649142,1
2018-07-20,2018,"Logistic",0,0.515327957478902,1
2018-07-23,2018,"Logistic",0,0.52377559757526,1
2018-07-24,2018,"Logistic",0,0.508110122237695,1
2018-07-25,2018,"Logistic",0,0.524134726863891,1
2018-07-26,2018,"Logistic",0,0.510824705469481,1
2018-07-27,2018,"Logistic",0,0.509398582714457,1
2018-07-30,2018,"Logistic",0,0.526701582625995,1
2018-07-31,2018,"Logistic",0,0.516433825474447,1
2018-08-02,2018,"Logistic",0,0.544893398494951,1
2018-08-03,2018,"Logistic",0,0.52868587014049,1
2018-08-06,2018,"Logistic",0,0.52873255636034,1
2018-08-07,2018,"Logistic",0,0.523360826804075,1
2018-08-08,2018,"Logistic",0,0.515412997130148,1
2018-08-09,2018,"Logistic",0,0.536698740294248,1
2018-08-10,2018,"Logistic",0,0.560168553616862,1
2018-08-13,2018,"Logistic",0,0.553680862901604,1
2018-08-14,2018,"Logistic",0,0.548117454986493,1
2018-08-15,2018,"Logistic",0,0.560108556297602,1
2018-08-16,2018,"Logistic",0,0.562715247190045,1
2018-08-17,2018,"Logistic",0,0.570452146363276,1
2018-08-20,2018,"Logistic",0,0.570428137930468,1
2018-08-21,2018,"Logistic",0,0.555613710815634,1
2018-08-22,2018,"Logistic",0,0.556610044222603,1
2018-08-23,2018,"Logistic",0,0.547677033655452,1
2018-08-24,2018,"Logistic",0,0.546527524116632,1
2018-08-27,2018,"Logistic",0,0.535723941331334,1
2018-08-28,2018,"Logistic",0,0.527168845457064,1
2018-08-29,2018,"Logistic",0,0.528665581386596,1
2018-08-30,2018,"Logistic",0,0.530196913749413,1
2018-08-31,2018,"Logistic",0,0.547130879888325,1
2018-09-03,2018,"Logistic",0,0.5338699243795,1
2018-09-04,2018,"Logistic",0,0.538250171425424,1
2018-09-05,2018,"Logistic",0,0.552828778214782,1
2018-09-06,2018,"Logistic",0,0.552939507206563,1
2018-09-07,2018,"Logistic",0,0.544009777200437,1
2018-09-10,2018,"Logistic",0,0.533770672300052,1
2018-09-11,2018,"Logistic",0,0.529993639276397,1
2018-09-12,2018,"Logistic",0,0.533968650810924,1
2018-09-13,2018,"Logistic",0,0.533050614605412,1
2018-09-14,2018,"Logistic",0,0.541581923900183,1
2018-09-17,2018,"Logistic",0,0.528033622045216,1
2018-09-18,2018,"Logistic",0,0.531078933373529,1
2018-09-19,2018,"Logistic",0,0.534432670473836,1
2018-09-20,2018,"Logistic",0,0.534717064083136,1
2018-09-21,2018,"Logistic",0,0.538590779211169,1
2018-09-24,2018,"Logistic",0,0.52969663423127,1
2018-09-25,2018,"Logistic",0,0.527520204387129,1
2018-09-26,2018,"Logistic",0,0.516698385497465,1
2018-09-27,2018,"Logistic",0,0.508035354354942,1
2018-09-28,2018,"Logistic",0,0.502227586057834,1
2018-10-01,2018,"Logistic",0,0.504441455346241,1
2018-10-02,2018,"Logistic",0,0.512865390332836,1
2018-10-03,2018,"Logistic",0,0.510172439768224,1
2018-10-04,2018,"Logistic",0,0.519018865860376,1
2018-10-05,2018,"Logistic",0,0.542162658318165,1
2018-10-08,2018,"Logistic",0,0.554318388719262,1
2018-10-09,2018,"Logistic",0,0.542785706793257,1
2018-10-10,2018,"Logistic",0,0.573113776487433,1
2018-10-11,2018,"Logistic",0,0.602799844738866,1
2018-10-12,2018,"Logistic",0,0.613951543320651,1
2018-10-15,2018,"Logistic",0,0.604246120198493,1
2018-10-16,2018,"Logistic",0,0.593914448685951,1
2018-10-17,2018,"Logistic",0,0.595867330420956,1
2018-10-18,2018,"Logistic",0,0.617989513091326,1
2018-10-19,2018,"Logistic",0,0.598763717495778,1
2018-10-22,2018,"Logistic",0,0.606838597353607,1
2018-10-23,2018,"Logistic",0,0.610807003464001,1
2018-10-24,2018,"Logistic",0,0.608334015546714,1
2018-10-25,2018,"Logistic",0,0.604070048083471,1
2018-10-26,2018,"Logistic",0,0.620315145251685,1
2018-10-29,2018,"Logistic",0,0.601637742990434,1
2018-10-30,2018,"Logistic",0,0.587771749925997,1
2018-10-31,2018,"Logistic",0,0.562541284610357,1
2018-11-01,2018,"Logistic",0,0.546226953507858,1
2018-11-02,2018,"Logistic",0,0.535771095503941,1
2018-11-05,2018,"Logistic",0,0.528006610262941,1
2018-11-06,2018,"Logistic",0,0.532093141186157,1
2018-11-07,2018,"Logistic",0,0.512794611362139,1
2018-11-08,2018,"Logistic",0,0.515360003792104,1
2018-11-09,2018,"Logistic",0,0.530696974882829,1
2018-11-12,2018,"Logistic",0,0.545499642060869,1
2018-11-13,2018,"Logistic",0,0.531189774014179,1
2018-11-14,2018,"Logistic",0,0.516894101590065,1
2018-11-15,2018,"Logistic",0,0.53094016024786,1
2018-11-16,2018,"Logistic",0,0.530210635837842,1
2018-11-19,2018,"Logistic",1,0.562356834176477,1
2018-11-20,2018,"Logistic",1,0.578399247997383,1
2018-11-21,2018,"Logistic",0,0.567489998975447,1
2018-11-22,2018,"Logistic",1,0.583166029747069,1
2018-11-23,2018,"Logistic",1,0.581007490618361,1
2018-11-26,2018,"Logistic",1,0.576969013861844,1
2018-11-27,2018,"Logistic",1,0.582760608759014,1
2018-11-28,2018,"Logistic",1,0.558737292144246,1
2018-11-29,2018,"Logistic",1,0.558018350023078,1
2018-11-30,2018,"Logistic",1,0.550308751698237,1
2018-12-03,2018,"Logistic",1,0.532308724295173,1
2018-12-04,2018,"Logistic",1,0.561386919403138,1
2018-12-05,2018,"Logistic",1,0.566353794314373,1
2018-12-06,2018,"Logistic",1,0.657432380455855,1
2018-12-07,2018,"Logistic",1,0.641676774248216,1
2018-12-10,2018,"Logistic",1,0.653497659925386,1
2018-12-11,2018,"Logistic",1,0.628530917366898,1
2018-12-12,2018,"Logistic",1,0.601801345839096,1
2018-12-13,2018,"Logistic",1,0.608571196255233,1
2018-12-14,2018,"Logistic",1,0.608758559738727,1
2018-12-17,2018,"Logistic",1,0.618360492965278,1
2018-12-18,2018,"Logistic",1,0.625642345919194,1
2018-12-19,2018,"Logistic",1,0.596952850354208,1
2018-12-20,2018,"Logistic",1,0.660104003753479,1
2018-12-21,2018,"Logistic",1,0.650332361307603,1
2018-12-27,2018,"Logistic",1,0.701809563516324,1
2018-12-28,2018,"Logistic",1,0.674075785590736,1
2018-01-03,2018,"DecisionTree",0,0.921052631578947,1
2018-01-04,2018,"DecisionTree",0,0.921052631578947,1
2018-01-05,2018,"DecisionTree",0,0.921052631578947,1
2018-01-08,2018,"DecisionTree",0,0.921052631578947,1
2018-01-09,2018,"DecisionTree",0,0.921052631578947,1
2018-01-10,2018,"DecisionTree",0,0.921052631578947,1
2018-01-11,2018,"DecisionTree",0,0.921052631578947,1
2018-01-12,2018,"DecisionTree",0,0.921052631578947,1
2018-01-15,2018,"DecisionTree",0,0.921052631578947,1
2018-01-16,2018,"DecisionTree",0,0.921052631578947,1
2018-01-17,2018,"DecisionTree",0,0.921052631578947,1
2018-01-18,2018,"DecisionTree",0,0.921052631578947,1
2018-01-19,2018,"DecisionTree",0,0.730769230769231,1
2018-01-22,2018,"DecisionTree",0,0.941176470588235,1
2018-01-23,2018,"DecisionTree",0,0.941176470588235,1
2018-01-24,2018,"DecisionTree",0,0.730769230769231,1
2018-01-25,2018,"DecisionTree",0,0.730769230769231,1
2018-01-26,2018,"DecisionTree",0,0.730769230769231,1
2018-01-29,2018,"DecisionTree",0,0.730769230769231,1
2018-01-30,2018,"DecisionTree",0,0.730769230769231,1
2018-01-31,2018,"DecisionTree",0,0.730769230769231,1
2018-02-01,2018,"DecisionTree",0,0.730769230769231,1
2018-02-02,2018,"DecisionTree",0,0.730769230769231,1
2018-02-05,2018,"DecisionTree",1,0.0833333333333333,0
2018-02-06,2018,"DecisionTree",1,0.232142857142857,0
2018-02-07,2018,"DecisionTree",1,0.375,0
2018-02-08,2018,"DecisionTree",1,0.232142857142857,0
2018-02-09,2018,"DecisionTree",1,0.232142857142857,0
2018-02-12,2018,"DecisionTree",1,0.232142857142857,0
2018-02-13,2018,"DecisionTree",1,0.232142857142857,0
2018-02-14,2018,"DecisionTree",1,0.232142857142857,0
2018-02-15,2018,"DecisionTree",1,0.232142857142857,0
2018-02-16,2018,"DecisionTree",1,0.232142857142857,0
2018-02-19,2018,"DecisionTree",1,0.232142857142857,0
2018-02-20,2018,"DecisionTree",1,0.225806451612903,0
2018-02-21,2018,"DecisionTree",1,0.225806451612903,0
2018-02-22,2018,"DecisionTree",1,0.225806451612903,0
2018-02-23,2018,"DecisionTree",1,0.772486772486772,1
2018-02-26,2018,"DecisionTree",1,0.225806451612903,0
2018-02-27,2018,"DecisionTree",1,0.772486772486772,1
2018-02-28,2018,"DecisionTree",1,0.772486772486772,1
2018-03-01,2018,"DecisionTree",1,0.232142857142857,0
2018-03-02,2018,"DecisionTree",1,0.232142857142857,0
2018-03-05,2018,"DecisionTree",1,0.232142857142857,0
2018-03-06,2018,"DecisionTree",1,0.232142857142857,0
2018-03-07,2018,"DecisionTree",1,0.232142857142857,0
2018-03-08,2018,"DecisionTree",1,0.772486772486772,1
2018-03-09,2018,"DecisionTree",1,0.772486772486772,1
2018-03-12,2018,"DecisionTree",1,0.772486772486772,1
2018-03-13,2018,"DecisionTree",1,0.772486772486772,1
2018-03-14,2018,"DecisionTree",1,0.772486772486772,1
2018-03-15,2018,"DecisionTree",0,0.772486772486772,1
2018-03-16,2018,"DecisionTree",1,0.772486772486772,1
2018-03-19,2018,"DecisionTree",1,0.785714285714286,1
2018-03-20,2018,"DecisionTree",1,0.772486772486772,1
2018-03-21,2018,"DecisionTree",1,0.772486772486772,1
2018-03-22,2018,"DecisionTree",1,0.232142857142857,0
2018-03-23,2018,"DecisionTree",1,0.232142857142857,0
2018-03-26,2018,"DecisionTree",1,0.232142857142857,0
2018-03-27,2018,"DecisionTree",1,0.232142857142857,0
2018-03-28,2018,"DecisionTree",1,0.785714285714286,1
2018-03-29,2018,"DecisionTree",1,0.772486772486772,1
2018-04-03,2018,"DecisionTree",1,0.772486772486772,1
2018-04-04,2018,"DecisionTree",1,0.772486772486772,1
2018-04-05,2018,"DecisionTree",1,0.225806451612903,0
2018-04-06,2018,"DecisionTree",1,0.225806451612903,0
2018-04-09,2018,"DecisionTree",0,0.225806451612903,0
2018-04-10,2018,"DecisionTree",1,0.722222222222222,1
2018-04-11,2018,"DecisionTree",0,0.225806451612903,0
2018-04-12,2018,"DecisionTree",0,0.722222222222222,1
2018-04-13,2018,"DecisionTree",0,0.722222222222222,1
2018-04-16,2018,"DecisionTree",0,0.772486772486772,1
2018-04-17,2018,"DecisionTree",0,0.671232876712329,1
2018-04-18,2018,"DecisionTree",0,0.671232876712329,1
2018-04-19,2018,"DecisionTree",0,0.671232876712329,1
2018-04-20,2018,"DecisionTree",0,0.671232876712329,1
2018-04-23,2018,"DecisionTree",0,0.210526315789474,0
2018-04-24,2018,"DecisionTree",0,0.893939393939394,1
2018-04-25,2018,"DecisionTree",0,0.893939393939394,1
2018-04-26,2018,"DecisionTree",0,0.893939393939394,1
2018-04-27,2018,"DecisionTree",0,0.893939393939394,1
2018-04-30,2018,"DecisionTree",0,0.893939393939394,1
2018-05-02,2018,"DecisionTree",0,0.893939393939394,1
2018-05-03,2018,"DecisionTree",0,0.25,0
2018-05-04,2018,"DecisionTree",0,0.25,0
2018-05-07,2018,"DecisionTree",0,0.25,0
2018-05-08,2018,"DecisionTree",0,0.25,0
2018-05-09,2018,"DecisionTree",0,0.25,0
2018-05-11,2018,"DecisionTree",0,0.25,0
2018-05-14,2018,"DecisionTree",0,0.25,0
2018-05-15,2018,"DecisionTree",0,0.25,0
2018-05-16,2018,"DecisionTree",0,0.25,0
2018-05-17,2018,"DecisionTree",0,0.25,0
2018-05-18,2018,"DecisionTree",0,0.25,0
2018-05-22,2018,"DecisionTree",0,0.25,0
2018-05-23,2018,"DecisionTree",0,0.8,1
2018-05-24,2018,"DecisionTree",0,0.730769230769231,1
2018-05-25,2018,"DecisionTree",0,0.730769230769231,1
2018-05-28,2018,"DecisionTree",1,0.0909090909090909,0
2018-05-29,2018,"DecisionTree",1,0.0833333333333333,0
2018-05-30,2018,"DecisionTree",1,0.0833333333333333,0
2018-05-31,2018,"DecisionTree",1,0.0833333333333333,0
2018-06-01,2018,"DecisionTree",0,0.375,0
2018-06-04,2018,"DecisionTree",0,0.772486772486772,1
2018-06-05,2018,"DecisionTree",0,0.772486772486772,1
2018-06-06,2018,"DecisionTree",0,0.772486772486772,1
2018-06-07,2018,"DecisionTree",0,0.772486772486772,1
2018-06-08,2018,"DecisionTree",0,0.921052631578947,1
2018-06-11,2018,"DecisionTree",0,0.921052631578947,1
2018-06-12,2018,"DecisionTree",0,0.921052631578947,1
2018-06-13,2018,"DecisionTree",0,0.921052631578947,1
2018-06-14,2018,"DecisionTree",0,0.921052631578947,1
2018-06-15,2018,"DecisionTree",0,0.921052631578947,1
2018-06-18,2018,"DecisionTree",0,0.921052631578947,1
2018-06-19,2018,"DecisionTree",1,0.921052631578947,1
2018-06-20,2018,"DecisionTree",0,0.921052631578947,1
2018-06-21,2018,"DecisionTree",0,0.921052631578947,1
2018-06-22,2018,"DecisionTree",0,0.921052631578947,1
2018-06-25,2018,"DecisionTree",0,0.921052631578947,1
2018-06-26,2018,"DecisionTree",0,0.921052631578947,1
2018-06-27,2018,"DecisionTree",0,0.921052631578947,1
2018-06-28,2018,"DecisionTree",0,0.232142857142857,0
2018-06-29,2018,"DecisionTree",0,0.921052631578947,1
2018-07-02,2018,"DecisionTree",0,0.772486772486772,1
2018-07-03,2018,"DecisionTree",0,0.772486772486772,1
2018-07-04,2018,"DecisionTree",0,0.772486772486772,1
2018-07-05,2018,"DecisionTree",0,0.225806451612903,0
2018-07-06,2018,"DecisionTree",0,0.225806451612903,0
2018-07-09,2018,"DecisionTree",0,0.225806451612903,0
2018-07-10,2018,"DecisionTree",0,0.225806451612903,0
2018-07-11,2018,"DecisionTree",0,0.772486772486772,1
2018-07-12,2018,"DecisionTree",0,0.772486772486772,1
2018-07-13,2018,"DecisionTree",0,0.772486772486772,1
2018-07-16,2018,"DecisionTree",0,0.772486772486772,1
2018-07-17,2018,"DecisionTree",0,0.772486772486772,1
2018-07-18,2018,"DecisionTree",0,0.772486772486772,1
2018-07-19,2018,"DecisionTree",0,0.772486772486772,1
2018-07-20,2018,"DecisionTree",0,0.772486772486772,1
2018-07-23,2018,"DecisionTree",0,0.0909090909090909,0
2018-07-24,2018,"DecisionTree",0,0.772486772486772,1
2018-07-25,2018,"DecisionTree",0,0.0909090909090909,0
2018-07-26,2018,"DecisionTree",0,0.0909090909090909,0
2018-07-27,2018,"DecisionTree",0,0.0909090909090909,0
2018-07-30,2018,"DecisionTree",0,0.0909090909090909,0
2018-07-31,2018,"DecisionTree",0,0.0909090909090909,0
2018-08-02,2018,"DecisionTree",0,0.772486772486772,1
2018-08-03,2018,"DecisionTree",0,0.785714285714286,1
2018-08-06,2018,"DecisionTree",0,0.785714285714286,1
2018-08-07,2018,"DecisionTree",0,0.772486772486772,1
2018-08-08,2018,"DecisionTree",0,0.785714285714286,1
2018-08-09,2018,"DecisionTree",0,0.0909090909090909,0
2018-08-10,2018,"DecisionTree",0,0.785714285714286,1
2018-08-13,2018,"DecisionTree",0,0.785714285714286,1
2018-08-14,2018,"DecisionTree",0,0.785714285714286,1
2018-08-15,2018,"DecisionTree",0,0.785714285714286,1
2018-08-16,2018,"DecisionTree",0,0.785714285714286,1
2018-08-17,2018,"DecisionTree",0,0.375,0
2018-08-20,2018,"DecisionTree",0,0.772486772486772,1
2018-08-21,2018,"DecisionTree",0,0.772486772486772,1
2018-08-22,2018,"DecisionTree",0,0.772486772486772,1
2018-08-23,2018,"DecisionTree",0,0.772486772486772,1
2018-08-24,2018,"DecisionTree",0,0.772486772486772,1
2018-08-27,2018,"DecisionTree",0,0.225806451612903,0
2018-08-28,2018,"DecisionTree",0,0.225806451612903,0
2018-08-29,2018,"DecisionTree",0,0.772486772486772,1
2018-08-30,2018,"DecisionTree",0,0.772486772486772,1
2018-08-31,2018,"DecisionTree",0,0.785714285714286,1
2018-09-03,2018,"DecisionTree",0,0.785714285714286,1
2018-09-04,2018,"DecisionTree",0,0.921052631578947,1
2018-09-05,2018,"DecisionTree",0,0.921052631578947,1
2018-09-06,2018,"DecisionTree",0,0.921052631578947,1
2018-09-07,2018,"DecisionTree",0,0.0833333333333333,0
2018-09-10,2018,"DecisionTree",0,0.921052631578947,1
2018-09-11,2018,"DecisionTree",0,0.921052631578947,1
2018-09-12,2018,"DecisionTree",0,0.0833333333333333,0
2018-09-13,2018,"DecisionTree",0,0.0833333333333333,0
2018-09-14,2018,"DecisionTree",0,0.0833333333333333,0
2018-09-17,2018,"DecisionTree",0,0.0833333333333333,0
2018-09-18,2018,"DecisionTree",0,0.0833333333333333,0
2018-09-19,2018,"DecisionTree",0,0.0833333333333333,0
2018-09-20,2018,"DecisionTree",0,0.0833333333333333,0
2018-09-21,2018,"DecisionTree",0,0.0833333333333333,0
2018-09-24,2018,"DecisionTree",0,0.730769230769231,1
2018-09-25,2018,"DecisionTree",0,0.730769230769231,1
2018-09-26,2018,"DecisionTree",0,0.730769230769231,1
2018-09-27,2018,"DecisionTree",0,0.730769230769231,1
2018-09-28,2018,"DecisionTree",0,0.921052631578947,1
2018-10-01,2018,"DecisionTree",0,0.921052631578947,1
2018-10-02,2018,"DecisionTree",0,0.730769230769231,1
2018-10-03,2018,"DecisionTree",0,0.730769230769231,1
2018-10-04,2018,"DecisionTree",0,0.730769230769231,1
2018-10-05,2018,"DecisionTree",0,0.730769230769231,1
2018-10-08,2018,"DecisionTree",0,0.921052631578947,1
2018-10-09,2018,"DecisionTree",0,0.921052631578947,1
2018-10-10,2018,"DecisionTree",0,0.921052631578947,1
2018-10-11,2018,"DecisionTree",0,0.232142857142857,0
2018-10-12,2018,"DecisionTree",0,0.232142857142857,0
2018-10-15,2018,"DecisionTree",0,0.232142857142857,0
2018-10-16,2018,"DecisionTree",0,0.375,0
2018-10-17,2018,"DecisionTree",0,0.232142857142857,0
2018-10-18,2018,"DecisionTree",0,0.232142857142857,0
2018-10-19,2018,"DecisionTree",0,0.232142857142857,0
2018-10-22,2018,"DecisionTree",0,0.232142857142857,0
2018-10-23,2018,"DecisionTree",0,0.232142857142857,0
2018-10-24,2018,"DecisionTree",0,0.232142857142857,0
2018-10-25,2018,"DecisionTree",0,0.232142857142857,0
2018-10-26,2018,"DecisionTree",0,0.232142857142857,0
2018-10-29,2018,"DecisionTree",0,0.232142857142857,0
2018-10-30,2018,"DecisionTree",0,0.232142857142857,0
2018-10-31,2018,"DecisionTree",0,0.232142857142857,0
2018-11-01,2018,"DecisionTree",0,0.225806451612903,0
2018-11-02,2018,"DecisionTree",0,0.225806451612903,0
2018-11-05,2018,"DecisionTree",0,0.225806451612903,0
2018-11-06,2018,"DecisionTree",0,0.772486772486772,1
2018-11-07,2018,"DecisionTree",0,0.225806451612903,0
2018-11-08,2018,"DecisionTree",0,0.225806451612903,0
2018-11-09,2018,"DecisionTree",0,0.772486772486772,1
2018-11-12,2018,"DecisionTree",0,0.785714285714286,1
2018-11-13,2018,"DecisionTree",0,0.772486772486772,1
2018-11-14,2018,"DecisionTree",0,0.785714285714286,1
2018-11-15,2018,"DecisionTree",0,0.785714285714286,1
2018-11-16,2018,"DecisionTree",0,0.785714285714286,1
2018-11-19,2018,"DecisionTree",1,0.785714285714286,1
2018-11-20,2018,"DecisionTree",1,0.232142857142857,0
2018-11-21,2018,"DecisionTree",0,0.785714285714286,1
2018-11-22,2018,"DecisionTree",1,0.232142857142857,0
2018-11-23,2018,"DecisionTree",1,0.232142857142857,0
2018-11-26,2018,"DecisionTree",1,0.772486772486772,1
2018-11-27,2018,"DecisionTree",1,0.772486772486772,1
2018-11-28,2018,"DecisionTree",1,0.772486772486772,1
2018-11-29,2018,"DecisionTree",1,0.772486772486772,1
2018-11-30,2018,"DecisionTree",1,0.772486772486772,1
2018-12-03,2018,"DecisionTree",1,0.225806451612903,0
2018-12-04,2018,"DecisionTree",1,0.772486772486772,1
2018-12-05,2018,"DecisionTree",1,0.772486772486772,1
2018-12-06,2018,"DecisionTree",1,0.232142857142857,0
2018-12-07,2018,"DecisionTree",1,0.232142857142857,0
2018-12-10,2018,"DecisionTree",1,0.232142857142857,0
2018-12-11,2018,"DecisionTree",1,0.232142857142857,0
2018-12-12,2018,"DecisionTree",1,0.794871794871795,1
2018-12-13,2018,"DecisionTree",1,0.772486772486772,1
2018-12-14,2018,"DecisionTree",1,0.772486772486772,1
2018-12-17,2018,"DecisionTree",1,0.772486772486772,1
2018-12-18,2018,"DecisionTree",1,0.232142857142857,0
2018-12-19,2018,"DecisionTree",1,0.296296296296296,0
2018-12-20,2018,"DecisionTree",1,0.232142857142857,0
2018-12-21,2018,"DecisionTree",1,0.232142857142857,0
2018-12-27,2018,"DecisionTree",1,0.232142857142857,0
2018-12-28,2018,"DecisionTree",1,0.846153846153846,1
2018-01-03,2018,"RandomForest",0,0.414,0
2018-01-04,2018,"RandomForest",0,0.806,1
2018-01-05,2018,"RandomForest",0,0.808,1
2018-01-08,2018,"RandomForest",0,0.884,1
2018-01-09,2018,"RandomForest",0,0.892,1
2018-01-10,2018,"RandomForest",0,0.86,1
2018-01-11,2018,"RandomForest",0,0.742,1
2018-01-12,2018,"RandomForest",0,0.826,1
2018-01-15,2018,"RandomForest",0,0.798,1
2018-01-16,2018,"RandomForest",0,0.834,1
2018-01-17,2018,"RandomForest",0,0.774,1
2018-01-18,2018,"RandomForest",0,0.83,1
2018-01-19,2018,"RandomForest",0,0.836,1
2018-01-22,2018,"RandomForest",0,0.768,1
2018-01-23,2018,"RandomForest",0,0.798,1
2018-01-24,2018,"RandomForest",0,0.788,1
2018-01-25,2018,"RandomForest",0,0.726,1
2018-01-26,2018,"RandomForest",0,0.78,1
2018-01-29,2018,"RandomForest",0,0.736,1
2018-01-30,2018,"RandomForest",0,0.684,1
2018-01-31,2018,"RandomForest",0,0.672,1
2018-02-01,2018,"RandomForest",0,0.876,1
2018-02-02,2018,"RandomForest",0,0.786,1
2018-02-05,2018,"RandomForest",1,0.736,1
2018-02-06,2018,"RandomForest",1,0.626,1
2018-02-07,2018,"RandomForest",1,0.484,0
2018-02-08,2018,"RandomForest",1,0.538,1
2018-02-09,2018,"RandomForest",1,0.57,1
2018-02-12,2018,"RandomForest",1,0.558,1
2018-02-13,2018,"RandomForest",1,0.594,1
2018-02-14,2018,"RandomForest",1,0.418,0
2018-02-15,2018,"RandomForest",1,0.458,0
2018-02-16,2018,"RandomForest",1,0.442,0
2018-02-19,2018,"RandomForest",1,0.388,0
2018-02-20,2018,"RandomForest",1,0.426,0
2018-02-21,2018,"RandomForest",1,0.392,0
2018-02-22,2018,"RandomForest",1,0.394,0
2018-02-23,2018,"RandomForest",1,0.45,0
2018-02-26,2018,"RandomForest",1,0.472,0
2018-02-27,2018,"RandomForest",1,0.556,1
2018-02-28,2018,"RandomForest",1,0.542,1
2018-03-01,2018,"RandomForest",1,0.436,0
2018-03-02,2018,"RandomForest",1,0.306,0
2018-03-05,2018,"RandomForest",1,0.298,0
2018-03-06,2018,"RandomForest",1,0.346,0
2018-03-07,2018,"RandomForest",1,0.378,0
2018-03-08,2018,"RandomForest",1,0.58,1
2018-03-09,2018,"RandomForest",1,0.642,1
2018-03-12,2018,"RandomForest",1,0.672,1
2018-03-13,2018,"RandomForest",1,0.546,1
2018-03-14,2018,"RandomForest",1,0.552,1
2018-03-15,2018,"RandomForest",0,0.586,1
2018-03-16,2018,"RandomForest",1,0.532,1
2018-03-19,2018,"RandomForest",1,0.516,1
2018-03-20,2018,"RandomForest",1,0.622,1
2018-03-21,2018,"RandomForest",1,0.65,1
2018-03-22,2018,"RandomForest",1,0.462,0
2018-03-23,2018,"RandomForest",1,0.304,0
2018-03-26,2018,"RandomForest",1,0.324,0
2018-03-27,2018,"RandomForest",1,0.278,0
2018-03-28,2018,"RandomForest",1,0.506,1
2018-03-29,2018,"RandomForest",1,0.752,1
2018-04-03,2018,"RandomForest",1,0.546,1
2018-04-04,2018,"RandomForest",1,0.562,1
2018-04-05,2018,"RandomForest",1,0.434,0
2018-04-06,2018,"RandomForest",1,0.494,0
2018-04-09,2018,"RandomForest",0,0.53,1
2018-04-10,2018,"RandomForest",1,0.522,1
2018-04-11,2018,"RandomForest",0,0.518,1
2018-04-12,2018,"RandomForest",0,0.514,1
2018-04-13,2018,"RandomForest",0,0.626,1
2018-04-16,2018,"RandomForest",0,0.586,1
2018-04-17,2018,"RandomForest",0,0.586,1
2018-04-18,2018,"RandomForest",0,0.654,1
2018-04-19,2018,"RandomForest",0,0.622,1
2018-04-20,2018,"RandomForest",0,0.534,1
2018-04-23,2018,"RandomForest",0,0.566,1
2018-04-24,2018,"RandomForest",0,0.758,1
2018-04-25,2018,"RandomForest",0,0.532,1
2018-04-26,2018,"RandomForest",0,0.68,1
2018-04-27,2018,"RandomForest",0,0.682,1
2018-04-30,2018,"RandomForest",0,0.738,1
2018-05-02,2018,"RandomForest",0,0.818,1
2018-05-03,2018,"RandomForest",0,0.548,1
2018-05-04,2018,"RandomForest",0,0.482,0
2018-05-07,2018,"RandomForest",0,0.664,1
2018-05-08,2018,"RandomForest",0,0.586,1
2018-05-09,2018,"RandomForest",0,0.63,1
2018-05-11,2018,"RandomForest",0,0.596,1
2018-05-14,2018,"RandomForest",0,0.498,0
2018-05-15,2018,"RandomForest",0,0.436,0
2018-05-16,2018,"RandomForest",0,0.398,0
2018-05-17,2018,"RandomForest",0,0.556,1
2018-05-18,2018,"RandomForest",0,0.566,1
2018-05-22,2018,"RandomForest",0,0.572,1
2018-05-23,2018,"RandomForest",0,0.382,0
2018-05-24,2018,"RandomForest",0,0.768,1
2018-05-25,2018,"RandomForest",0,0.702,1
2018-05-28,2018,"RandomForest",1,0.612,1
2018-05-29,2018,"RandomForest",1,0.616,1
2018-05-30,2018,"RandomForest",1,0.624,1
2018-05-31,2018,"RandomForest",1,0.574,1
2018-06-01,2018,"RandomForest",0,0.71,1
2018-06-04,2018,"RandomForest",0,0.654,1
2018-06-05,2018,"RandomForest",0,0.686,1
2018-06-06,2018,"RandomForest",0,0.644,1
2018-06-07,2018,"RandomForest",0,0.628,1
2018-06-08,2018,"RandomForest",0,0.764,1
2018-06-11,2018,"RandomForest",0,0.776,1
2018-06-12,2018,"RandomForest",0,0.788,1
2018-06-13,2018,"RandomForest",0,0.788,1
2018-06-14,2018,"RandomForest",0,0.734,1
2018-06-15,2018,"RandomForest",0,0.798,1
2018-06-18,2018,"RandomForest",0,0.758,1
2018-06-19,2018,"RandomForest",1,0.832,1
2018-06-20,2018,"RandomForest",0,0.862,1
2018-06-21,2018,"RandomForest",0,0.784,1
2018-06-22,2018,"RandomForest",0,0.842,1
2018-06-25,2018,"RandomForest",0,0.69,1
2018-06-26,2018,"RandomForest",0,0.718,1
2018-06-27,2018,"RandomForest",0,0.842,1
2018-06-28,2018,"RandomForest",0,0.556,1
2018-06-29,2018,"RandomForest",0,0.768,1
2018-07-02,2018,"RandomForest",0,0.662,1
2018-07-03,2018,"RandomForest",0,0.638,1
2018-07-04,2018,"RandomForest",0,0.692,1
2018-07-05,2018,"RandomForest",0,0.684,1
2018-07-06,2018,"RandomForest",0,0.56,1
2018-07-09,2018,"RandomForest",0,0.504,1
2018-07-10,2018,"RandomForest",0,0.466,0
2018-07-11,2018,"RandomForest",0,0.522,1
2018-07-12,2018,"RandomForest",0,0.56,1
2018-07-13,2018,"RandomForest",0,0.576,1
2018-07-16,2018,"RandomForest",0,0.59,1
2018-07-17,2018,"RandomForest",0,0.616,1
2018-07-18,2018,"RandomForest",0,0.468,0
2018-07-19,2018,"RandomForest",0,0.484,0
2018-07-20,2018,"RandomForest",0,0.458,0
2018-07-23,2018,"RandomForest",0,0.382,0
2018-07-24,2018,"RandomForest",0,0.432,0
2018-07-25,2018,"RandomForest",0,0.464,0
2018-07-26,2018,"RandomForest",0,0.456,0
2018-07-27,2018,"RandomForest",0,0.476,0
2018-07-30,2018,"RandomForest",0,0.462,0
2018-07-31,2018,"RandomForest",0,0.3,0
2018-08-02,2018,"RandomForest",0,0.548,1
2018-08-03,2018,"RandomForest",0,0.46,0
2018-08-06,2018,"RandomForest",0,0.436,0
2018-08-07,2018,"RandomForest",0,0.498,0
2018-08-08,2018,"RandomForest",0,0.374,0
2018-08-09,2018,"RandomForest",0,0.322,0
2018-08-10,2018,"RandomForest",0,0.676,1
2018-08-13,2018,"RandomForest",0,0.666,1
2018-08-14,2018,"RandomForest",0,0.71,1
2018-08-15,2018,"RandomForest",0,0.668,1
2018-08-16,2018,"RandomForest",0,0.754,1
2018-08-17,2018,"RandomForest",0,0.762,1
2018-08-20,2018,"RandomForest",0,0.854,1
2018-08-21,2018,"RandomForest",0,0.694,1
2018-08-22,2018,"RandomForest",0,0.622,1
2018-08-23,2018,"RandomForest",0,0.608,1
2018-08-24,2018,"RandomForest",0,0.524,1
2018-08-27,2018,"RandomForest",0,0.542,1
2018-08-28,2018,"RandomForest",0,0.55,1
2018-08-29,2018,"RandomForest",0,0.554,1
2018-08-30,2018,"RandomForest",0,0.43,0
2018-08-31,2018,"RandomForest",0,0.516,1
2018-09-03,2018,"RandomForest",0,0.462,0
2018-09-04,2018,"RandomForest",0,0.692,1
2018-09-05,2018,"RandomForest",0,0.652,1
2018-09-06,2018,"RandomForest",0,0.614,1
2018-09-07,2018,"RandomForest",0,0.648,1
2018-09-10,2018,"RandomForest",0,0.718,1
2018-09-11,2018,"RandomForest",0,0.706,1
2018-09-12,2018,"RandomForest",0,0.54,1
2018-09-13,2018,"RandomForest",0,0.482,0
2018-09-14,2018,"RandomForest",0,0.4,0
2018-09-17,2018,"RandomForest",0,0.392,0
2018-09-18,2018,"RandomForest",0,0.396,0
2018-09-19,2018,"RandomForest",0,0.454,0
2018-09-20,2018,"RandomForest",0,0.616,1
2018-09-21,2018,"RandomForest",0,0.75,1
2018-09-24,2018,"RandomForest",0,0.632,1
2018-09-25,2018,"RandomForest",0,0.684,1
2018-09-26,2018,"RandomForest",0,0.686,1
2018-09-27,2018,"RandomForest",0,0.79,1
2018-09-28,2018,"RandomForest",0,0.658,1
2018-10-01,2018,"RandomForest",0,0.692,1
2018-10-02,2018,"RandomForest",0,0.608,1
2018-10-03,2018,"RandomForest",0,0.578,1
2018-10-04,2018,"RandomForest",0,0.722,1
2018-10-05,2018,"RandomForest",0,0.81,1
2018-10-08,2018,"RandomForest",0,0.812,1
2018-10-09,2018,"RandomForest",0,0.862,1
2018-10-10,2018,"RandomForest",0,0.786,1
2018-10-11,2018,"RandomForest",0,0.632,1
2018-10-12,2018,"RandomForest",0,0.59,1
2018-10-15,2018,"RandomForest",0,0.496,0
2018-10-16,2018,"RandomForest",0,0.574,1
2018-10-17,2018,"RandomForest",0,0.45,0
2018-10-18,2018,"RandomForest",0,0.378,0
2018-10-19,2018,"RandomForest",0,0.488,0
2018-10-22,2018,"RandomForest",0,0.49,0
2018-10-23,2018,"RandomForest",0,0.556,1
2018-10-24,2018,"RandomForest",0,0.586,1
2018-10-25,2018,"RandomForest",0,0.418,0
2018-10-26,2018,"RandomForest",0,0.524,1
2018-10-29,2018,"RandomForest",0,0.392,0
2018-10-30,2018,"RandomForest",0,0.35,0
2018-10-31,2018,"RandomForest",0,0.346,0
2018-11-01,2018,"RandomForest",0,0.424,0
2018-11-02,2018,"RandomForest",0,0.452,0
2018-11-05,2018,"RandomForest",0,0.444,0
2018-11-06,2018,"RandomForest",0,0.556,1
2018-11-07,2018,"RandomForest",0,0.402,0
2018-11-08,2018,"RandomForest",0,0.676,1
2018-11-09,2018,"RandomForest",0,0.716,1
2018-11-12,2018,"RandomForest",0,0.578,1
2018-11-13,2018,"RandomForest",0,0.732,1
2018-11-14,2018,"RandomForest",0,0.696,1
2018-11-15,2018,"RandomForest",0,0.62,1
2018-11-16,2018,"RandomForest",0,0.67,1
2018-11-19,2018,"RandomForest",1,0.602,1
2018-11-20,2018,"RandomForest",1,0.456,0
2018-11-21,2018,"RandomForest",0,0.538,1
2018-11-22,2018,"RandomForest",1,0.382,0
2018-11-23,2018,"RandomForest",1,0.442,0
2018-11-26,2018,"RandomForest",1,0.72,1
2018-11-27,2018,"RandomForest",1,0.618,1
2018-11-28,2018,"RandomForest",1,0.686,1
2018-11-29,2018,"RandomForest",1,0.764,1
2018-11-30,2018,"RandomForest",1,0.722,1
2018-12-03,2018,"RandomForest",1,0.64,1
2018-12-04,2018,"RandomForest",1,0.69,1
2018-12-05,2018,"RandomForest",1,0.802,1
2018-12-06,2018,"RandomForest",1,0.312,0
2018-12-07,2018,"RandomForest",1,0.196,0
2018-12-10,2018,"RandomForest",1,0.47,0
2018-12-11,2018,"RandomForest",1,0.258,0
2018-12-12,2018,"RandomForest",1,0.56,1
2018-12-13,2018,"RandomForest",1,0.658,1
2018-12-14,2018,"RandomForest",1,0.51,1
2018-12-17,2018,"RandomForest",1,0.514,1
2018-12-18,2018,"RandomForest",1,0.304,0
2018-12-19,2018,"RandomForest",1,0.362,0
2018-12-20,2018,"RandomForest",1,0.284,0
2018-12-21,2018,"RandomForest",1,0.178,0
2018-12-27,2018,"RandomForest",1,0.704,1
2018-12-28,2018,"RandomForest",1,0.358,0
2018-01-03,2018,"Random",0,0.590319361277445,1
2018-01-04,2018,"Random",0,0.590319361277445,1
2018-01-05,2018,"Random",0,0.590319361277445,1
2018-01-08,2018,"Random",0,0.590319361277445,0
2018-01-09,2018,"Random",0,0.590319361277445,1
2018-01-10,2018,"Random",0,0.590319361277445,1
2018-01-11,2018,"Random",0,0.590319361277445,1
2018-01-12,2018,"Random",0,0.590319361277445,1
2018-01-15,2018,"Random",0,0.590319361277445,1
2018-01-16,2018,"Random",0,0.590319361277445,1
2018-01-17,2018,"Random",0,0.590319361277445,1
2018-01-18,2018,"Random",0,0.590319361277445,1
2018-01-19,2018,"Random",0,0.590319361277445,1
2018-01-22,2018,"Random",0,0.590319361277445,1
2018-01-23,2018,"Random",0,0.590319361277445,1
2018-01-24,2018,"Random",0,0.590319361277445,1
2018-01-25,2018,"Random",0,0.590319361277445,1
2018-01-26,2018,"Random",0,0.590319361277445,1
2018-01-29,2018,"Random",0,0.590319361277445,1
2018-01-30,2018,"Random",0,0.590319361277445,1
2018-01-31,2018,"Random",0,0.590319361277445,1
2018-02-01,2018,"Random",0,0.590319361277445,1
2018-02-02,2018,"Random",0,0.590319361277445,1
2018-02-05,2018,"Random",1,0.590319361277445,1
2018-02-06,2018,"Random",1,0.590319361277445,0
2018-02-07,2018,"Random",1,0.590319361277445,0
2018-02-08,2018,"Random",1,0.590319361277445,1
2018-02-09,2018,"Random",1,0.590319361277445,1
2018-02-12,2018,"Random",1,0.590319361277445,0
2018-02-13,2018,"Random",1,0.590319361277445,0
2018-02-14,2018,"Random",1,0.590319361277445,0
2018-02-15,2018,"Random",1,0.590319361277445,1
2018-02-16,2018,"Random",1,0.590319361277445,0
2018-02-19,2018,"Random",1,0.590319361277445,0
2018-02-20,2018,"Random",1,0.590319361277445,1
2018-02-21,2018,"Random",1,0.590319361277445,0
2018-02-22,2018,"Random",1,0.590319361277445,1
2018-02-23,2018,"Random",1,0.590319361277445,0
2018-02-26,2018,"Random",1,0.590319361277445,1
2018-02-27,2018,"Random",1,0.590319361277445,0
2018-02-28,2018,"Random",1,0.590319361277445,1
2018-03-01,2018,"Random",1,0.590319361277445,1
2018-03-02,2018,"Random",1,0.590319361277445,0
2018-03-05,2018,"Random",1,0.590319361277445,0
2018-03-06,2018,"Random",1,0.590319361277445,0
2018-03-07,2018,"Random",1,0.590319361277445,1
2018-03-08,2018,"Random",1,0.590319361277445,0
2018-03-09,2018,"Random",1,0.590319361277445,1
2018-03-12,2018,"Random",1,0.590319361277445,1
2018-03-13,2018,"Random",1,0.590319361277445,1
2018-03-14,2018,"Random",1,0.590319361277445,0
2018-03-15,2018,"Random",0,0.590319361277445,0
2018-03-16,2018,"Random",1,0.590319361277445,1
2018-03-19,2018,"Random",1,0.590319361277445,1
2018-03-20,2018,"Random",1,0.590319361277445,1
2018-03-21,2018,"Random",1,0.590319361277445,0
2018-03-22,2018,"Random",1,0.590319361277445,1
2018-03-23,2018,"Random",1,0.590319361277445,0
2018-03-26,2018,"Random",1,0.590319361277445,1
2018-03-27,2018,"Random",1,0.590319361277445,1
2018-03-28,2018,"Random",1,0.590319361277445,0
2018-03-29,2018,"Random",1,0.590319361277445,1
2018-04-03,2018,"Random",1,0.590319361277445,0
2018-04-04,2018,"Random",1,0.590319361277445,1
2018-04-05,2018,"Random",1,0.590319361277445,0
2018-04-06,2018,"Random",1,0.590319361277445,0
2018-04-09,2018,"Random",0,0.590319361277445,1
2018-04-10,2018,"Random",1,0.590319361277445,1
2018-04-11,2018,"Random",0,0.590319361277445,0
2018-04-12,2018,"Random",0,0.590319361277445,0
2018-04-13,2018,"Random",0,0.590319361277445,1
2018-04-16,2018,"Random",0,0.590319361277445,0
2018-04-17,2018,"Random",0,0.590319361277445,0
2018-04-18,2018,"Random",0,0.590319361277445,1
2018-04-19,2018,"Random",0,0.590319361277445,0
2018-04-20,2018,"Random",0,0.590319361277445,1
2018-04-23,2018,"Random",0,0.590319361277445,1
2018-04-24,2018,"Random",0,0.590319361277445,0
2018-04-25,2018,"Random",0,0.590319361277445,1
2018-04-26,2018,"Random",0,0.590319361277445,1
2018-04-27,2018,"Random",0,0.590319361277445,0
2018-04-30,2018,"Random",0,0.590319361277445,1
2018-05-02,2018,"Random",0,0.590319361277445,0
2018-05-03,2018,"Random",0,0.590319361277445,1
2018-05-04,2018,"Random",0,0.590319361277445,0
2018-05-07,2018,"Random",0,0.590319361277445,1
2018-05-08,2018,"Random",0,0.590319361277445,0
2018-05-09,2018,"Random",0,0.590319361277445,0
2018-05-11,2018,"Random",0,0.590319361277445,1
2018-05-14,2018,"Random",0,0.590319361277445,1
2018-05-15,2018,"Random",0,0.590319361277445,1
2018-05-16,2018,"Random",0,0.590319361277445,0
2018-05-17,2018,"Random",0,0.590319361277445,1
2018-05-18,2018,"Random",0,0.590319361277445,1
2018-05-22,2018,"Random",0,0.590319361277445,1
2018-05-23,2018,"Random",0,0.590319361277445,0
2018-05-24,2018,"Random",0,0.590319361277445,1
2018-05-25,2018,"Random",0,0.590319361277445,0
2018-05-28,2018,"Random",1,0.590319361277445,0
2018-05-29,2018,"Random",1,0.590319361277445,1
2018-05-30,2018,"Random",1,0.590319361277445,0
2018-05-31,2018,"Random",1,0.590319361277445,1
2018-06-01,2018,"Random",0,0.590319361277445,0
2018-06-04,2018,"Random",0,0.590319361277445,1
2018-06-05,2018,"Random",0,0.590319361277445,1
2018-06-06,2018,"Random",0,0.590319361277445,0
2018-06-07,2018,"Random",0,0.590319361277445,1
2018-06-08,2018,"Random",0,0.590319361277445,0
2018-06-11,2018,"Random",0,0.590319361277445,0
2018-06-12,2018,"Random",0,0.590319361277445,0
2018-06-13,2018,"Random",0,0.590319361277445,1
2018-06-14,2018,"Random",0,0.590319361277445,0
2018-06-15,2018,"Random",0,0.590319361277445,0
2018-06-18,2018,"Random",0,0.590319361277445,0
2018-06-19,2018,"Random",1,0.590319361277445,0
2018-06-20,2018,"Random",0,0.590319361277445,0
2018-06-21,2018,"Random",0,0.590319361277445,1
2018-06-22,2018,"Random",0,0.590319361277445,1
2018-06-25,2018,"Random",0,0.590319361277445,1
2018-06-26,2018,"Random",0,0.590319361277445,1
2018-06-27,2018,"Random",0,0.590319361277445,0
2018-06-28,2018,"Random",0,0.590319361277445,0
2018-06-29,2018,"Random",0,0.590319361277445,1
2018-07-02,2018,"Random",0,0.590319361277445,0
2018-07-03,2018,"Random",0,0.590319361277445,1
2018-07-04,2018,"Random",0,0.590319361277445,0
2018-07-05,2018,"Random",0,0.590319361277445,0
2018-07-06,2018,"Random",0,0.590319361277445,1
2018-07-09,2018,"Random",0,0.590319361277445,1
2018-07-10,2018,"Random",0,0.590319361277445,1
2018-07-11,2018,"Random",0,0.590319361277445,0
2018-07-12,2018,"Random",0,0.590319361277445,1
2018-07-13,2018,"Random",0,0.590319361277445,1
2018-07-16,2018,"Random",0,0.590319361277445,1
2018-07-17,2018,"Random",0,0.590319361277445,1
2018-07-18,2018,"Random",0,0.590319361277445,1
2018-07-19,2018,"Random",0,0.590319361277445,1
2018-07-20,2018,"Random",0,0.590319361277445,0
2018-07-23,2018,"Random",0,0.590319361277445,0
2018-07-24,2018,"Random",0,0.590319361277445,1
2018-07-25,2018,"Random",0,0.590319361277445,1
2018-07-26,2018,"Random",0,0.590319361277445,1
2018-07-27,2018,"Random",0,0.590319361277445,0
2018-07-30,2018,"Random",0,0.590319361277445,1
2018-07-31,2018,"Random",0,0.590319361277445,0
2018-08-02,2018,"Random",0,0.590319361277445,1
2018-08-03,2018,"Random",0,0.590319361277445,0
2018-08-06,2018,"Random",0,0.590319361277445,1
2018-08-07,2018,"Random",0,0.590319361277445,0
2018-08-08,2018,"Random",0,0.590319361277445,0
2018-08-09,2018,"Random",0,0.590319361277445,1
2018-08-10,2018,"Random",0,0.590319361277445,1
2018-08-13,2018,"Random",0,0.590319361277445,1
2018-08-14,2018,"Random",0,0.590319361277445,1
2018-08-15,2018,"Random",0,0.590319361277445,1
2018-08-16,2018,"Random",0,0.590319361277445,1
2018-08-17,2018,"Random",0,0.590319361277445,1
2018-08-20,2018,"Random",0,0.590319361277445,1
2018-08-21,2018,"Random",0,0.590319361277445,0
2018-08-22,2018,"Random",0,0.590319361277445,1
2018-08-23,2018,"Random",0,0.590319361277445,1
2018-08-24,2018,"Random",0,0.590319361277445,1
2018-08-27,2018,"Random",0,0.590319361277445,1
2018-08-28,2018,"Random",0,0.590319361277445,0
2018-08-29,2018,"Random",0,0.590319361277445,0
2018-08-30,2018,"Random",0,0.590319361277445,0
2018-08-31,2018,"Random",0,0.590319361277445,1
2018-09-03,2018,"Random",0,0.590319361277445,1
2018-09-04,2018,"Random",0,0.590319361277445,1
2018-09-05,2018,"Random",0,0.590319361277445,0
2018-09-06,2018,"Random",0,0.590319361277445,1
2018-09-07,2018,"Random",0,0.590319361277445,0
2018-09-10,2018,"Random",0,0.590319361277445,0
2018-09-11,2018,"Random",0,0.590319361277445,0
2018-09-12,2018,"Random",0,0.590319361277445,1
2018-09-13,2018,"Random",0,0.590319361277445,0
2018-09-14,2018,"Random",0,0.590319361277445,1
2018-09-17,2018,"Random",0,0.590319361277445,1
2018-09-18,2018,"Random",0,0.590319361277445,1
2018-09-19,2018,"Random",0,0.590319361277445,1
2018-09-20,2018,"Random",0,0.590319361277445,1
2018-09-21,2018,"Random",0,0.590319361277445,1
2018-09-24,2018,"Random",0,0.590319361277445,0
2018-09-25,2018,"Random",0,0.590319361277445,0
2018-09-26,2018,"Random",0,0.590319361277445,0
2018-09-27,2018,"Random",0,0.590319361277445,1
2018-09-28,2018,"Random",0,0.590319361277445,1
2018-10-01,2018,"Random",0,0.590319361277445,1
2018-10-02,2018,"Random",0,0.590319361277445,1
2018-10-03,2018,"Random",0,0.590319361277445,0
2018-10-04,2018,"Random",0,0.590319361277445,1
2018-10-05,2018,"Random",0,0.590319361277445,0
2018-10-08,2018,"Random",0,0.590319361277445,1
2018-10-09,2018,"Random",0,0.590319361277445,1
2018-10-10,2018,"Random",0,0.590319361277445,0
2018-10-11,2018,"Random",0,0.590319361277445,0
2018-10-12,2018,"Random",0,0.590319361277445,0
2018-10-15,2018,"Random",0,0.590319361277445,0
2018-10-16,2018,"Random",0,0.590319361277445,0
2018-10-17,2018,"Random",0,0.590319361277445,1
2018-10-18,2018,"Random",0,0.590319361277445,1
2018-10-19,2018,"Random",0,0.590319361277445,0
2018-10-22,2018,"Random",0,0.590319361277445,0
2018-10-23,2018,"Random",0,0.590319361277445,0
2018-10-24,2018,"Random",0,0.590319361277445,1
2018-10-25,2018,"Random",0,0.590319361277445,0
2018-10-26,2018,"Random",0,0.590319361277445,0
2018-10-29,2018,"Random",0,0.590319361277445,1
2018-10-30,2018,"Random",0,0.590319361277445,0
2018-10-31,2018,"Random",0,0.590319361277445,0
2018-11-01,2018,"Random",0,0.590319361277445,0
2018-11-02,2018,"Random",0,0.590319361277445,0
2018-11-05,2018,"Random",0,0.590319361277445,1
2018-11-06,2018,"Random",0,0.590319361277445,0
2018-11-07,2018,"Random",0,0.590319361277445,0
2018-11-08,2018,"Random",0,0.590319361277445,1
2018-11-09,2018,"Random",0,0.590319361277445,0
2018-11-12,2018,"Random",0,0.590319361277445,1
2018-11-13,2018,"Random",0,0.590319361277445,1
2018-11-14,2018,"Random",0,0.590319361277445,1
2018-11-15,2018,"Random",0,0.590319361277445,1
2018-11-16,2018,"Random",0,0.590319361277445,1
2018-11-19,2018,"Random",1,0.590319361277445,0
2018-11-20,2018,"Random",1,0.590319361277445,1
2018-11-21,2018,"Random",0,0.590319361277445,1
2018-11-22,2018,"Random",1,0.590319361277445,1
2018-11-23,2018,"Random",1,0.590319361277445,0
2018-11-26,2018,"Random",1,0.590319361277445,0
2018-11-27,2018,"Random",1,0.590319361277445,0
2018-11-28,2018,"Random",1,0.590319361277445,0
2018-11-29,2018,"Random",1,0.590319361277445,1
2018-11-30,2018,"Random",1,0.590319361277445,1
2018-12-03,2018,"Random",1,0.590319361277445,0
2018-12-04,2018,"Random",1,0.590319361277445,1
2018-12-05,2018,"Random",1,0.590319361277445,1
2018-12-06,2018,"Random",1,0.590319361277445,0
2018-12-07,2018,"Random",1,0.590319361277445,1
2018-12-10,2018,"Random",1,0.590319361277445,0
2018-12-11,2018,"Random",1,0.590319361277445,1
2018-12-12,2018,"Random",1,0.590319361277445,1
2018-12-13,2018,"Random",1,0.590319361277445,0
2018-12-14,2018,"Random",1,0.590319361277445,1
2018-12-17,2018,"Random",1,0.590319361277445,0
2018-12-18,2018,"Random",1,0.590319361277445,1
2018-12-19,2018,"Random",1,0.590319361277445,1
2018-12-20,2018,"Random",1,0.590319361277445,1
2018-12-21,2018,"Random",1,0.590319361277445,1
2018-12-27,2018,"Random",1,0.590319361277445,0
2018-12-28,2018,"Random",1,0.590319361277445,0
2019-01-03,2019,"Logistic",1,0.635926072747806,1
2019-01-04,2019,"Logistic",1,0.58903013966159,1
2019-01-07,2019,"Logistic",1,0.579803502781677,1
2019-01-08,2019,"Logistic",1,0.555723718313038,1
2019-01-09,2019,"Logistic",1,0.515528061965921,1
2019-01-10,2019,"Logistic",1,0.490196105272692,0
2019-01-11,2019,"Logistic",1,0.471092048501539,0
2019-01-14,2019,"Logistic",1,0.486554333518171,0
2019-01-15,2019,"Logistic",1,0.505270778314212,1
2019-01-16,2019,"Logistic",1,0.489718493861844,0
2019-01-17,2019,"Logistic",1,0.491909837384738,0
2019-01-18,2019,"Logistic",1,0.475982467469846,0
2019-01-21,2019,"Logistic",1,0.481629858237719,0
2019-01-22,2019,"Logistic",1,0.477860558758488,0
2019-01-23,2019,"Logistic",1,0.475273040128876,0
2019-01-24,2019,"Logistic",1,0.461765567607722,0
2019-01-25,2019,"Logistic",1,0.449270788969858,0
2019-01-28,2019,"Logistic",1,0.481244257848848,0
2019-01-29,2019,"Logistic",1,0.477703394755313,0
2019-01-30,2019,"Logistic",1,0.470545760987841,0
2019-01-31,2019,"Logistic",1,0.501368541335166,1
2019-02-01,2019,"Logistic",1,0.44944060534637,0
2019-02-04,2019,"Logistic",1,0.465918348564842,0
2019-02-05,2019,"Logistic",1,0.470537577371446,0
2019-02-06,2019,"Logistic",1,0.477721533021192,0
2019-02-07,2019,"Logistic",1,0.520872754050143,1
2019-02-08,2019,"Logistic",1,0.529206993030742,1
2019-02-11,2019,"Logistic",1,0.516583927637124,1
2019-02-12,2019,"Logistic",1,0.480910166725994,0
2019-02-13,2019,"Logistic",1,0.473691611453187,0
2019-02-14,2019,"Logistic",1,0.534558127009069,1
2019-02-15,2019,"Logistic",1,0.472304723766282,0
2019-02-18,2019,"Logistic",1,0.4684845961299,0
2019-02-19,2019,"Logistic",1,0.46161884514851,0
2019-02-20,2019,"Logistic",1,0.452421168724073,0
2019-02-21,2019,"Logistic",1,0.480825985450103,0
2019-02-22,2019,"Logistic",1,0.470167683435691,0
2019-02-25,2019,"Logistic",1,0.478208586716821,0
2019-02-26,2019,"Logistic",1,0.48104008666943,0
2019-02-27,2019,"Logistic",1,0.476046583817288,0
2019-02-28,2019,"Logistic",1,0.486257530585669,0
2019-03-01,2019,"Logistic",1,0.501382472367522,1
2019-03-04,2019,"Logistic",1,0.502879237336693,1
2019-03-05,2019,"Logistic",1,0.489971213798632,0
2019-03-06,2019,"Logistic",1,0.499671844797102,0
2019-03-07,2019,"Logistic",1,0.488859641713486,0
2019-03-08,2019,"Logistic",1,0.480473583010522,0
2019-03-11,2019,"Logistic",1,0.479745118827052,0
2019-03-12,2019,"Logistic",1,0.488315568756317,0
2019-03-13,2019,"Logistic",1,0.475851892961048,0
2019-03-14,2019,"Logistic",1,0.47684163795292,0
2019-03-15,2019,"Logistic",0,0.469407018587664,0
2019-03-18,2019,"Logistic",0,0.470381192575742,0
2019-03-19,2019,"Logistic",0,0.485105106920564,0
2019-03-20,2019,"Logistic",0,0.458515981225714,0
2019-03-21,2019,"Logistic",0,0.465982475058619,0
2019-03-22,2019,"Logistic",1,0.486134619206846,0
2019-03-25,2019,"Logistic",1,0.494032364663141,0
2019-03-26,2019,"Logistic",1,0.49354229078602,0
2019-03-27,2019,"Logistic",1,0.506878476264537,1
2019-03-28,2019,"Logistic",1,0.513701279542241,1
2019-03-29,2019,"Logistic",1,0.500411748231974,1
2019-04-01,2019,"Logistic",0,0.474778508076599,0
2019-04-02,2019,"Logistic",1,0.450219054448953,0
2019-04-03,2019,"Logistic",1,0.433141110909045,0
2019-04-04,2019,"Logistic",1,0.448016168493634,0
2019-04-05,2019,"Logistic",1,0.46776207737311,0
2019-04-08,2019,"Logistic",1,0.467837875765789,0
2019-04-09,2019,"Logistic",1,0.464259790463101,0
2019-04-10,2019,"Logistic",1,0.466229739293392,0
2019-04-11,2019,"Logistic",1,0.472828031923784,0
2019-04-12,2019,"Logistic",1,0.464432732215991,0
2019-04-15,2019,"Logistic",1,0.466473678098076,0
2019-04-16,2019,"Logistic",1,0.466554793652957,0
2019-04-17,2019,"Logistic",1,0.471699577164425,0
2019-04-18,2019,"Logistic",1,0.466350305623779,0
2019-04-23,2019,"Logistic",1,0.460029200900336,0
2019-04-24,2019,"Logistic",1,0.486477980429365,0
2019-04-25,2019,"Logistic",1,0.486765902354023,0
2019-04-26,2019,"Logistic",1,0.490875590298985,0
2019-04-29,2019,"Logistic",0,0.501648426706399,1
2019-04-30,2019,"Logistic",0,0.490038531423074,0
2019-05-02,2019,"Logistic",1,0.456235596420305,0
2019-05-03,2019,"Logistic",1,0.457803992866409,0
2019-05-06,2019,"Logistic",1,0.4434482198757,0
2019-05-07,2019,"Logistic",1,0.455817729692431,0
2019-05-08,2019,"Logistic",1,0.44069338724996,0
2019-05-09,2019,"Logistic",1,0.471061029732596,0
2019-05-10,2019,"Logistic",1,0.4716540829931,0
2019-05-13,2019,"Logistic",1,0.483493951627442,0
2019-05-14,2019,"Logistic",1,0.504132021794411,1
2019-05-15,2019,"Logistic",1,0.485845972893931,0
2019-05-16,2019,"Logistic",1,0.486935165447749,0
2019-05-17,2019,"Logistic",1,0.477579588634294,0
2019-05-20,2019,"Logistic",1,0.52991027545214,1
2019-05-21,2019,"Logistic",0,0.516113179324947,1
2019-05-22,2019,"Logistic",0,0.501534184731567,1
2019-05-23,2019,"Logistic",0,0.558199181411272,1
2019-05-24,2019,"Logistic",0,0.54426218270774,1
2019-05-27,2019,"Logistic",1,0.542238164667062,1
2019-05-28,2019,"Logistic",0,0.544291626871821,1
2019-05-29,2019,"Logistic",1,0.57050786424752,1
2019-05-31,2019,"Logistic",1,0.550010055060765,1
2019-06-03,2019,"Logistic",0,0.509758288572817,1
2019-06-04,2019,"Logistic",0,0.495854643054995,0
2019-06-05,2019,"Logistic",0,0.484044464035331,0
2019-06-06,2019,"Logistic",1,0.476130556732122,0
2019-06-07,2019,"Logistic",0,0.477037118156287,0
2019-06-11,2019,"Logistic",0,0.446728280558954,0
2019-06-12,2019,"Logistic",0,0.448885408102817,0
2019-06-13,2019,"Logistic",0,0.443877948220234,0
2019-06-14,2019,"Logistic",0,0.45868004715149,0
2019-06-17,2019,"Logistic",0,0.444032088657622,0
2019-06-18,2019,"Logistic",0,0.452935826313428,0
2019-06-19,2019,"Logistic",0,0.453019398881803,0
2019-06-20,2019,"Logistic",0,0.46584427526298,0
2019-06-21,2019,"Logistic",0,0.48056443897632,0
2019-06-24,2019,"Logistic",0,0.472543802690634,0
2019-06-25,2019,"Logistic",1,0.455966155588087,0
2019-06-26,2019,"Logistic",1,0.460076767645827,0
2019-06-27,2019,"Logistic",1,0.466943149253834,0
2019-06-28,2019,"Logistic",1,0.473687265486126,0
2019-07-01,2019,"Logistic",1,0.500550171080029,1
2019-07-02,2019,"Logistic",1,0.491492416771219,0
2019-07-03,2019,"Logistic",0,0.489107665215692,0
2019-07-04,2019,"Logistic",1,0.499421255972293,0
2019-07-05,2019,"Logistic",0,0.484205422139909,0
2019-07-08,2019,"Logistic",0,0.486927180298592,0
2019-07-09,2019,"Logistic",1,0.485043014820266,0
2019-07-10,2019,"Logistic",1,0.485277966655996,0
2019-07-11,2019,"Logistic",1,0.493529253324665,0
2019-07-12,2019,"Logistic",1,0.502747598085833,1
2019-07-15,2019,"Logistic",1,0.508383071553252,1
2019-07-16,2019,"Logistic",0,0.490607907517254,0
2019-07-17,2019,"Logistic",1,0.472643580215736,0
2019-07-18,2019,"Logistic",1,0.487279733172411,0
2019-07-19,2019,"Logistic",1,0.48730653109294,0
2019-07-22,2019,"Logistic",1,0.478302292180573,0
2019-07-23,2019,"Logistic",0,0.451933906141125,0
2019-07-24,2019,"Logistic",0,0.455315650647009,0
2019-07-25,2019,"Logistic",0,0.497876113933421,0
2019-07-26,2019,"Logistic",0,0.494385612102955,0
2019-07-29,2019,"Logistic",0,0.486827907397146,0
2019-07-30,2019,"Logistic",0,0.472373379195165,0
2019-07-31,2019,"Logistic",1,0.462434459859548,0
2019-08-02,2019,"Logistic",1,0.471545048965558,0
2019-08-05,2019,"Logistic",1,0.497663074980047,0
2019-08-06,2019,"Logistic",1,0.497839476726344,0
2019-08-07,2019,"Logistic",1,0.499382075401917,0
2019-08-08,2019,"Logistic",1,0.51736858015182,1
2019-08-09,2019,"Logistic",1,0.560830133225939,1
2019-08-12,2019,"Logistic",1,0.557733816268364,1
2019-08-13,2019,"Logistic",1,0.546569037716479,1
2019-08-14,2019,"Logistic",1,0.596933395121149,1
2019-08-15,2019,"Logistic",1,0.54480287321376,1
2019-08-16,2019,"Logistic",1,0.568196058590847,1
2019-08-19,2019,"Logistic",1,0.574443399993748,1
2019-08-20,2019,"Logistic",1,0.569860252472098,1
2019-08-21,2019,"Logistic",1,0.554167821059666,1
2019-08-22,2019,"Logistic",1,0.503068490252118,1
2019-08-23,2019,"Logistic",1,0.536827543208617,1
2019-08-26,2019,"Logistic",1,0.504647076310582,1
2019-08-27,2019,"Logistic",1,0.470982226327617,0
2019-08-28,2019,"Logistic",1,0.467074443510324,0
2019-08-29,2019,"Logistic",1,0.448418554360009,0
2019-08-30,2019,"Logistic",1,0.459921175955146,0
2019-09-02,2019,"Logistic",1,0.444944671985858,0
2019-09-03,2019,"Logistic",1,0.454227272327175,0
2019-09-04,2019,"Logistic",1,0.446615153457477,0
2019-09-05,2019,"Logistic",1,0.426213114671827,0
2019-09-06,2019,"Logistic",1,0.438538940028726,0
2019-09-09,2019,"Logistic",1,0.455395093862864,0
2019-09-10,2019,"Logistic",1,0.456801126652853,0
2019-09-11,2019,"Logistic",1,0.466468775307833,0
2019-09-12,2019,"Logistic",1,0.475675960720187,0
2019-09-13,2019,"Logistic",1,0.468885949409735,0
2019-09-16,2019,"Logistic",1,0.455488096766754,0
2019-09-17,2019,"Logistic",1,0.472370378031312,0
2019-09-18,2019,"Logistic",1,0.467083152910406,0
2019-09-19,2019,"Logistic",1,0.443365855520882,0
2019-09-20,2019,"Logistic",1,0.45517441593904,0
2019-09-23,2019,"Logistic",1,0.468461260684406,0
2019-09-24,2019,"Logistic",1,0.487030078659066,0
2019-09-25,2019,"Logistic",1,0.521022814010452,1
2019-09-26,2019,"Logistic",1,0.488186616692719,0
2019-09-27,2019,"Logistic",1,0.467388497492364,0
2019-09-30,2019,"Logistic",1,0.458599863739769,0
2019-10-01,2019,"Logistic",1,0.517805226273631,1
2019-10-02,2019,"Logistic",1,0.581958665681674,1
2019-10-03,2019,"Logistic",1,0.550943534724995,1
2019-10-04,2019,"Logistic",1,0.52930657919958,1
2019-10-07,2019,"Logistic",1,0.516283985707111,1
2019-10-08,2019,"Logistic",1,0.556970473510675,1
2019-10-09,2019,"Logistic",1,0.563457803674696,1
2019-10-10,2019,"Logistic",1,0.533124009790078,1
2019-10-11,2019,"Logistic",1,0.448430809757819,0
2019-10-14,2019,"Logistic",1,0.437779984302714,0
2019-10-15,2019,"Logistic",1,0.431400706743727,0
2019-10-16,2019,"Logistic",1,0.458601150093624,0
2019-10-17,2019,"Logistic",1,0.477044688814208,0
2019-10-18,2019,"Logistic",1,0.462118749424311,0
2019-10-21,2019,"Logistic",1,0.45725985814119,0
2019-10-22,2019,"Logistic",1,0.463666337489383,0
2019-10-23,2019,"Logistic",1,0.468783436204815,0
2019-10-24,2019,"Logistic",1,0.467573239969077,0
2019-10-25,2019,"Logistic",1,0.453533154490002,0
2019-10-28,2019,"Logistic",1,0.451160448865702,0
2019-10-29,2019,"Logistic",1,0.440381866492924,0
2019-10-30,2019,"Logistic",1,0.438419952187735,0
2019-10-31,2019,"Logistic",1,0.452240890112246,0
2019-11-01,2019,"Logistic",1,0.454724032417076,0
2019-11-04,2019,"Logistic",1,0.460887212473092,0
2019-11-05,2019,"Logistic",1,0.471794830595517,0
2019-11-06,2019,"Logistic",1,0.489814207400388,0
2019-11-07,2019,"Logistic",1,0.500473684075872,1
2019-11-08,2019,"Logistic",0,0.480994042059994,0
2019-11-11,2019,"Logistic",1,0.480921746523435,0
2019-11-12,2019,"Logistic",1,0.479776823769384,0
2019-11-13,2019,"Logistic",0,0.473506165033968,0
2019-11-14,2019,"Logistic",0,0.473692880393629,0
2019-11-15,2019,"Logistic",0,0.47109978275571,0
2019-11-18,2019,"Logistic",1,0.464989943541645,0
2019-11-19,2019,"Logistic",1,0.472041678890907,0
2019-11-20,2019,"Logistic",1,0.469770395801496,0
2019-11-21,2019,"Logistic",1,0.482252149412723,0
2019-11-22,2019,"Logistic",1,0.496450695627967,0
2019-11-25,2019,"Logistic",1,0.483769735022624,0
2019-11-26,2019,"Logistic",1,0.485475152226932,0
2019-11-27,2019,"Logistic",1,0.489913434248488,0
2019-11-28,2019,"Logistic",1,0.492425142903918,0
2019-11-29,2019,"Logistic",1,0.490413766539319,0
2019-12-02,2019,"Logistic",1,0.458893656205759,0
2019-12-03,2019,"Logistic",1,0.432762747289814,0
2019-12-04,2019,"Logistic",1,0.459586580003691,0
2019-12-05,2019,"Logistic",1,0.46211437278755,0
2019-12-06,2019,"Logistic",0,0.456481192436838,0
2019-12-09,2019,"Logistic",0,0.467093480656768,0
2019-12-10,2019,"Logistic",0,0.461934569272624,0
2019-12-11,2019,"Logistic",0,0.425493234072656,0
2019-12-12,2019,"Logistic",0,0.423173691219135,0
2019-12-13,2019,"Logistic",0,0.432464096845132,0
2019-12-16,2019,"Logistic",0,0.448647309005539,0
2019-12-17,2019,"Logistic",0,0.453026912209446,0
2019-12-18,2019,"Logistic",0,0.450055311882849,0
2019-12-19,2019,"Logistic",0,0.458284213431091,0
2019-12-20,2019,"Logistic",0,0.425814130385517,0
2019-12-23,2019,"Logistic",0,0.424466458774455,0
2019-12-27,2019,"Logistic",0,0.447895701587968,0
2019-12-30,2019,"Logistic",0,0.431263704151535,0
2019-01-03,2019,"DecisionTree",1,0.153846153846154,0
2019-01-04,2019,"DecisionTree",1,0.716417910447761,1
2019-01-07,2019,"DecisionTree",1,0.716417910447761,1
2019-01-08,2019,"DecisionTree",1,0.716417910447761,1
2019-01-09,2019,"DecisionTree",1,0.716417910447761,1
2019-01-10,2019,"DecisionTree",1,0.716417910447761,1
2019-01-11,2019,"DecisionTree",1,0.712871287128713,1
2019-01-14,2019,"DecisionTree",1,0.712871287128713,1
2019-01-15,2019,"DecisionTree",1,0.712871287128713,1
2019-01-16,2019,"DecisionTree",1,0.712871287128713,1
2019-01-17,2019,"DecisionTree",1,0.712871287128713,1
2019-01-18,2019,"DecisionTree",1,0.712871287128713,1
2019-01-21,2019,"DecisionTree",1,0.712871287128713,1
2019-01-22,2019,"DecisionTree",1,0.712871287128713,1
2019-01-23,2019,"DecisionTree",1,0.712871287128713,1
2019-01-24,2019,"DecisionTree",1,0.712871287128713,1
2019-01-25,2019,"DecisionTree",1,0.712871287128713,1
2019-01-28,2019,"DecisionTree",1,0.712871287128713,1
2019-01-29,2019,"DecisionTree",1,0.712871287128713,1
2019-01-30,2019,"DecisionTree",1,0.712871287128713,1
2019-01-31,2019,"DecisionTree",1,0.712871287128713,1
2019-02-01,2019,"DecisionTree",1,0.72,1
2019-02-04,2019,"DecisionTree",1,0.72,1
2019-02-05,2019,"DecisionTree",1,0.72,1
2019-02-06,2019,"DecisionTree",1,0.72,1
2019-02-07,2019,"DecisionTree",1,0.712871287128713,1
2019-02-08,2019,"DecisionTree",1,0.734265734265734,1
2019-02-11,2019,"DecisionTree",1,0.712871287128713,1
2019-02-12,2019,"DecisionTree",1,0.72,1
2019-02-13,2019,"DecisionTree",1,0.72,1
2019-02-14,2019,"DecisionTree",1,0.72,1
2019-02-15,2019,"DecisionTree",1,0.72,1
2019-02-18,2019,"DecisionTree",1,0.72,1
2019-02-19,2019,"DecisionTree",1,0.72,1
2019-02-20,2019,"DecisionTree",1,0.586206896551724,1
2019-02-21,2019,"DecisionTree",1,0.586206896551724,1
2019-02-22,2019,"DecisionTree",1,0.586206896551724,1
2019-02-25,2019,"DecisionTree",1,0.586206896551724,1
2019-02-26,2019,"DecisionTree",1,0.586206896551724,1
2019-02-27,2019,"DecisionTree",1,0.586206896551724,1
2019-02-28,2019,"DecisionTree",1,0.586206896551724,1
2019-03-01,2019,"DecisionTree",1,0.895833333333333,1
2019-03-04,2019,"DecisionTree",1,0.895833333333333,1
2019-03-05,2019,"DecisionTree",1,0.895833333333333,1
2019-03-06,2019,"DecisionTree",1,0.895833333333333,1
2019-03-07,2019,"DecisionTree",1,0.0657894736842105,0
2019-03-08,2019,"DecisionTree",1,0.0657894736842105,0
2019-03-11,2019,"DecisionTree",1,0.0657894736842105,0
2019-03-12,2019,"DecisionTree",1,0.0657894736842105,0
2019-03-13,2019,"DecisionTree",1,0.0657894736842105,0
2019-03-14,2019,"DecisionTree",1,0.0657894736842105,0
2019-03-15,2019,"DecisionTree",0,0.895833333333333,1
2019-03-18,2019,"DecisionTree",0,0.895833333333333,1
2019-03-19,2019,"DecisionTree",0,0.895833333333333,1
2019-03-20,2019,"DecisionTree",0,0.0657894736842105,0
2019-03-21,2019,"DecisionTree",0,0.0657894736842105,0
2019-03-22,2019,"DecisionTree",1,0.875,1
2019-03-25,2019,"DecisionTree",1,0.875,1
2019-03-26,2019,"DecisionTree",1,0.875,1
2019-03-27,2019,"DecisionTree",1,0.875,1
2019-03-28,2019,"DecisionTree",1,0.734265734265734,1
2019-03-29,2019,"DecisionTree",1,0.734265734265734,1
2019-04-01,2019,"DecisionTree",0,0.875,1
2019-04-02,2019,"DecisionTree",1,0.875,1
2019-04-03,2019,"DecisionTree",1,0.895833333333333,1
2019-04-04,2019,"DecisionTree",1,0.895833333333333,1
2019-04-05,2019,"DecisionTree",1,0.895833333333333,1
2019-04-08,2019,"DecisionTree",1,0.875,1
2019-04-09,2019,"DecisionTree",1,0.875,1
2019-04-10,2019,"DecisionTree",1,0.875,1
2019-04-11,2019,"DecisionTree",1,0.0657894736842105,0
2019-04-12,2019,"DecisionTree",1,0.0657894736842105,0
2019-04-15,2019,"DecisionTree",1,0.0657894736842105,0
2019-04-16,2019,"DecisionTree",1,0.915254237288136,1
2019-04-17,2019,"DecisionTree",1,0.915254237288136,1
2019-04-18,2019,"DecisionTree",1,0.6875,1
2019-04-23,2019,"DecisionTree",1,0.6875,1
2019-04-24,2019,"DecisionTree",1,0.6875,1
2019-04-25,2019,"DecisionTree",1,0.6875,1
2019-04-26,2019,"DecisionTree",1,0.6875,1
2019-04-29,2019,"DecisionTree",0,0.156862745098039,0
2019-04-30,2019,"DecisionTree",0,0.156862745098039,0
2019-05-02,2019,"DecisionTree",1,0.156862745098039,0
2019-05-03,2019,"DecisionTree",1,0.156862745098039,0
2019-05-06,2019,"DecisionTree",1,0.156862745098039,0
2019-05-07,2019,"DecisionTree",1,0.0833333333333333,0
2019-05-08,2019,"DecisionTree",1,0.0833333333333333,0
2019-05-09,2019,"DecisionTree",1,0.734265734265734,1
2019-05-10,2019,"DecisionTree",1,0.734265734265734,1
2019-05-13,2019,"DecisionTree",1,0.734265734265734,1
2019-05-14,2019,"DecisionTree",1,0.734265734265734,1
2019-05-15,2019,"DecisionTree",1,0.734265734265734,1
2019-05-16,2019,"DecisionTree",1,0.0606060606060606,0
2019-05-17,2019,"DecisionTree",1,0.0606060606060606,0
2019-05-20,2019,"DecisionTree",1,0.0606060606060606,0
2019-05-21,2019,"DecisionTree",0,0.142857142857143,0
2019-05-22,2019,"DecisionTree",0,0.0606060606060606,0
2019-05-23,2019,"DecisionTree",0,0.368421052631579,0
2019-05-24,2019,"DecisionTree",0,0.770491803278689,1
2019-05-27,2019,"DecisionTree",1,0.770491803278689,1
2019-05-28,2019,"DecisionTree",0,0.770491803278689,1
2019-05-29,2019,"DecisionTree",1,0.368421052631579,0
2019-05-31,2019,"DecisionTree",1,0.368421052631579,0
2019-06-03,2019,"DecisionTree",0,0.368421052631579,0
2019-06-04,2019,"DecisionTree",0,0.368421052631579,0
2019-06-05,2019,"DecisionTree",0,0.230769230769231,0
2019-06-06,2019,"DecisionTree",1,0.0606060606060606,0
2019-06-07,2019,"DecisionTree",0,0.770491803278689,1
2019-06-11,2019,"DecisionTree",0,0.770491803278689,1
2019-06-12,2019,"DecisionTree",0,0.770491803278689,1
2019-06-13,2019,"DecisionTree",0,0.770491803278689,1
2019-06-14,2019,"DecisionTree",0,0.142857142857143,0
2019-06-17,2019,"DecisionTree",0,0.142857142857143,0
2019-06-18,2019,"DecisionTree",0,0.770491803278689,1
2019-06-19,2019,"DecisionTree",0,0.770491803278689,1
2019-06-20,2019,"DecisionTree",0,0.770491803278689,1
2019-06-21,2019,"DecisionTree",0,0.770491803278689,1
2019-06-24,2019,"DecisionTree",0,0.770491803278689,1
2019-06-25,2019,"DecisionTree",1,0.37037037037037,0
2019-06-26,2019,"DecisionTree",1,0.37037037037037,0
2019-06-27,2019,"DecisionTree",1,0.37037037037037,0
2019-06-28,2019,"DecisionTree",1,0.0657894736842105,0
2019-07-01,2019,"DecisionTree",1,0.37037037037037,0
2019-07-02,2019,"DecisionTree",1,0.0657894736842105,0
2019-07-03,2019,"DecisionTree",0,0.895833333333333,1
2019-07-04,2019,"DecisionTree",1,0.895833333333333,1
2019-07-05,2019,"DecisionTree",0,0.0657894736842105,0
2019-07-08,2019,"DecisionTree",0,0.0657894736842105,0
2019-07-09,2019,"DecisionTree",1,0.0657894736842105,0
2019-07-10,2019,"DecisionTree",1,0.0657894736842105,0
2019-07-11,2019,"DecisionTree",1,0.0657894736842105,0
2019-07-12,2019,"DecisionTree",1,0.0657894736842105,0
2019-07-15,2019,"DecisionTree",1,0.0657894736842105,0
2019-07-16,2019,"DecisionTree",0,0.0657894736842105,0
2019-07-17,2019,"DecisionTree",1,0.766666666666667,1
2019-07-18,2019,"DecisionTree",1,0.766666666666667,1
2019-07-19,2019,"DecisionTree",1,0.766666666666667,1
2019-07-22,2019,"DecisionTree",1,0.766666666666667,1
2019-07-23,2019,"DecisionTree",0,0.0657894736842105,0
2019-07-24,2019,"DecisionTree",0,0.0657894736842105,0
2019-07-25,2019,"DecisionTree",0,0.117647058823529,0
2019-07-26,2019,"DecisionTree",0,0.117647058823529,0
2019-07-29,2019,"DecisionTree",0,0.117647058823529,0
2019-07-30,2019,"DecisionTree",0,0.734265734265734,1
2019-07-31,2019,"DecisionTree",1,0.734265734265734,1
2019-08-02,2019,"DecisionTree",1,0.734265734265734,1
2019-08-05,2019,"DecisionTree",1,0.76,1
2019-08-06,2019,"DecisionTree",1,0.0606060606060606,0
2019-08-07,2019,"DecisionTree",1,0.0606060606060606,0
2019-08-08,2019,"DecisionTree",1,0.368421052631579,0
2019-08-09,2019,"DecisionTree",1,0.368421052631579,0
2019-08-12,2019,"DecisionTree",1,0.368421052631579,0
2019-08-13,2019,"DecisionTree",1,0.368421052631579,0
2019-08-14,2019,"DecisionTree",1,0.368421052631579,0
2019-08-15,2019,"DecisionTree",1,0.840909090909091,1
2019-08-16,2019,"DecisionTree",1,0.840909090909091,1
2019-08-19,2019,"DecisionTree",1,0.770491803278689,1
2019-08-20,2019,"DecisionTree",1,0.770491803278689,1
2019-08-21,2019,"DecisionTree",1,0.770491803278689,1
2019-08-22,2019,"DecisionTree",1,0.770491803278689,1
2019-08-23,2019,"DecisionTree",1,0.770491803278689,1
2019-08-26,2019,"DecisionTree",1,0.770491803278689,1
2019-08-27,2019,"DecisionTree",1,0.770491803278689,1
2019-08-28,2019,"DecisionTree",1,0.770491803278689,1
2019-08-29,2019,"DecisionTree",1,0.770491803278689,1
2019-08-30,2019,"DecisionTree",1,0.770491803278689,1
2019-09-02,2019,"DecisionTree",1,0.770491803278689,1
2019-09-03,2019,"DecisionTree",1,0.770491803278689,1
2019-09-04,2019,"DecisionTree",1,0.770491803278689,1
2019-09-05,2019,"DecisionTree",1,0.770491803278689,1
2019-09-06,2019,"DecisionTree",1,0.770491803278689,1
2019-09-09,2019,"DecisionTree",1,0.37037037037037,0
2019-09-10,2019,"DecisionTree",1,0.37037037037037,0
2019-09-11,2019,"DecisionTree",1,0.37037037037037,0
2019-09-12,2019,"DecisionTree",1,0.37037037037037,0
2019-09-13,2019,"DecisionTree",1,0.0657894736842105,0
2019-09-16,2019,"DecisionTree",1,0.0657894736842105,0
2019-09-17,2019,"DecisionTree",1,0.0657894736842105,0
2019-09-18,2019,"DecisionTree",1,0.0657894736842105,0
2019-09-19,2019,"DecisionTree",1,0.0657894736842105,0
2019-09-20,2019,"DecisionTree",1,0.0657894736842105,0
2019-09-23,2019,"DecisionTree",1,0.0657894736842105,0
2019-09-24,2019,"DecisionTree",1,0.0657894736842105,0
2019-09-25,2019,"DecisionTree",1,0.0657894736842105,0
2019-09-26,2019,"DecisionTree",1,0.0657894736842105,0
2019-09-27,2019,"DecisionTree",1,0.0657894736842105,0
2019-09-30,2019,"DecisionTree",1,0.0657894736842105,0
2019-10-01,2019,"DecisionTree",1,0.37037037037037,0
2019-10-02,2019,"DecisionTree",1,0.734265734265734,1
2019-10-03,2019,"DecisionTree",1,0.734265734265734,1
2019-10-04,2019,"DecisionTree",1,0.734265734265734,1
2019-10-07,2019,"DecisionTree",1,0.734265734265734,1
2019-10-08,2019,"DecisionTree",1,0.734265734265734,1
2019-10-09,2019,"DecisionTree",1,0.734265734265734,1
2019-10-10,2019,"DecisionTree",1,0.791666666666667,1
2019-10-11,2019,"DecisionTree",1,0.176470588235294,0
2019-10-14,2019,"DecisionTree",1,0.770491803278689,1
2019-10-15,2019,"DecisionTree",1,0.770491803278689,1
2019-10-16,2019,"DecisionTree",1,0.770491803278689,1
2019-10-17,2019,"DecisionTree",1,0.770491803278689,1
2019-10-18,2019,"DecisionTree",1,0.770491803278689,1
2019-10-21,2019,"DecisionTree",1,0.770491803278689,1
2019-10-22,2019,"DecisionTree",1,0.770491803278689,1
2019-10-23,2019,"DecisionTree",1,0.770491803278689,1
2019-10-24,2019,"DecisionTree",1,0.770491803278689,1
2019-10-25,2019,"DecisionTree",1,0.37037037037037,0
2019-10-28,2019,"DecisionTree",1,0.37037037037037,0
2019-10-29,2019,"DecisionTree",1,0.37037037037037,0
2019-10-30,2019,"DecisionTree",1,0.0657894736842105,0
2019-10-31,2019,"DecisionTree",1,0.0657894736842105,0
2019-11-01,2019,"DecisionTree",1,0.0657894736842105,0
2019-11-04,2019,"DecisionTree",1,0.0657894736842105,0
2019-11-05,2019,"DecisionTree",1,0.895833333333333,1
2019-11-06,2019,"DecisionTree",1,0.895833333333333,1
2019-11-07,2019,"DecisionTree",1,0.895833333333333,1
2019-11-08,2019,"DecisionTree",0,0.895833333333333,1
2019-11-11,2019,"DecisionTree",1,0.895833333333333,1
2019-11-12,2019,"DecisionTree",1,0.895833333333333,1
2019-11-13,2019,"DecisionTree",0,0.0657894736842105,0
2019-11-14,2019,"DecisionTree",0,0.0657894736842105,0
2019-11-15,2019,"DecisionTree",0,0.0657894736842105,0
2019-11-18,2019,"DecisionTree",1,0.0657894736842105,0
2019-11-19,2019,"DecisionTree",1,0.0657894736842105,0
2019-11-20,2019,"DecisionTree",1,0.0657894736842105,0
2019-11-21,2019,"DecisionTree",1,0.766666666666667,1
2019-11-22,2019,"DecisionTree",1,0.0657894736842105,0
2019-11-25,2019,"DecisionTree",1,0.0657894736842105,0
2019-11-26,2019,"DecisionTree",1,0.0657894736842105,0
2019-11-27,2019,"DecisionTree",1,0.0657894736842105,0
2019-11-28,2019,"DecisionTree",1,0.0657894736842105,0
2019-11-29,2019,"DecisionTree",1,0.0657894736842105,0
2019-12-02,2019,"DecisionTree",1,0.0833333333333333,0
2019-12-03,2019,"DecisionTree",1,0.0833333333333333,0
2019-12-04,2019,"DecisionTree",1,0.734265734265734,1
2019-12-05,2019,"DecisionTree",1,0.734265734265734,1
2019-12-06,2019,"DecisionTree",0,0.37037037037037,0
2019-12-09,2019,"DecisionTree",0,0.734265734265734,1
2019-12-10,2019,"DecisionTree",0,0.734265734265734,1
2019-12-11,2019,"DecisionTree",0,0.734265734265734,1
2019-12-12,2019,"DecisionTree",0,0.915254237288136,1
2019-12-13,2019,"DecisionTree",0,0.915254237288136,1
2019-12-16,2019,"DecisionTree",0,0.915254237288136,1
2019-12-17,2019,"DecisionTree",0,0.915254237288136,1
2019-12-18,2019,"DecisionTree",0,0.915254237288136,1
2019-12-19,2019,"DecisionTree",0,0.915254237288136,1
2019-12-20,2019,"DecisionTree",0,0.6875,1
2019-12-23,2019,"DecisionTree",0,0.156862745098039,0
2019-12-27,2019,"DecisionTree",0,0.156862745098039,0
2019-12-30,2019,"DecisionTree",0,0.156862745098039,0
2019-01-03,2019,"RandomForest",1,0.618,1
2019-01-04,2019,"RandomForest",1,0.77,1
2019-01-07,2019,"RandomForest",1,0.798,1
2019-01-08,2019,"RandomForest",1,0.788,1
2019-01-09,2019,"RandomForest",1,0.71,1
2019-01-10,2019,"RandomForest",1,0.586,1
2019-01-11,2019,"RandomForest",1,0.452,0
2019-01-14,2019,"RandomForest",1,0.732,1
2019-01-15,2019,"RandomForest",1,0.536,1
2019-01-16,2019,"RandomForest",1,0.446,0
2019-01-17,2019,"RandomForest",1,0.558,1
2019-01-18,2019,"RandomForest",1,0.524,1
2019-01-21,2019,"RandomForest",1,0.322,0
2019-01-22,2019,"RandomForest",1,0.406,0
2019-01-23,2019,"RandomForest",1,0.508,1
2019-01-24,2019,"RandomForest",1,0.57,1
2019-01-25,2019,"RandomForest",1,0.678,1
2019-01-28,2019,"RandomForest",1,0.758,1
2019-01-29,2019,"RandomForest",1,0.656,1
2019-01-30,2019,"RandomForest",1,0.56,1
2019-01-31,2019,"RandomForest",1,0.596,1
2019-02-01,2019,"RandomForest",1,0.59,1
2019-02-04,2019,"RandomForest",1,0.594,1
2019-02-05,2019,"RandomForest",1,0.75,1
2019-02-06,2019,"RandomForest",1,0.834,1
2019-02-07,2019,"RandomForest",1,0.594,1
2019-02-08,2019,"RandomForest",1,0.758,1
2019-02-11,2019,"RandomForest",1,0.55,1
2019-02-12,2019,"RandomForest",1,0.472,0
2019-02-13,2019,"RandomForest",1,0.532,1
2019-02-14,2019,"RandomForest",1,0.542,1
2019-02-15,2019,"RandomForest",1,0.35,0
2019-02-18,2019,"RandomForest",1,0.466,0
2019-02-19,2019,"RandomForest",1,0.308,0
2019-02-20,2019,"RandomForest",1,0.426,0
2019-02-21,2019,"RandomForest",1,0.506,1
2019-02-22,2019,"RandomForest",1,0.432,0
2019-02-25,2019,"RandomForest",1,0.6,1
2019-02-26,2019,"RandomForest",1,0.69,1
2019-02-27,2019,"RandomForest",1,0.402,0
2019-02-28,2019,"RandomForest",1,0.576,1
2019-03-01,2019,"RandomForest",1,0.66,1
2019-03-04,2019,"RandomForest",1,0.692,1
2019-03-05,2019,"RandomForest",1,0.776,1
2019-03-06,2019,"RandomForest",1,0.718,1
2019-03-07,2019,"RandomForest",1,0.684,1
2019-03-08,2019,"RandomForest",1,0.608,1
2019-03-11,2019,"RandomForest",1,0.5,1
2019-03-12,2019,"RandomForest",1,0.308,0
2019-03-13,2019,"RandomForest",1,0.338,0
2019-03-14,2019,"RandomForest",1,0.412,0
2019-03-15,2019,"RandomForest",0,0.718,1
2019-03-18,2019,"RandomForest",0,0.728,1
2019-03-19,2019,"RandomForest",0,0.76,1
2019-03-20,2019,"RandomForest",0,0.558,1
2019-03-21,2019,"RandomForest",0,0.564,1
2019-03-22,2019,"RandomForest",1,0.45,0
2019-03-25,2019,"RandomForest",1,0.538,1
2019-03-26,2019,"RandomForest",1,0.446,0
2019-03-27,2019,"RandomForest",1,0.458,0
2019-03-28,2019,"RandomForest",1,0.448,0
2019-03-29,2019,"RandomForest",1,0.48,0
2019-04-01,2019,"RandomForest",0,0.392,0
2019-04-02,2019,"RandomForest",1,0.404,0
2019-04-03,2019,"RandomForest",1,0.608,1
2019-04-04,2019,"RandomForest",1,0.684,1
2019-04-05,2019,"RandomForest",1,0.772,1
2019-04-08,2019,"RandomForest",1,0.696,1
2019-04-09,2019,"RandomForest",1,0.49,0
2019-04-10,2019,"RandomForest",1,0.458,0
2019-04-11,2019,"RandomForest",1,0.394,0
2019-04-12,2019,"RandomForest",1,0.362,0
2019-04-15,2019,"RandomForest",1,0.358,0
2019-04-16,2019,"RandomForest",1,0.558,1
2019-04-17,2019,"RandomForest",1,0.708,1
2019-04-18,2019,"RandomForest",1,0.62,1
2019-04-23,2019,"RandomForest",1,0.606,1
2019-04-24,2019,"RandomForest",1,0.532,1
2019-04-25,2019,"RandomForest",1,0.5,1
2019-04-26,2019,"RandomForest",1,0.482,0
2019-04-29,2019,"RandomForest",0,0.398,0
2019-04-30,2019,"RandomForest",0,0.218,0
2019-05-02,2019,"RandomForest",1,0.416,0
2019-05-03,2019,"RandomForest",1,0.244,0
2019-05-06,2019,"RandomForest",1,0.756,1
2019-05-07,2019,"RandomForest",1,0.63,1
2019-05-08,2019,"RandomForest",1,0.634,1
2019-05-09,2019,"RandomForest",1,0.634,1
2019-05-10,2019,"RandomForest",1,0.796,1
2019-05-13,2019,"RandomForest",1,0.656,1
2019-05-14,2019,"RandomForest",1,0.678,1
2019-05-15,2019,"RandomForest",1,0.388,0
2019-05-16,2019,"RandomForest",1,0.482,0
2019-05-17,2019,"RandomForest",1,0.38,0
2019-05-20,2019,"RandomForest",1,0.386,0
2019-05-21,2019,"RandomForest",0,0.362,0
2019-05-22,2019,"RandomForest",0,0.382,0
2019-05-23,2019,"RandomForest",0,0.376,0
2019-05-24,2019,"RandomForest",0,0.63,1
2019-05-27,2019,"RandomForest",1,0.798,1
2019-05-28,2019,"RandomForest",0,0.73,1
2019-05-29,2019,"RandomForest",1,0.51,1
2019-05-31,2019,"RandomForest",1,0.414,0
2019-06-03,2019,"RandomForest",0,0.502,1
2019-06-04,2019,"RandomForest",0,0.756,1
2019-06-05,2019,"RandomForest",0,0.804,1
2019-06-06,2019,"RandomForest",1,0.29,0
2019-06-07,2019,"RandomForest",0,0.482,0
2019-06-11,2019,"RandomForest",0,0.456,0
2019-06-12,2019,"RandomForest",0,0.52,1
2019-06-13,2019,"RandomForest",0,0.406,0
2019-06-14,2019,"RandomForest",0,0.288,0
2019-06-17,2019,"RandomForest",0,0.148,0
2019-06-18,2019,"RandomForest",0,0.502,1
2019-06-19,2019,"RandomForest",0,0.512,1
2019-06-20,2019,"RandomForest",0,0.64,1
2019-06-21,2019,"RandomForest",0,0.614,1
2019-06-24,2019,"RandomForest",0,0.726,1
2019-06-25,2019,"RandomForest",1,0.618,1
2019-06-26,2019,"RandomForest",1,0.582,1
2019-06-27,2019,"RandomForest",1,0.58,1
2019-06-28,2019,"RandomForest",1,0.508,1
2019-07-01,2019,"RandomForest",1,0.614,1
2019-07-02,2019,"RandomForest",1,0.508,1
2019-07-03,2019,"RandomForest",0,0.584,1
2019-07-04,2019,"RandomForest",1,0.642,1
2019-07-05,2019,"RandomForest",0,0.526,1
2019-07-08,2019,"RandomForest",0,0.318,0
2019-07-09,2019,"RandomForest",1,0.286,0
2019-07-10,2019,"RandomForest",1,0.25,0
2019-07-11,2019,"RandomForest",1,0.36,0
2019-07-12,2019,"RandomForest",1,0.392,0
2019-07-15,2019,"RandomForest",1,0.324,0
2019-07-16,2019,"RandomForest",0,0.226,0
2019-07-17,2019,"RandomForest",1,0.384,0
2019-07-18,2019,"RandomForest",1,0.34,0
2019-07-19,2019,"RandomForest",1,0.336,0
2019-07-22,2019,"RandomForest",1,0.4,0
2019-07-23,2019,"RandomForest",0,0.164,0
2019-07-24,2019,"RandomForest",0,0.214,0
2019-07-25,2019,"RandomForest",0,0.346,0
2019-07-26,2019,"RandomForest",0,0.446,0
2019-07-29,2019,"RandomForest",0,0.502,1
2019-07-30,2019,"RandomForest",0,0.744,1
2019-07-31,2019,"RandomForest",1,0.638,1
2019-08-02,2019,"RandomForest",1,0.436,0
2019-08-05,2019,"RandomForest",1,0.628,1
2019-08-06,2019,"RandomForest",1,0.512,1
2019-08-07,2019,"RandomForest",1,0.246,0
2019-08-08,2019,"RandomForest",1,0.522,1
2019-08-09,2019,"RandomForest",1,0.518,1
2019-08-12,2019,"RandomForest",1,0.464,0
2019-08-13,2019,"RandomForest",1,0.62,1
2019-08-14,2019,"RandomForest",1,0.51,1
2019-08-15,2019,"RandomForest",1,0.518,1
2019-08-16,2019,"RandomForest",1,0.55,1
2019-08-19,2019,"RandomForest",1,0.478,0
2019-08-20,2019,"RandomForest",1,0.634,1
2019-08-21,2019,"RandomForest",1,0.442,0
2019-08-22,2019,"RandomForest",1,0.754,1
2019-08-23,2019,"RandomForest",1,0.716,1
2019-08-26,2019,"RandomForest",1,0.806,1
2019-08-27,2019,"RandomForest",1,0.826,1
2019-08-28,2019,"RandomForest",1,0.734,1
2019-08-29,2019,"RandomForest",1,0.326,0
2019-08-30,2019,"RandomForest",1,0.424,0
2019-09-02,2019,"RandomForest",1,0.496,0
2019-09-03,2019,"RandomForest",1,0.526,1
2019-09-04,2019,"RandomForest",1,0.568,1
2019-09-05,2019,"RandomForest",1,0.498,0
2019-09-06,2019,"RandomForest",1,0.52,1
2019-09-09,2019,"RandomForest",1,0.592,1
2019-09-10,2019,"RandomForest",1,0.472,0
2019-09-11,2019,"RandomForest",1,0.686,1
2019-09-12,2019,"RandomForest",1,0.692,1
2019-09-13,2019,"RandomForest",1,0.674,1
2019-09-16,2019,"RandomForest",1,0.464,0
2019-09-17,2019,"RandomForest",1,0.426,0
2019-09-18,2019,"RandomForest",1,0.462,0
2019-09-19,2019,"RandomForest",1,0.388,0
2019-09-20,2019,"RandomForest",1,0.582,1
2019-09-23,2019,"RandomForest",1,0.426,0
2019-09-24,2019,"RandomForest",1,0.436,0
2019-09-25,2019,"RandomForest",1,0.4,0
2019-09-26,2019,"RandomForest",1,0.386,0
2019-09-27,2019,"RandomForest",1,0.352,0
2019-09-30,2019,"RandomForest",1,0.328,0
2019-10-01,2019,"RandomForest",1,0.522,1
2019-10-02,2019,"RandomForest",1,0.734,1
2019-10-03,2019,"RandomForest",1,0.764,1
2019-10-04,2019,"RandomForest",1,0.706,1
2019-10-07,2019,"RandomForest",1,0.694,1
2019-10-08,2019,"RandomForest",1,0.682,1
2019-10-09,2019,"RandomForest",1,0.772,1
2019-10-10,2019,"RandomForest",1,0.716,1
2019-10-11,2019,"RandomForest",1,0.654,1
2019-10-14,2019,"RandomForest",1,0.48,0
2019-10-15,2019,"RandomForest",1,0.316,0
2019-10-16,2019,"RandomForest",1,0.5,1
2019-10-17,2019,"RandomForest",1,0.518,1
2019-10-18,2019,"RandomForest",1,0.448,0
2019-10-21,2019,"RandomForest",1,0.42,0
2019-10-22,2019,"RandomForest",1,0.468,0
2019-10-23,2019,"RandomForest",1,0.466,0
2019-10-24,2019,"RandomForest",1,0.582,1
2019-10-25,2019,"RandomForest",1,0.466,0
2019-10-28,2019,"RandomForest",1,0.422,0
2019-10-29,2019,"RandomForest",1,0.352,0
2019-10-30,2019,"RandomForest",1,0.578,1
2019-10-31,2019,"RandomForest",1,0.462,0
2019-11-01,2019,"RandomForest",1,0.348,0
2019-11-04,2019,"RandomForest",1,0.338,0
2019-11-05,2019,"RandomForest",1,0.458,0
2019-11-06,2019,"RandomForest",1,0.514,1
2019-11-07,2019,"RandomForest",1,0.528,1
2019-11-08,2019,"RandomForest",0,0.372,0
2019-11-11,2019,"RandomForest",1,0.384,0
2019-11-12,2019,"RandomForest",1,0.314,0
2019-11-13,2019,"RandomForest",0,0.128,0
2019-11-14,2019,"RandomForest",0,0.154,0
2019-11-15,2019,"RandomForest",0,0.168,0
2019-11-18,2019,"RandomForest",1,0.074,0
2019-11-19,2019,"RandomForest",1,0.186,0
2019-11-20,2019,"RandomForest",1,0.35,0
2019-11-21,2019,"RandomForest",1,0.4,0
2019-11-22,2019,"RandomForest",1,0.322,0
2019-11-25,2019,"RandomForest",1,0.162,0
2019-11-26,2019,"RandomForest",1,0.152,0
2019-11-27,2019,"RandomForest",1,0.116,0
2019-11-28,2019,"RandomForest",1,0.218,0
2019-11-29,2019,"RandomForest",1,0.214,0
2019-12-02,2019,"RandomForest",1,0.496,0
2019-12-03,2019,"RandomForest",1,0.46,0
2019-12-04,2019,"RandomForest",1,0.354,0
2019-12-05,2019,"RandomForest",1,0.47,0
2019-12-06,2019,"RandomForest",0,0.444,0
2019-12-09,2019,"RandomForest",0,0.446,0
2019-12-10,2019,"RandomForest",0,0.396,0
2019-12-11,2019,"RandomForest",0,0.704,1
2019-12-12,2019,"RandomForest",0,0.744,1
2019-12-13,2019,"RandomForest",0,0.712,1
2019-12-16,2019,"RandomForest",0,0.766,1
2019-12-17,2019,"RandomForest",0,0.662,1
2019-12-18,2019,"RandomForest",0,0.662,1
2019-12-19,2019,"RandomForest",0,0.7,1
2019-12-20,2019,"RandomForest",0,0.514,1
2019-12-23,2019,"RandomForest",0,0.536,1
2019-12-27,2019,"RandomForest",0,0.46,0
2019-12-30,2019,"RandomForest",0,0.47,0
2019-01-03,2019,"Random",1,0.557922769640479,0
2019-01-04,2019,"Random",1,0.557922769640479,1
2019-01-07,2019,"Random",1,0.557922769640479,1
2019-01-08,2019,"Random",1,0.557922769640479,1
2019-01-09,2019,"Random",1,0.557922769640479,1
2019-01-10,2019,"Random",1,0.557922769640479,1
2019-01-11,2019,"Random",1,0.557922769640479,0
2019-01-14,2019,"Random",1,0.557922769640479,1
2019-01-15,2019,"Random",1,0.557922769640479,1
2019-01-16,2019,"Random",1,0.557922769640479,1
2019-01-17,2019,"Random",1,0.557922769640479,0
2019-01-18,2019,"Random",1,0.557922769640479,0
2019-01-21,2019,"Random",1,0.557922769640479,0
2019-01-22,2019,"Random",1,0.557922769640479,0
2019-01-23,2019,"Random",1,0.557922769640479,1
2019-01-24,2019,"Random",1,0.557922769640479,0
2019-01-25,2019,"Random",1,0.557922769640479,0
2019-01-28,2019,"Random",1,0.557922769640479,0
2019-01-29,2019,"Random",1,0.557922769640479,1
2019-01-30,2019,"Random",1,0.557922769640479,1
2019-01-31,2019,"Random",1,0.557922769640479,0
2019-02-01,2019,"Random",1,0.557922769640479,0
2019-02-04,2019,"Random",1,0.557922769640479,1
2019-02-05,2019,"Random",1,0.557922769640479,1
2019-02-06,2019,"Random",1,0.557922769640479,1
2019-02-07,2019,"Random",1,0.557922769640479,0
2019-02-08,2019,"Random",1,0.557922769640479,1
2019-02-11,2019,"Random",1,0.557922769640479,1
2019-02-12,2019,"Random",1,0.557922769640479,0
2019-02-13,2019,"Random",1,0.557922769640479,1
2019-02-14,2019,"Random",1,0.557922769640479,0
2019-02-15,2019,"Random",1,0.557922769640479,1
2019-02-18,2019,"Random",1,0.557922769640479,1
2019-02-19,2019,"Random",1,0.557922769640479,0
2019-02-20,2019,"Random",1,0.557922769640479,0
2019-02-21,2019,"Random",1,0.557922769640479,1
2019-02-22,2019,"Random",1,0.557922769640479,0
2019-02-25,2019,"Random",1,0.557922769640479,0
2019-02-26,2019,"Random",1,0.557922769640479,1
2019-02-27,2019,"Random",1,0.557922769640479,1
2019-02-28,2019,"Random",1,0.557922769640479,0
2019-03-01,2019,"Random",1,0.557922769640479,1
2019-03-04,2019,"Random",1,0.557922769640479,0
2019-03-05,2019,"Random",1,0.557922769640479,1
2019-03-06,2019,"Random",1,0.557922769640479,1
2019-03-07,2019,"Random",1,0.557922769640479,1
2019-03-08,2019,"Random",1,0.557922769640479,1
2019-03-11,2019,"Random",1,0.557922769640479,1
2019-03-12,2019,"Random",1,0.557922769640479,1
2019-03-13,2019,"Random",1,0.557922769640479,1
2019-03-14,2019,"Random",1,0.557922769640479,1
2019-03-15,2019,"Random",0,0.557922769640479,1
2019-03-18,2019,"Random",0,0.557922769640479,0
2019-03-19,2019,"Random",0,0.557922769640479,1
2019-03-20,2019,"Random",0,0.557922769640479,1
2019-03-21,2019,"Random",0,0.557922769640479,1
2019-03-22,2019,"Random",1,0.557922769640479,1
2019-03-25,2019,"Random",1,0.557922769640479,0
2019-03-26,2019,"Random",1,0.557922769640479,1
2019-03-27,2019,"Random",1,0.557922769640479,1
2019-03-28,2019,"Random",1,0.557922769640479,1
2019-03-29,2019,"Random",1,0.557922769640479,1
2019-04-01,2019,"Random",0,0.557922769640479,1
2019-04-02,2019,"Random",1,0.557922769640479,0
2019-04-03,2019,"Random",1,0.557922769640479,1
2019-04-04,2019,"Random",1,0.557922769640479,0
2019-04-05,2019,"Random",1,0.557922769640479,0
2019-04-08,2019,"Random",1,0.557922769640479,0
2019-04-09,2019,"Random",1,0.557922769640479,1
2019-04-10,2019,"Random",1,0.557922769640479,0
2019-04-11,2019,"Random",1,0.557922769640479,1
2019-04-12,2019,"Random",1,0.557922769640479,1
2019-04-15,2019,"Random",1,0.557922769640479,1
2019-04-16,2019,"Random",1,0.557922769640479,1
2019-04-17,2019,"Random",1,0.557922769640479,0
2019-04-18,2019,"Random",1,0.557922769640479,0
2019-04-23,2019,"Random",1,0.557922769640479,1
2019-04-24,2019,"Random",1,0.557922769640479,1
2019-04-25,2019,"Random",1,0.557922769640479,1
2019-04-26,2019,"Random",1,0.557922769640479,1
2019-04-29,2019,"Random",0,0.557922769640479,1
2019-04-30,2019,"Random",0,0.557922769640479,1
2019-05-02,2019,"Random",1,0.557922769640479,0
2019-05-03,2019,"Random",1,0.557922769640479,0
2019-05-06,2019,"Random",1,0.557922769640479,0
2019-05-07,2019,"Random",1,0.557922769640479,1
2019-05-08,2019,"Random",1,0.557922769640479,1
2019-05-09,2019,"Random",1,0.557922769640479,1
2019-05-10,2019,"Random",1,0.557922769640479,1
2019-05-13,2019,"Random",1,0.557922769640479,0
2019-05-14,2019,"Random",1,0.557922769640479,1
2019-05-15,2019,"Random",1,0.557922769640479,1
2019-05-16,2019,"Random",1,0.557922769640479,0
2019-05-17,2019,"Random",1,0.557922769640479,1
2019-05-20,2019,"Random",1,0.557922769640479,1
2019-05-21,2019,"Random",0,0.557922769640479,1
2019-05-22,2019,"Random",0,0.557922769640479,0
2019-05-23,2019,"Random",0,0.557922769640479,1
2019-05-24,2019,"Random",0,0.557922769640479,1
2019-05-27,2019,"Random",1,0.557922769640479,1
2019-05-28,2019,"Random",0,0.557922769640479,0
2019-05-29,2019,"Random",1,0.557922769640479,0
2019-05-31,2019,"Random",1,0.557922769640479,1
2019-06-03,2019,"Random",0,0.557922769640479,1
2019-06-04,2019,"Random",0,0.557922769640479,0
2019-06-05,2019,"Random",0,0.557922769640479,0
2019-06-06,2019,"Random",1,0.557922769640479,0
2019-06-07,2019,"Random",0,0.557922769640479,0
2019-06-11,2019,"Random",0,0.557922769640479,0
2019-06-12,2019,"Random",0,0.557922769640479,0
2019-06-13,2019,"Random",0,0.557922769640479,1
2019-06-14,2019,"Random",0,0.557922769640479,0
2019-06-17,2019,"Random",0,0.557922769640479,1
2019-06-18,2019,"Random",0,0.557922769640479,0
2019-06-19,2019,"Random",0,0.557922769640479,1
2019-06-20,2019,"Random",0,0.557922769640479,1
2019-06-21,2019,"Random",0,0.557922769640479,1
2019-06-24,2019,"Random",0,0.557922769640479,1
2019-06-25,2019,"Random",1,0.557922769640479,0
2019-06-26,2019,"Random",1,0.557922769640479,1
2019-06-27,2019,"Random",1,0.557922769640479,1
2019-06-28,2019,"Random",1,0.557922769640479,1
2019-07-01,2019,"Random",1,0.557922769640479,1
2019-07-02,2019,"Random",1,0.557922769640479,0
2019-07-03,2019,"Random",0,0.557922769640479,1
2019-07-04,2019,"Random",1,0.557922769640479,1
2019-07-05,2019,"Random",0,0.557922769640479,0
2019-07-08,2019,"Random",0,0.557922769640479,1
2019-07-09,2019,"Random",1,0.557922769640479,0
2019-07-10,2019,"Random",1,0.557922769640479,1
2019-07-11,2019,"Random",1,0.557922769640479,1
2019-07-12,2019,"Random",1,0.557922769640479,0
2019-07-15,2019,"Random",1,0.557922769640479,1
2019-07-16,2019,"Random",0,0.557922769640479,0
2019-07-17,2019,"Random",1,0.557922769640479,0
2019-07-18,2019,"Random",1,0.557922769640479,0
2019-07-19,2019,"Random",1,0.557922769640479,0
2019-07-22,2019,"Random",1,0.557922769640479,1
2019-07-23,2019,"Random",0,0.557922769640479,1
2019-07-24,2019,"Random",0,0.557922769640479,1
2019-07-25,2019,"Random",0,0.557922769640479,0
2019-07-26,2019,"Random",0,0.557922769640479,1
2019-07-29,2019,"Random",0,0.557922769640479,1
2019-07-30,2019,"Random",0,0.557922769640479,0
2019-07-31,2019,"Random",1,0.557922769640479,0
2019-08-02,2019,"Random",1,0.557922769640479,1
2019-08-05,2019,"Random",1,0.557922769640479,1
2019-08-06,2019,"Random",1,0.557922769640479,0
2019-08-07,2019,"Random",1,0.557922769640479,0
2019-08-08,2019,"Random",1,0.557922769640479,0
2019-08-09,2019,"Random",1,0.557922769640479,0
2019-08-12,2019,"Random",1,0.557922769640479,0
2019-08-13,2019,"Random",1,0.557922769640479,0
2019-08-14,2019,"Random",1,0.557922769640479,1
2019-08-15,2019,"Random",1,0.557922769640479,0
2019-08-16,2019,"Random",1,0.557922769640479,0
2019-08-19,2019,"Random",1,0.557922769640479,1
2019-08-20,2019,"Random",1,0.557922769640479,1
2019-08-21,2019,"Random",1,0.557922769640479,0
2019-08-22,2019,"Random",1,0.557922769640479,1
2019-08-23,2019,"Random",1,0.557922769640479,1
2019-08-26,2019,"Random",1,0.557922769640479,0
2019-08-27,2019,"Random",1,0.557922769640479,1
2019-08-28,2019,"Random",1,0.557922769640479,1
2019-08-29,2019,"Random",1,0.557922769640479,0
2019-08-30,2019,"Random",1,0.557922769640479,0
2019-09-02,2019,"Random",1,0.557922769640479,0
2019-09-03,2019,"Random",1,0.557922769640479,1
2019-09-04,2019,"Random",1,0.557922769640479,1
2019-09-05,2019,"Random",1,0.557922769640479,1
2019-09-06,2019,"Random",1,0.557922769640479,1
2019-09-09,2019,"Random",1,0.557922769640479,1
2019-09-10,2019,"Random",1,0.557922769640479,1
2019-09-11,2019,"Random",1,0.557922769640479,0
2019-09-12,2019,"Random",1,0.557922769640479,0
2019-09-13,2019,"Random",1,0.557922769640479,1
2019-09-16,2019,"Random",1,0.557922769640479,1
2019-09-17,2019,"Random",1,0.557922769640479,1
2019-09-18,2019,"Random",1,0.557922769640479,0
2019-09-19,2019,"Random",1,0.557922769640479,0
2019-09-20,2019,"Random",1,0.557922769640479,0
2019-09-23,2019,"Random",1,0.557922769640479,0
2019-09-24,2019,"Random",1,0.557922769640479,0
2019-09-25,2019,"Random",1,0.557922769640479,1
2019-09-26,2019,"Random",1,0.557922769640479,1
2019-09-27,2019,"Random",1,0.557922769640479,1
2019-09-30,2019,"Random",1,0.557922769640479,1
2019-10-01,2019,"Random",1,0.557922769640479,0
2019-10-02,2019,"Random",1,0.557922769640479,0
2019-10-03,2019,"Random",1,0.557922769640479,1
2019-10-04,2019,"Random",1,0.557922769640479,0
2019-10-07,2019,"Random",1,0.557922769640479,0
2019-10-08,2019,"Random",1,0.557922769640479,0
2019-10-09,2019,"Random",1,0.557922769640479,0
2019-10-10,2019,"Random",1,0.557922769640479,0
2019-10-11,2019,"Random",1,0.557922769640479,0
2019-10-14,2019,"Random",1,0.557922769640479,0
2019-10-15,2019,"Random",1,0.557922769640479,1
2019-10-16,2019,"Random",1,0.557922769640479,1
2019-10-17,2019,"Random",1,0.557922769640479,1
2019-10-18,2019,"Random",1,0.557922769640479,1
2019-10-21,2019,"Random",1,0.557922769640479,0
2019-10-22,2019,"Random",1,0.557922769640479,0
2019-10-23,2019,"Random",1,0.557922769640479,1
2019-10-24,2019,"Random",1,0.557922769640479,0
2019-10-25,2019,"Random",1,0.557922769640479,1
2019-10-28,2019,"Random",1,0.557922769640479,1
2019-10-29,2019,"Random",1,0.557922769640479,0
2019-10-30,2019,"Random",1,0.557922769640479,1
2019-10-31,2019,"Random",1,0.557922769640479,0
2019-11-01,2019,"Random",1,0.557922769640479,0
2019-11-04,2019,"Random",1,0.557922769640479,0
2019-11-05,2019,"Random",1,0.557922769640479,0
2019-11-06,2019,"Random",1,0.557922769640479,0
2019-11-07,2019,"Random",1,0.557922769640479,1
2019-11-08,2019,"Random",0,0.557922769640479,0
2019-11-11,2019,"Random",1,0.557922769640479,1
2019-11-12,2019,"Random",1,0.557922769640479,1
2019-11-13,2019,"Random",0,0.557922769640479,1
2019-11-14,2019,"Random",0,0.557922769640479,0
2019-11-15,2019,"Random",0,0.557922769640479,1
2019-11-18,2019,"Random",1,0.557922769640479,1
2019-11-19,2019,"Random",1,0.557922769640479,1
2019-11-20,2019,"Random",1,0.557922769640479,1
2019-11-21,2019,"Random",1,0.557922769640479,1
2019-11-22,2019,"Random",1,0.557922769640479,1
2019-11-25,2019,"Random",1,0.557922769640479,0
2019-11-26,2019,"Random",1,0.557922769640479,0
2019-11-27,2019,"Random",1,0.557922769640479,1
2019-11-28,2019,"Random",1,0.557922769640479,0
2019-11-29,2019,"Random",1,0.557922769640479,0
2019-12-02,2019,"Random",1,0.557922769640479,0
2019-12-03,2019,"Random",1,0.557922769640479,0
2019-12-04,2019,"Random",1,0.557922769640479,1
2019-12-05,2019,"Random",1,0.557922769640479,1
2019-12-06,2019,"Random",0,0.557922769640479,1
2019-12-09,2019,"Random",0,0.557922769640479,0
2019-12-10,2019,"Random",0,0.557922769640479,0
2019-12-11,2019,"Random",0,0.557922769640479,0
2019-12-12,2019,"Random",0,0.557922769640479,1
2019-12-13,2019,"Random",0,0.557922769640479,1
2019-12-16,2019,"Random",0,0.557922769640479,1
2019-12-17,2019,"Random",0,0.557922769640479,0
2019-12-18,2019,"Random",0,0.557922769640479,1
2019-12-19,2019,"Random",0,0.557922769640479,0
2019-12-20,2019,"Random",0,0.557922769640479,0
2019-12-23,2019,"Random",0,0.557922769640479,1
2019-12-27,2019,"Random",0,0.557922769640479,1
2019-12-30,2019,"Random",0,0.557922769640479,1
2020-01-03,2020,"Logistic",0,0.496127796061794,0
2020-01-06,2020,"Logistic",0,0.471133703570789,0
2020-01-07,2020,"Logistic",0,0.464732773445084,0
2020-01-08,2020,"Logistic",0,0.476010032946065,0
2020-01-09,2020,"Logistic",0,0.488322470749974,0
2020-01-10,2020,"Logistic",0,0.499887248962373,0
2020-01-13,2020,"Logistic",0,0.492452125255392,0
2020-01-14,2020,"Logistic",0,0.493615478345333,0
2020-01-15,2020,"Logistic",0,0.492796063337852,0
2020-01-16,2020,"Logistic",0,0.49968996639737,0
2020-01-17,2020,"Logistic",0,0.504818683862177,1
2020-01-20,2020,"Logistic",0,0.503547676538795,1
2020-01-21,2020,"Logistic",0,0.481305446327416,0
2020-01-22,2020,"Logistic",0,0.470028875925491,0
2020-01-23,2020,"Logistic",0,0.467189496977438,0
2020-01-24,2020,"Logistic",0,0.484731491172361,0
2020-01-27,2020,"Logistic",0,0.531756184955136,1
2020-01-28,2020,"Logistic",0,0.52790724920853,1
2020-01-29,2020,"Logistic",0,0.523541437505134,1
2020-01-30,2020,"Logistic",0,0.563008133875059,1
2020-01-31,2020,"Logistic",0,0.563154671105719,1
2020-02-03,2020,"Logistic",0,0.573220922905976,1
2020-02-04,2020,"Logistic",0,0.538376432999006,1
2020-02-05,2020,"Logistic",0,0.495778628883913,0
2020-02-06,2020,"Logistic",0,0.479457527382654,0
2020-02-07,2020,"Logistic",0,0.485807421873413,0
2020-02-10,2020,"Logistic",0,0.50777140548566,1
2020-02-11,2020,"Logistic",0,0.487449178382519,0
2020-02-12,2020,"Logistic",0,0.476848703125284,0
2020-02-13,2020,"Logistic",0,0.490405711740166,0
2020-02-14,2020,"Logistic",0,0.521458230851671,1
2020-02-17,2020,"Logistic",0,0.535696998318255,1
2020-02-18,2020,"Logistic",0,0.518766258308725,1
2020-02-19,2020,"Logistic",0,0.512456878268422,1
2020-02-20,2020,"Logistic",0,0.516219285307435,1
2020-02-21,2020,"Logistic",0,0.516882688488133,1
2020-02-24,2020,"Logistic",0,0.661339313968109,1
2020-02-25,2020,"Logistic",0,0.707396356089913,1
2020-02-26,2020,"Logistic",0,0.643150711399819,1
2020-02-27,2020,"Logistic",0,0.76150829201123,1
2020-02-28,2020,"Logistic",0,0.852568037322027,1
2020-03-02,2020,"Logistic",0,0.836691283494218,1
2020-03-03,2020,"Logistic",0,0.805471110323046,1
2020-03-04,2020,"Logistic",0,0.759496260939606,1
2020-03-05,2020,"Logistic",0,0.782277549920493,1
2020-03-06,2020,"Logistic",0,0.871047465800441,1
2020-03-09,2020,"Logistic",0,0.976126761874797,1
2020-03-10,2020,"Logistic",1,0.973681096687363,1
2020-03-11,2020,"Logistic",1,0.961946356860237,1
2020-03-12,2020,"Logistic",1,0.997729309610473,1
2020-03-13,2020,"Logistic",1,0.99689848327443,1
2020-03-16,2020,"Logistic",1,0.99827069847296,1
2020-03-17,2020,"Logistic",1,0.996799410055992,1
2020-03-18,2020,"Logistic",1,0.997999354825959,1
2020-03-19,2020,"Logistic",1,0.997063358674551,1
2020-03-20,2020,"Logistic",1,0.992601886090774,1
2020-03-23,2020,"Logistic",1,0.994237070604924,1
2020-03-24,2020,"Logistic",1,0.979177690750108,1
2020-03-25,2020,"Logistic",1,0.958718410737557,1
2020-03-26,2020,"Logistic",1,0.948782425137662,1
2020-03-27,2020,"Logistic",1,0.974187744480258,1
2020-03-30,2020,"Logistic",1,0.973101597761653,1
2020-03-31,2020,"Logistic",1,0.948811831212914,1
2020-04-01,2020,"Logistic",1,0.976518842233458,1
2020-04-02,2020,"Logistic",1,0.972161101009073,1
2020-04-03,2020,"Logistic",1,0.977674004926378,1
2020-04-06,2020,"Logistic",1,0.952317463489415,1
2020-04-07,2020,"Logistic",1,0.917301787685952,1
2020-04-08,2020,"Logistic",1,0.912077656056932,1
2020-04-09,2020,"Logistic",1,0.838493958881069,1
2020-04-14,2020,"Logistic",1,0.847386476100155,1
2020-04-15,2020,"Logistic",1,0.92383550766413,1
2020-04-16,2020,"Logistic",1,0.917511072068871,1
2020-04-17,2020,"Logistic",1,0.895295517042378,1
2020-04-20,2020,"Logistic",1,0.897135611345873,1
2020-04-21,2020,"Logistic",1,0.957336993687248,1
2020-04-22,2020,"Logistic",1,0.954396869220452,1
2020-04-23,2020,"Logistic",1,0.91868786750757,1
2020-04-24,2020,"Logistic",1,0.925895066608439,1
2020-04-27,2020,"Logistic",1,0.869269032898539,1
2020-04-28,2020,"Logistic",1,0.838458734910827,1
2020-04-29,2020,"Logistic",1,0.789197701309381,1
2020-04-30,2020,"Logistic",1,0.862266435899372,1
2020-05-04,2020,"Logistic",1,0.936134033299909,1
2020-05-05,2020,"Logistic",1,0.899083571979134,1
2020-05-06,2020,"Logistic",1,0.931026787897398,1
2020-05-07,2020,"Logistic",1,0.888495154153187,1
2020-05-08,2020,"Logistic",1,0.873797777232146,1
2020-05-11,2020,"Logistic",1,0.906497726206004,1
2020-05-12,2020,"Logistic",1,0.896093515739086,1
2020-05-13,2020,"Logistic",1,0.928133974325524,1
2020-05-14,2020,"Logistic",1,0.92670283386563,1
2020-05-15,2020,"Logistic",1,0.917151137701066,1
2020-05-18,2020,"Logistic",1,0.838828690054243,1
2020-05-19,2020,"Logistic",1,0.834254242137364,1
2020-05-20,2020,"Logistic",1,0.808923506207887,1
2020-05-22,2020,"Logistic",1,0.81459954032263,1
2020-05-25,2020,"Logistic",1,0.75548594240154,1
2020-05-26,2020,"Logistic",1,0.722558180512844,1
2020-05-27,2020,"Logistic",1,0.58515748584371,1
2020-05-28,2020,"Logistic",1,0.548245125649927,1
2020-05-29,2020,"Logistic",1,0.620693626913179,1
2020-06-02,2020,"Logistic",1,0.500815582605248,1
2020-06-03,2020,"Logistic",1,0.333446660770238,0
2020-06-04,2020,"Logistic",1,0.374345202389545,0
2020-06-05,2020,"Logistic",0,0.260340298509138,0
2020-06-08,2020,"Logistic",0,0.344364251405372,0
2020-06-09,2020,"Logistic",0,0.373223229777147,0
2020-06-10,2020,"Logistic",1,0.417062991125569,0
2020-06-11,2020,"Logistic",1,0.650180037056599,1
2020-06-12,2020,"Logistic",1,0.63308823265878,1
2020-06-15,2020,"Logistic",1,0.710688155989792,1
2020-06-16,2020,"Logistic",1,0.615727326815545,1
2020-06-17,2020,"Logistic",1,0.54495361660523,1
2020-06-18,2020,"Logistic",1,0.626169149793607,1
2020-06-19,2020,"Logistic",1,0.585993599613499,1
2020-06-22,2020,"Logistic",1,0.63248285456723,1
2020-06-23,2020,"Logistic",0,0.546956276018787,1
2020-06-24,2020,"Logistic",1,0.690280308994045,1
2020-06-25,2020,"Logistic",1,0.70883850074523,1
2020-06-26,2020,"Logistic",1,0.733366366476129,1
2020-06-29,2020,"Logistic",1,0.734526012472715,1
2020-06-30,2020,"Logistic",1,0.69610273466944,1
2020-07-01,2020,"Logistic",1,0.6983223279297,1
2020-07-02,2020,"Logistic",0,0.611342492303778,1
2020-07-03,2020,"Logistic",1,0.59680112320035,1
2020-07-06,2020,"Logistic",0,0.543579650354733,1
2020-07-07,2020,"Logistic",1,0.564590430242543,1
2020-07-08,2020,"Logistic",1,0.630328651619746,1
2020-07-09,2020,"Logistic",1,0.622786446937239,1
2020-07-10,2020,"Logistic",0,0.610163481794388,1
2020-07-13,2020,"Logistic",0,0.554864915775522,1
2020-07-14,2020,"Logistic",0,0.574813340713813,1
2020-07-15,2020,"Logistic",0,0.528146952496721,1
2020-07-16,2020,"Logistic",0,0.550958307534735,1
2020-07-17,2020,"Logistic",0,0.561510370029181,1
2020-07-20,2020,"Logistic",0,0.51890839141129,1
2020-07-21,2020,"Logistic",0,0.533253808401022,1
2020-07-22,2020,"Logistic",0,0.566999834717851,1
2020-07-23,2020,"Logistic",0,0.597995729149852,1
2020-07-24,2020,"Logistic",0,0.669150773297411,1
2020-07-27,2020,"Logistic",0,0.674083401721032,1
2020-07-28,2020,"Logistic",0,0.689206874829412,1
2020-07-29,2020,"Logistic",0,0.688322880753456,1
2020-07-30,2020,"Logistic",1,0.718905130822839,1
2020-07-31,2020,"Logistic",1,0.75414399692241,1
2020-08-03,2020,"Logistic",1,0.708872056136665,1
2020-08-04,2020,"Logistic",1,0.694112503442064,1
2020-08-05,2020,"Logistic",1,0.685079906839337,1
2020-08-06,2020,"Logistic",0,0.714004850251113,1
2020-08-07,2020,"Logistic",0,0.716245873956256,1
2020-08-10,2020,"Logistic",0,0.678487434766532,1
2020-08-11,2020,"Logistic",0,0.623602391194911,1
2020-08-12,2020,"Logistic",0,0.549246940016272,1
2020-08-13,2020,"Logistic",0,0.59973082366423,1
2020-08-14,2020,"Logistic",0,0.622826540058803,1
2020-08-17,2020,"Logistic",0,0.607104416191024,1
2020-08-18,2020,"Logistic",0,0.585082121597133,1
2020-08-19,2020,"Logistic",0,0.569456355015408,1
2020-08-20,2020,"Logistic",0,0.588839118614702,1
2020-08-21,2020,"Logistic",0,0.629133810909651,1
2020-08-24,2020,"Logistic",0,0.579290230414144,1
2020-08-25,2020,"Logistic",0,0.557240805982774,1
2020-08-26,2020,"Logistic",0,0.513424614218557,1
2020-08-27,2020,"Logistic",0,0.53607402915842,1
2020-08-28,2020,"Logistic",0,0.567606575496723,1
2020-08-31,2020,"Logistic",1,0.580277196055321,1
2020-09-01,2020,"Logistic",1,0.576193928509464,1
2020-09-02,2020,"Logistic",1,0.506440688504549,1
2020-09-03,2020,"Logistic",1,0.566545201478846,1
2020-09-04,2020,"Logistic",1,0.62049907526325,1
2020-09-07,2020,"Logistic",1,0.586568062929864,1
2020-09-08,2020,"Logistic",1,0.607883245956436,1
2020-09-09,2020,"Logistic",1,0.525197202219339,1
2020-09-10,2020,"Logistic",1,0.542181281679998,1
2020-09-11,2020,"Logistic",1,0.555754301031922,1
2020-09-14,2020,"Logistic",1,0.549404633353325,1
2020-09-15,2020,"Logistic",1,0.553972603781056,1
2020-09-16,2020,"Logistic",1,0.518267323866357,1
2020-09-17,2020,"Logistic",1,0.54257310979673,1
2020-09-18,2020,"Logistic",1,0.592823877017899,1
2020-09-21,2020,"Logistic",1,0.682014265267761,1
2020-09-22,2020,"Logistic",1,0.682375239238276,1
2020-09-23,2020,"Logistic",1,0.650836077037531,1
2020-09-24,2020,"Logistic",1,0.670098694802943,1
2020-09-25,2020,"Logistic",1,0.664577218066119,1
2020-09-28,2020,"Logistic",1,0.669791205922313,1
2020-09-29,2020,"Logistic",1,0.665166686666025,1
2020-09-30,2020,"Logistic",1,0.639347327583096,1
2020-10-01,2020,"Logistic",1,0.62591844657713,1
2020-10-02,2020,"Logistic",1,0.621049034796708,1
2020-10-05,2020,"Logistic",1,0.59879632836889,1
2020-10-06,2020,"Logistic",1,0.597361066107857,1
2020-10-07,2020,"Logistic",1,0.586596004819304,1
2020-10-08,2020,"Logistic",1,0.556581856157846,1
2020-10-09,2020,"Logistic",1,0.575666345008899,1
2020-10-12,2020,"Logistic",1,0.552301410202453,1
2020-10-13,2020,"Logistic",1,0.549074674008336,1
2020-10-14,2020,"Logistic",1,0.548326489004897,1
2020-10-15,2020,"Logistic",1,0.611283095047187,1
2020-10-16,2020,"Logistic",1,0.588701210972409,1
2020-10-19,2020,"Logistic",1,0.554995123979619,1
2020-10-20,2020,"Logistic",1,0.569937211389215,1
2020-10-21,2020,"Logistic",1,0.618028284473437,1
2020-10-22,2020,"Logistic",1,0.63342436089248,1
2020-10-23,2020,"Logistic",1,0.60813985077484,1
2020-10-26,2020,"Logistic",1,0.6691229403096,1
2020-10-27,2020,"Logistic",1,0.680599093962287,1
2020-10-28,2020,"Logistic",1,0.773741452795744,1
2020-10-29,2020,"Logistic",1,0.764450455537316,1
2020-10-30,2020,"Logistic",1,0.737722165696173,1
2020-11-02,2020,"Logistic",1,0.723394996361707,1
2020-11-03,2020,"Logistic",1,0.683269418391948,1
2020-11-04,2020,"Logistic",1,0.657553319464884,1
2020-11-05,2020,"Logistic",1,0.599574161801023,1
2020-11-06,2020,"Logistic",1,0.577834804129284,1
2020-11-09,2020,"Logistic",1,0.426537436529496,0
2020-11-10,2020,"Logistic",1,0.391747743627619,0
2020-11-11,2020,"Logistic",1,0.403291199826419,0
2020-11-12,2020,"Logistic",1,0.47097858013018,0
2020-11-13,2020,"Logistic",1,0.516962787726301,1
2020-11-16,2020,"Logistic",1,0.460340832945011,0
2020-11-17,2020,"Logistic",1,0.48990487923354,0
2020-11-18,2020,"Logistic",1,0.493540883520647,0
2020-11-19,2020,"Logistic",1,0.533153118586384,1
2020-11-20,2020,"Logistic",1,0.54681776439295,1
2020-11-23,2020,"Logistic",1,0.52836620598263,1
2020-11-24,2020,"Logistic",1,0.504819379393549,1
2020-11-25,2020,"Logistic",1,0.51121594494834,1
2020-11-26,2020,"Logistic",1,0.570980377021113,1
2020-11-27,2020,"Logistic",1,0.632771454397671,1
2020-11-30,2020,"Logistic",1,0.671754722787969,1
2020-12-01,2020,"Logistic",1,0.632601017754158,1
2020-12-02,2020,"Logistic",1,0.65589651452007,1
2020-12-03,2020,"Logistic",1,0.689737149979074,1
2020-12-04,2020,"Logistic",1,0.691477600577864,1
2020-12-07,2020,"Logistic",1,0.590289668276516,1
2020-12-08,2020,"Logistic",1,0.583388429784717,1
2020-12-09,2020,"Logistic",1,0.598235025680273,1
2020-12-10,2020,"Logistic",1,0.612347743023512,1
2020-12-11,2020,"Logistic",1,0.62675339363795,1
2020-12-14,2020,"Logistic",1,0.614323298886559,1
2020-12-15,2020,"Logistic",1,0.597530015955867,1
2020-12-16,2020,"Logistic",1,0.576037284376528,1
2020-12-17,2020,"Logistic",1,0.577346387874193,1
2020-12-18,2020,"Logistic",1,0.597002873096847,1
2020-12-21,2020,"Logistic",1,0.625008695837433,1
2020-12-22,2020,"Logistic",1,0.590283403418629,1
2020-12-23,2020,"Logistic",1,0.555818292617946,1
2020-12-28,2020,"Logistic",1,0.517414303837633,1
2020-12-29,2020,"Logistic",1,0.538252166263109,1
2020-12-30,2020,"Logistic",1,0.572853102399478,1
2020-01-03,2020,"DecisionTree",0,0.0625,0
2020-01-06,2020,"DecisionTree",0,0,0
2020-01-07,2020,"DecisionTree",0,0.0625,0
2020-01-08,2020,"DecisionTree",0,0.351351351351351,0
2020-01-09,2020,"DecisionTree",0,0.952380952380952,1
2020-01-10,2020,"DecisionTree",0,0.351351351351351,0
2020-01-13,2020,"DecisionTree",0,0.351351351351351,0
2020-01-14,2020,"DecisionTree",0,0.351351351351351,0
2020-01-15,2020,"DecisionTree",0,0.351351351351351,0
2020-01-16,2020,"DecisionTree",0,0.351351351351351,0
2020-01-17,2020,"DecisionTree",0,0.351351351351351,0
2020-01-20,2020,"DecisionTree",0,0.351351351351351,0
2020-01-21,2020,"DecisionTree",0,0.0625,0
2020-01-22,2020,"DecisionTree",0,0.351351351351351,0
2020-01-23,2020,"DecisionTree",0,0.194444444444444,0
2020-01-24,2020,"DecisionTree",0,0.351351351351351,0
2020-01-27,2020,"DecisionTree",0,0.881578947368421,1
2020-01-28,2020,"DecisionTree",0,0.666666666666667,1
2020-01-29,2020,"DecisionTree",0,0.666666666666667,1
2020-01-30,2020,"DecisionTree",0,0.666666666666667,1
2020-01-31,2020,"DecisionTree",0,0.280701754385965,0
2020-02-03,2020,"DecisionTree",0,0.280701754385965,0
2020-02-04,2020,"DecisionTree",0,0.789473684210526,1
2020-02-05,2020,"DecisionTree",0,0.714285714285714,1
2020-02-06,2020,"DecisionTree",0,0.714285714285714,1
2020-02-07,2020,"DecisionTree",0,0.714285714285714,1
2020-02-10,2020,"DecisionTree",0,0.714285714285714,1
2020-02-11,2020,"DecisionTree",0,0.714285714285714,1
2020-02-12,2020,"DecisionTree",0,0.714285714285714,1
2020-02-13,2020,"DecisionTree",0,0.714285714285714,1
2020-02-14,2020,"DecisionTree",0,0.788461538461539,1
2020-02-17,2020,"DecisionTree",0,0.788461538461539,1
2020-02-18,2020,"DecisionTree",0,0.788461538461539,1
2020-02-19,2020,"DecisionTree",0,0.0714285714285714,0
2020-02-20,2020,"DecisionTree",0,0.0714285714285714,0
2020-02-21,2020,"DecisionTree",0,0.0714285714285714,0
2020-02-24,2020,"DecisionTree",0,0.75,1
2020-02-25,2020,"DecisionTree",0,0.75,1
2020-02-26,2020,"DecisionTree",0,0.75,1
2020-02-27,2020,"DecisionTree",0,0.9,1
2020-02-28,2020,"DecisionTree",0,1,1
2020-03-02,2020,"DecisionTree",0,1,1
2020-03-03,2020,"DecisionTree",0,1,1
2020-03-04,2020,"DecisionTree",0,0.6875,1
2020-03-05,2020,"DecisionTree",0,1,1
2020-03-06,2020,"DecisionTree",0,0.232558139534884,0
2020-03-09,2020,"DecisionTree",0,0.91869918699187,1
2020-03-10,2020,"DecisionTree",1,0.91869918699187,1
2020-03-11,2020,"DecisionTree",1,0.91869918699187,1
2020-03-12,2020,"DecisionTree",1,0.91869918699187,1
2020-03-13,2020,"DecisionTree",1,0.91869918699187,1
2020-03-16,2020,"DecisionTree",1,0.91869918699187,1
2020-03-17,2020,"DecisionTree",1,0.91869918699187,1
2020-03-18,2020,"DecisionTree",1,0.91869918699187,1
2020-03-19,2020,"DecisionTree",1,0.91869918699187,1
2020-03-20,2020,"DecisionTree",1,0.91869918699187,1
2020-03-23,2020,"DecisionTree",1,0.91869918699187,1
2020-03-24,2020,"DecisionTree",1,0.91869918699187,1
2020-03-25,2020,"DecisionTree",1,0.91869918699187,1
2020-03-26,2020,"DecisionTree",1,0.91869918699187,1
2020-03-27,2020,"DecisionTree",1,0.91869918699187,1
2020-03-30,2020,"DecisionTree",1,0.91869918699187,1
2020-03-31,2020,"DecisionTree",1,0.91869918699187,1
2020-04-01,2020,"DecisionTree",1,0.91869918699187,1
2020-04-02,2020,"DecisionTree",1,0.91869918699187,1
2020-04-03,2020,"DecisionTree",1,0.91869918699187,1
2020-04-06,2020,"DecisionTree",1,0.91869918699187,1
2020-04-07,2020,"DecisionTree",1,0.270833333333333,0
2020-04-08,2020,"DecisionTree",1,0.270833333333333,0
2020-04-09,2020,"DecisionTree",1,0.270833333333333,0
2020-04-14,2020,"DecisionTree",1,0.270833333333333,0
2020-04-15,2020,"DecisionTree",1,0.270833333333333,0
2020-04-16,2020,"DecisionTree",1,0.270833333333333,0
2020-04-17,2020,"DecisionTree",1,0.270833333333333,0
2020-04-20,2020,"DecisionTree",1,0.270833333333333,0
2020-04-21,2020,"DecisionTree",1,0.270833333333333,0
2020-04-22,2020,"DecisionTree",1,0.91869918699187,1
2020-04-23,2020,"DecisionTree",1,0.91869918699187,1
2020-04-24,2020,"DecisionTree",1,0.91869918699187,1
2020-04-27,2020,"DecisionTree",1,0.91869918699187,1
2020-04-28,2020,"DecisionTree",1,0.91869918699187,1
2020-04-29,2020,"DecisionTree",1,0.270833333333333,0
2020-04-30,2020,"DecisionTree",1,0.270833333333333,0
2020-05-04,2020,"DecisionTree",1,0.91869918699187,1
2020-05-05,2020,"DecisionTree",1,0.91869918699187,1
2020-05-06,2020,"DecisionTree",1,0.91869918699187,1
2020-05-07,2020,"DecisionTree",1,0.91869918699187,1
2020-05-08,2020,"DecisionTree",1,0.91869918699187,1
2020-05-11,2020,"DecisionTree",1,0.91869918699187,1
2020-05-12,2020,"DecisionTree",1,0.91869918699187,1
2020-05-13,2020,"DecisionTree",1,0.91869918699187,1
2020-05-14,2020,"DecisionTree",1,0.91869918699187,1
2020-05-15,2020,"DecisionTree",1,0.91869918699187,1
2020-05-18,2020,"DecisionTree",1,0.91869918699187,1
2020-05-19,2020,"DecisionTree",1,0.91869918699187,1
2020-05-20,2020,"DecisionTree",1,0.91869918699187,1
2020-05-22,2020,"DecisionTree",1,0.91869918699187,1
2020-05-25,2020,"DecisionTree",1,0.91869918699187,1
2020-05-26,2020,"DecisionTree",1,0.91869918699187,1
2020-05-27,2020,"DecisionTree",1,0.91869918699187,1
2020-05-28,2020,"DecisionTree",1,0.91869918699187,1
2020-05-29,2020,"DecisionTree",1,0.270833333333333,0
2020-06-02,2020,"DecisionTree",1,0.821428571428572,1
2020-06-03,2020,"DecisionTree",1,0.821428571428572,1
2020-06-04,2020,"DecisionTree",1,0.821428571428572,1
2020-06-05,2020,"DecisionTree",0,0.821428571428572,1
2020-06-08,2020,"DecisionTree",0,0.821428571428572,1
2020-06-09,2020,"DecisionTree",0,0.821428571428572,1
2020-06-10,2020,"DecisionTree",1,0.821428571428572,1
2020-06-11,2020,"DecisionTree",1,0.270833333333333,0
2020-06-12,2020,"DecisionTree",1,0.270833333333333,0
2020-06-15,2020,"DecisionTree",1,0.270833333333333,0
2020-06-16,2020,"DecisionTree",1,0.270833333333333,0
2020-06-17,2020,"DecisionTree",1,0.270833333333333,0
2020-06-18,2020,"DecisionTree",1,0.270833333333333,0
2020-06-19,2020,"DecisionTree",1,0.270833333333333,0
2020-06-22,2020,"DecisionTree",1,0.270833333333333,0
2020-06-23,2020,"DecisionTree",0,0.91869918699187,1
2020-06-24,2020,"DecisionTree",1,0.91869918699187,1
2020-06-25,2020,"DecisionTree",1,0.91869918699187,1
2020-06-26,2020,"DecisionTree",1,0.91869918699187,1
2020-06-29,2020,"DecisionTree",1,0.91869918699187,1
2020-06-30,2020,"DecisionTree",1,0.91869918699187,1
2020-07-01,2020,"DecisionTree",1,0.91869918699187,1
2020-07-02,2020,"DecisionTree",0,0.91869918699187,1
2020-07-03,2020,"DecisionTree",1,0.91869918699187,1
2020-07-06,2020,"DecisionTree",0,0.91869918699187,1
2020-07-07,2020,"DecisionTree",1,0.91869918699187,1
2020-07-08,2020,"DecisionTree",1,0.91869918699187,1
2020-07-09,2020,"DecisionTree",1,0.91869918699187,1
2020-07-10,2020,"DecisionTree",0,0.91869918699187,1
2020-07-13,2020,"DecisionTree",0,0.91869918699187,1
2020-07-14,2020,"DecisionTree",0,0.212903225806452,0
2020-07-15,2020,"DecisionTree",0,0.91869918699187,1
2020-07-16,2020,"DecisionTree",0,0.91869918699187,1
2020-07-17,2020,"DecisionTree",0,0.91869918699187,1
2020-07-20,2020,"DecisionTree",0,0.212903225806452,0
2020-07-21,2020,"DecisionTree",0,0.212903225806452,0
2020-07-22,2020,"DecisionTree",0,0.212903225806452,0
2020-07-23,2020,"DecisionTree",0,0.212903225806452,0
2020-07-24,2020,"DecisionTree",0,0.385714285714286,0
2020-07-27,2020,"DecisionTree",0,0.2,0
2020-07-28,2020,"DecisionTree",0,0.2,0
2020-07-29,2020,"DecisionTree",0,0.75,1
2020-07-30,2020,"DecisionTree",1,0.690140845070423,1
2020-07-31,2020,"DecisionTree",1,0.690140845070423,1
2020-08-03,2020,"DecisionTree",1,0.791666666666667,1
2020-08-04,2020,"DecisionTree",1,0.791666666666667,1
2020-08-05,2020,"DecisionTree",1,0.791666666666667,1
2020-08-06,2020,"DecisionTree",0,0.791666666666667,1
2020-08-07,2020,"DecisionTree",0,0.791666666666667,1
2020-08-10,2020,"DecisionTree",0,0.791666666666667,1
2020-08-11,2020,"DecisionTree",0,0.67816091954023,1
2020-08-12,2020,"DecisionTree",0,0.385714285714286,0
2020-08-13,2020,"DecisionTree",0,0.37037037037037,0
2020-08-14,2020,"DecisionTree",0,0.37037037037037,0
2020-08-17,2020,"DecisionTree",0,0.67816091954023,1
2020-08-18,2020,"DecisionTree",0,0.791666666666667,1
2020-08-19,2020,"DecisionTree",0,0.67816091954023,1
2020-08-20,2020,"DecisionTree",0,0.791666666666667,1
2020-08-21,2020,"DecisionTree",0,0.791666666666667,1
2020-08-24,2020,"DecisionTree",0,0.67816091954023,1
2020-08-25,2020,"DecisionTree",0,0.67816091954023,1
2020-08-26,2020,"DecisionTree",0,0.67816091954023,1
2020-08-27,2020,"DecisionTree",0,0.67816091954023,1
2020-08-28,2020,"DecisionTree",0,0.67816091954023,1
2020-08-31,2020,"DecisionTree",1,0.791666666666667,1
2020-09-01,2020,"DecisionTree",1,0.791666666666667,1
2020-09-02,2020,"DecisionTree",1,0.67816091954023,1
2020-09-03,2020,"DecisionTree",1,0.791666666666667,1
2020-09-04,2020,"DecisionTree",1,0.791666666666667,1
2020-09-07,2020,"DecisionTree",1,0.67816091954023,1
2020-09-08,2020,"DecisionTree",1,0.791666666666667,1
2020-09-09,2020,"DecisionTree",1,0.67816091954023,1
2020-09-10,2020,"DecisionTree",1,0.67816091954023,1
2020-09-11,2020,"DecisionTree",1,0.67816091954023,1
2020-09-14,2020,"DecisionTree",1,0.67816091954023,1
2020-09-15,2020,"DecisionTree",1,0.67816091954023,1
2020-09-16,2020,"DecisionTree",1,0.67816091954023,1
2020-09-17,2020,"DecisionTree",1,0.67816091954023,1
2020-09-18,2020,"DecisionTree",1,0.791666666666667,1
2020-09-21,2020,"DecisionTree",1,0.690140845070423,1
2020-09-22,2020,"DecisionTree",1,0.292682926829268,0
2020-09-23,2020,"DecisionTree",1,0.690140845070423,1
2020-09-24,2020,"DecisionTree",1,0.690140845070423,1
2020-09-25,2020,"DecisionTree",1,0.690140845070423,1
2020-09-28,2020,"DecisionTree",1,0.82051282051282,1
2020-09-29,2020,"DecisionTree",1,0.82051282051282,1
2020-09-30,2020,"DecisionTree",1,0.690140845070423,1
2020-10-01,2020,"DecisionTree",1,0.292682926829268,0
2020-10-02,2020,"DecisionTree",1,0.292682926829268,0
2020-10-05,2020,"DecisionTree",1,0.791666666666667,1
2020-10-06,2020,"DecisionTree",1,0.791666666666667,1
2020-10-07,2020,"DecisionTree",1,0.791666666666667,1
2020-10-08,2020,"DecisionTree",1,0.67816091954023,1
2020-10-09,2020,"DecisionTree",1,0.37037037037037,0
2020-10-12,2020,"DecisionTree",1,0.67816091954023,1
2020-10-13,2020,"DecisionTree",1,0.67816091954023,1
2020-10-14,2020,"DecisionTree",1,0.67816091954023,1
2020-10-15,2020,"DecisionTree",1,0.75,1
2020-10-16,2020,"DecisionTree",1,0.75,1
2020-10-19,2020,"DecisionTree",1,0.75,1
2020-10-20,2020,"DecisionTree",1,0.75,1
2020-10-21,2020,"DecisionTree",1,0.75,1
2020-10-22,2020,"DecisionTree",1,0.75,1
2020-10-23,2020,"DecisionTree",1,0.75,1
2020-10-26,2020,"DecisionTree",1,0.690140845070423,1
2020-10-27,2020,"DecisionTree",1,0.690140845070423,1
2020-10-28,2020,"DecisionTree",1,0.690140845070423,1
2020-10-29,2020,"DecisionTree",1,0.690140845070423,1
2020-10-30,2020,"DecisionTree",1,0.854166666666667,1
2020-11-02,2020,"DecisionTree",1,0.194444444444444,0
2020-11-03,2020,"DecisionTree",1,0.82051282051282,1
2020-11-04,2020,"DecisionTree",1,0.82051282051282,1
2020-11-05,2020,"DecisionTree",1,0.82051282051282,1
2020-11-06,2020,"DecisionTree",1,0.82051282051282,1
2020-11-09,2020,"DecisionTree",1,0.91869918699187,1
2020-11-10,2020,"DecisionTree",1,0.91869918699187,1
2020-11-11,2020,"DecisionTree",1,0.91869918699187,1
2020-11-12,2020,"DecisionTree",1,0.821428571428572,1
2020-11-13,2020,"DecisionTree",1,0.821428571428572,1
2020-11-16,2020,"DecisionTree",1,0.821428571428572,1
2020-11-17,2020,"DecisionTree",1,0.821428571428572,1
2020-11-18,2020,"DecisionTree",1,0.821428571428572,1
2020-11-19,2020,"DecisionTree",1,0.821428571428572,1
2020-11-20,2020,"DecisionTree",1,0.821428571428572,1
2020-11-23,2020,"DecisionTree",1,0.821428571428572,1
2020-11-24,2020,"DecisionTree",1,0.821428571428572,1
2020-11-25,2020,"DecisionTree",1,0.821428571428572,1
2020-11-26,2020,"DecisionTree",1,0.821428571428572,1
2020-11-27,2020,"DecisionTree",1,0.821428571428572,1
2020-11-30,2020,"DecisionTree",1,0.821428571428572,1
2020-12-01,2020,"DecisionTree",1,0.821428571428572,1
2020-12-02,2020,"DecisionTree",1,0.821428571428572,1
2020-12-03,2020,"DecisionTree",1,0.82051282051282,1
2020-12-04,2020,"DecisionTree",1,0.82051282051282,1
2020-12-07,2020,"DecisionTree",1,0.09375,0
2020-12-08,2020,"DecisionTree",1,0.09375,0
2020-12-09,2020,"DecisionTree",1,0.09375,0
2020-12-10,2020,"DecisionTree",1,0.09375,0
2020-12-11,2020,"DecisionTree",1,0.785714285714286,1
2020-12-14,2020,"DecisionTree",1,0.785714285714286,1
2020-12-15,2020,"DecisionTree",1,0.09375,0
2020-12-16,2020,"DecisionTree",1,0.09375,0
2020-12-17,2020,"DecisionTree",1,0.09375,0
2020-12-18,2020,"DecisionTree",1,0.09375,0
2020-12-21,2020,"DecisionTree",1,0.75,1
2020-12-22,2020,"DecisionTree",1,0.385714285714286,0
2020-12-23,2020,"DecisionTree",1,0.212903225806452,0
2020-12-28,2020,"DecisionTree",1,0.212903225806452,0
2020-12-29,2020,"DecisionTree",1,0.212903225806452,0
2020-12-30,2020,"DecisionTree",1,0.212903225806452,0
2020-01-03,2020,"RandomForest",0,0.276,0
2020-01-06,2020,"RandomForest",0,0.482,0
2020-01-07,2020,"RandomForest",0,0.61,1
2020-01-08,2020,"RandomForest",0,0.666,1
2020-01-09,2020,"RandomForest",0,0.704,1
2020-01-10,2020,"RandomForest",0,0.706,1
2020-01-13,2020,"RandomForest",0,0.462,0
2020-01-14,2020,"RandomForest",0,0.448,0
2020-01-15,2020,"RandomForest",0,0.424,0
2020-01-16,2020,"RandomForest",0,0.528,1
2020-01-17,2020,"RandomForest",0,0.656,1
2020-01-20,2020,"RandomForest",0,0.626,1
2020-01-21,2020,"RandomForest",0,0.488,0
2020-01-22,2020,"RandomForest",0,0.532,1
2020-01-23,2020,"RandomForest",0,0.662,1
2020-01-24,2020,"RandomForest",0,0.352,0
2020-01-27,2020,"RandomForest",0,0.746,1
2020-01-28,2020,"RandomForest",0,0.588,1
2020-01-29,2020,"RandomForest",0,0.58,1
2020-01-30,2020,"RandomForest",0,0.606,1
2020-01-31,2020,"RandomForest",0,0.486,0
2020-02-03,2020,"RandomForest",0,0.602,1
2020-02-04,2020,"RandomForest",0,0.722,1
2020-02-05,2020,"RandomForest",0,0.536,1
2020-02-06,2020,"RandomForest",0,0.588,1
2020-02-07,2020,"RandomForest",0,0.55,1
2020-02-10,2020,"RandomForest",0,0.532,1
2020-02-11,2020,"RandomForest",0,0.582,1
2020-02-12,2020,"RandomForest",0,0.65,1
2020-02-13,2020,"RandomForest",0,0.65,1
2020-02-14,2020,"RandomForest",0,0.712,1
2020-02-17,2020,"RandomForest",0,0.554,1
2020-02-18,2020,"RandomForest",0,0.448,0
2020-02-19,2020,"RandomForest",0,0.434,0
2020-02-20,2020,"RandomForest",0,0.396,0
2020-02-21,2020,"RandomForest",0,0.424,0
2020-02-24,2020,"RandomForest",0,0.724,1
2020-02-25,2020,"RandomForest",0,0.742,1
2020-02-26,2020,"RandomForest",0,0.714,1
2020-02-27,2020,"RandomForest",0,0.566,1
2020-02-28,2020,"RandomForest",0,0.662,1
2020-03-02,2020,"RandomForest",0,0.776,1
2020-03-03,2020,"RandomForest",0,0.824,1
2020-03-04,2020,"RandomForest",0,0.736,1
2020-03-05,2020,"RandomForest",0,0.852,1
2020-03-06,2020,"RandomForest",0,0.826,1
2020-03-09,2020,"RandomForest",0,0.968,1
2020-03-10,2020,"RandomForest",1,0.968,1
2020-03-11,2020,"RandomForest",1,0.968,1
2020-03-12,2020,"RandomForest",1,0.97,1
2020-03-13,2020,"RandomForest",1,0.972,1
2020-03-16,2020,"RandomForest",1,0.97,1
2020-03-17,2020,"RandomForest",1,0.97,1
2020-03-18,2020,"RandomForest",1,0.97,1
2020-03-19,2020,"RandomForest",1,0.968,1
2020-03-20,2020,"RandomForest",1,0.97,1
2020-03-23,2020,"RandomForest",1,0.978,1
2020-03-24,2020,"RandomForest",1,0.786,1
2020-03-25,2020,"RandomForest",1,0.752,1
2020-03-26,2020,"RandomForest",1,0.57,1
2020-03-27,2020,"RandomForest",1,0.714,1
2020-03-30,2020,"RandomForest",1,0.676,1
2020-03-31,2020,"RandomForest",1,0.666,1
2020-04-01,2020,"RandomForest",1,0.898,1
2020-04-02,2020,"RandomForest",1,0.896,1
2020-04-03,2020,"RandomForest",1,0.912,1
2020-04-06,2020,"RandomForest",1,0.638,1
2020-04-07,2020,"RandomForest",1,0.486,0
2020-04-08,2020,"RandomForest",1,0.54,1
2020-04-09,2020,"RandomForest",1,0.336,0
2020-04-14,2020,"RandomForest",1,0.264,0
2020-04-15,2020,"RandomForest",1,0.638,1
2020-04-16,2020,"RandomForest",1,0.61,1
2020-04-17,2020,"RandomForest",1,0.438,0
2020-04-20,2020,"RandomForest",1,0.394,0
2020-04-21,2020,"RandomForest",1,0.718,1
2020-04-22,2020,"RandomForest",1,0.804,1
2020-04-23,2020,"RandomForest",1,0.932,1
2020-04-24,2020,"RandomForest",1,0.954,1
2020-04-27,2020,"RandomForest",1,0.908,1
2020-04-28,2020,"RandomForest",1,0.648,1
2020-04-29,2020,"RandomForest",1,0.242,0
2020-04-30,2020,"RandomForest",1,0.674,1
2020-05-04,2020,"RandomForest",1,0.966,1
2020-05-05,2020,"RandomForest",1,0.914,1
2020-05-06,2020,"RandomForest",1,0.928,1
2020-05-07,2020,"RandomForest",1,0.938,1
2020-05-08,2020,"RandomForest",1,0.91,1
2020-05-11,2020,"RandomForest",1,0.922,1
2020-05-12,2020,"RandomForest",1,0.926,1
2020-05-13,2020,"RandomForest",1,0.91,1
2020-05-14,2020,"RandomForest",1,0.938,1
2020-05-15,2020,"RandomForest",1,0.938,1
2020-05-18,2020,"RandomForest",1,0.86,1
2020-05-19,2020,"RandomForest",1,0.846,1
2020-05-20,2020,"RandomForest",1,0.68,1
2020-05-22,2020,"RandomForest",1,0.822,1
2020-05-25,2020,"RandomForest",1,0.568,1
2020-05-26,2020,"RandomForest",1,0.568,1
2020-05-27,2020,"RandomForest",1,0.63,1
2020-05-28,2020,"RandomForest",1,0.606,1
2020-05-29,2020,"RandomForest",1,0.49,0
2020-06-02,2020,"RandomForest",1,0.414,0
2020-06-03,2020,"RandomForest",1,0.38,0
2020-06-04,2020,"RandomForest",1,0.35,0
2020-06-05,2020,"RandomForest",0,0.386,0
2020-06-08,2020,"RandomForest",0,0.404,0
2020-06-09,2020,"RandomForest",0,0.378,0
2020-06-10,2020,"RandomForest",1,0.388,0
2020-06-11,2020,"RandomForest",1,0.57,1
2020-06-12,2020,"RandomForest",1,0.586,1
2020-06-15,2020,"RandomForest",1,0.7,1
2020-06-16,2020,"RandomForest",1,0.552,1
2020-06-17,2020,"RandomForest",1,0.442,0
2020-06-18,2020,"RandomForest",1,0.408,0
2020-06-19,2020,"RandomForest",1,0.298,0
2020-06-22,2020,"RandomForest",1,0.482,0
2020-06-23,2020,"RandomForest",0,0.56,1
2020-06-24,2020,"RandomForest",1,0.868,1
2020-06-25,2020,"RandomForest",1,0.842,1
2020-06-26,2020,"RandomForest",1,0.904,1
2020-06-29,2020,"RandomForest",1,0.814,1
2020-06-30,2020,"RandomForest",1,0.806,1
2020-07-01,2020,"RandomForest",1,0.842,1
2020-07-02,2020,"RandomForest",0,0.772,1
2020-07-03,2020,"RandomForest",1,0.82,1
2020-07-06,2020,"RandomForest",0,0.832,1
2020-07-07,2020,"RandomForest",1,0.802,1
2020-07-08,2020,"RandomForest",1,0.798,1
2020-07-09,2020,"RandomForest",1,0.864,1
2020-07-10,2020,"RandomForest",0,0.794,1
2020-07-13,2020,"RandomForest",0,0.746,1
2020-07-14,2020,"RandomForest",0,0.664,1
2020-07-15,2020,"RandomForest",0,0.738,1
2020-07-16,2020,"RandomForest",0,0.654,1
2020-07-17,2020,"RandomForest",0,0.648,1
2020-07-20,2020,"RandomForest",0,0.572,1
2020-07-21,2020,"RandomForest",0,0.456,0
2020-07-22,2020,"RandomForest",0,0.49,0
2020-07-23,2020,"RandomForest",0,0.492,0
2020-07-24,2020,"RandomForest",0,0.536,1
2020-07-27,2020,"RandomForest",0,0.51,1
2020-07-28,2020,"RandomForest",0,0.56,1
2020-07-29,2020,"RandomForest",0,0.596,1
2020-07-30,2020,"RandomForest",1,0.338,0
2020-07-31,2020,"RandomForest",1,0.416,0
2020-08-03,2020,"RandomForest",1,0.524,1
2020-08-04,2020,"RandomForest",1,0.582,1
2020-08-05,2020,"RandomForest",1,0.706,1
2020-08-06,2020,"RandomForest",0,0.598,1
2020-08-07,2020,"RandomForest",0,0.76,1
2020-08-10,2020,"RandomForest",0,0.8,1
2020-08-11,2020,"RandomForest",0,0.642,1
2020-08-12,2020,"RandomForest",0,0.452,0
2020-08-13,2020,"RandomForest",0,0.654,1
2020-08-14,2020,"RandomForest",0,0.658,1
2020-08-17,2020,"RandomForest",0,0.674,1
2020-08-18,2020,"RandomForest",0,0.626,1
2020-08-19,2020,"RandomForest",0,0.7,1
2020-08-20,2020,"RandomForest",0,0.676,1
2020-08-21,2020,"RandomForest",0,0.83,1
2020-08-24,2020,"RandomForest",0,0.734,1
2020-08-25,2020,"RandomForest",0,0.784,1
2020-08-26,2020,"RandomForest",0,0.53,1
2020-08-27,2020,"RandomForest",0,0.738,1
2020-08-28,2020,"RandomForest",0,0.726,1
2020-08-31,2020,"RandomForest",1,0.794,1
2020-09-01,2020,"RandomForest",1,0.738,1
2020-09-02,2020,"RandomForest",1,0.736,1
2020-09-03,2020,"RandomForest",1,0.716,1
2020-09-04,2020,"RandomForest",1,0.722,1
2020-09-07,2020,"RandomForest",1,0.748,1
2020-09-08,2020,"RandomForest",1,0.676,1
2020-09-09,2020,"RandomForest",1,0.628,1
2020-09-10,2020,"RandomForest",1,0.658,1
2020-09-11,2020,"RandomForest",1,0.702,1
2020-09-14,2020,"RandomForest",1,0.622,1
2020-09-15,2020,"RandomForest",1,0.716,1
2020-09-16,2020,"RandomForest",1,0.738,1
2020-09-17,2020,"RandomForest",1,0.674,1
2020-09-18,2020,"RandomForest",1,0.678,1
2020-09-21,2020,"RandomForest",1,0.484,0
2020-09-22,2020,"RandomForest",1,0.454,0
2020-09-23,2020,"RandomForest",1,0.566,1
2020-09-24,2020,"RandomForest",1,0.604,1
2020-09-25,2020,"RandomForest",1,0.622,1
2020-09-28,2020,"RandomForest",1,0.796,1
2020-09-29,2020,"RandomForest",1,0.796,1
2020-09-30,2020,"RandomForest",1,0.696,1
2020-10-01,2020,"RandomForest",1,0.714,1
2020-10-02,2020,"RandomForest",1,0.66,1
2020-10-05,2020,"RandomForest",1,0.75,1
2020-10-06,2020,"RandomForest",1,0.72,1
2020-10-07,2020,"RandomForest",1,0.778,1
2020-10-08,2020,"RandomForest",1,0.566,1
2020-10-09,2020,"RandomForest",1,0.408,0
2020-10-12,2020,"RandomForest",1,0.716,1
2020-10-13,2020,"RandomForest",1,0.644,1
2020-10-14,2020,"RandomForest",1,0.626,1
2020-10-15,2020,"RandomForest",1,0.662,1
2020-10-16,2020,"RandomForest",1,0.656,1
2020-10-19,2020,"RandomForest",1,0.562,1
2020-10-20,2020,"RandomForest",1,0.692,1
2020-10-21,2020,"RandomForest",1,0.622,1
2020-10-22,2020,"RandomForest",1,0.504,1
2020-10-23,2020,"RandomForest",1,0.662,1
2020-10-26,2020,"RandomForest",1,0.572,1
2020-10-27,2020,"RandomForest",1,0.662,1
2020-10-28,2020,"RandomForest",1,0.71,1
2020-10-29,2020,"RandomForest",1,0.626,1
2020-10-30,2020,"RandomForest",1,0.608,1
2020-11-02,2020,"RandomForest",1,0.41,0
2020-11-03,2020,"RandomForest",1,0.494,0
2020-11-04,2020,"RandomForest",1,0.628,1
2020-11-05,2020,"RandomForest",1,0.462,0
2020-11-06,2020,"RandomForest",1,0.448,0
2020-11-09,2020,"RandomForest",1,0.802,1
2020-11-10,2020,"RandomForest",1,0.756,1
2020-11-11,2020,"RandomForest",1,0.768,1
2020-11-12,2020,"RandomForest",1,0.88,1
2020-11-13,2020,"RandomForest",1,0.784,1
2020-11-16,2020,"RandomForest",1,0.828,1
2020-11-17,2020,"RandomForest",1,0.78,1
2020-11-18,2020,"RandomForest",1,0.78,1
2020-11-19,2020,"RandomForest",1,0.858,1
2020-11-20,2020,"RandomForest",1,0.85,1
2020-11-23,2020,"RandomForest",1,0.838,1
2020-11-24,2020,"RandomForest",1,0.844,1
2020-11-25,2020,"RandomForest",1,0.848,1
2020-11-26,2020,"RandomForest",1,0.832,1
2020-11-27,2020,"RandomForest",1,0.722,1
2020-11-30,2020,"RandomForest",1,0.73,1
2020-12-01,2020,"RandomForest",1,0.634,1
2020-12-02,2020,"RandomForest",1,0.566,1
2020-12-03,2020,"RandomForest",1,0.578,1
2020-12-04,2020,"RandomForest",1,0.544,1
2020-12-07,2020,"RandomForest",1,0.502,1
2020-12-08,2020,"RandomForest",1,0.502,1
2020-12-09,2020,"RandomForest",1,0.502,1
2020-12-10,2020,"RandomForest",1,0.532,1
2020-12-11,2020,"RandomForest",1,0.654,1
2020-12-14,2020,"RandomForest",1,0.562,1
2020-12-15,2020,"RandomForest",1,0.564,1
2020-12-16,2020,"RandomForest",1,0.422,0
2020-12-17,2020,"RandomForest",1,0.426,0
2020-12-18,2020,"RandomForest",1,0.442,0
2020-12-21,2020,"RandomForest",1,0.64,1
2020-12-22,2020,"RandomForest",1,0.418,0
2020-12-23,2020,"RandomForest",1,0.286,0
2020-12-28,2020,"RandomForest",1,0.21,0
2020-12-29,2020,"RandomForest",1,0.146,0
2020-12-30,2020,"RandomForest",1,0.236,0
2020-01-03,2020,"Random",0,0.579936051159072,1
2020-01-06,2020,"Random",0,0.579936051159072,0
2020-01-07,2020,"Random",0,0.579936051159072,0
2020-01-08,2020,"Random",0,0.579936051159072,0
2020-01-09,2020,"Random",0,0.579936051159072,1
2020-01-10,2020,"Random",0,0.579936051159072,1
2020-01-13,2020,"Random",0,0.579936051159072,0
2020-01-14,2020,"Random",0,0.579936051159072,1
2020-01-15,2020,"Random",0,0.579936051159072,1
2020-01-16,2020,"Random",0,0.579936051159072,1
2020-01-17,2020,"Random",0,0.579936051159072,1
2020-01-20,2020,"Random",0,0.579936051159072,0
2020-01-21,2020,"Random",0,0.579936051159072,1
2020-01-22,2020,"Random",0,0.579936051159072,1
2020-01-23,2020,"Random",0,0.579936051159072,1
2020-01-24,2020,"Random",0,0.579936051159072,0
2020-01-27,2020,"Random",0,0.579936051159072,0
2020-01-28,2020,"Random",0,0.579936051159072,0
2020-01-29,2020,"Random",0,0.579936051159072,0
2020-01-30,2020,"Random",0,0.579936051159072,1
2020-01-31,2020,"Random",0,0.579936051159072,1
2020-02-03,2020,"Random",0,0.579936051159072,1
2020-02-04,2020,"Random",0,0.579936051159072,0
2020-02-05,2020,"Random",0,0.579936051159072,1
2020-02-06,2020,"Random",0,0.579936051159072,0
2020-02-07,2020,"Random",0,0.579936051159072,0
2020-02-10,2020,"Random",0,0.579936051159072,1
2020-02-11,2020,"Random",0,0.579936051159072,0
2020-02-12,2020,"Random",0,0.579936051159072,0
2020-02-13,2020,"Random",0,0.579936051159072,0
2020-02-14,2020,"Random",0,0.579936051159072,0
2020-02-17,2020,"Random",0,0.579936051159072,1
2020-02-18,2020,"Random",0,0.579936051159072,1
2020-02-19,2020,"Random",0,0.579936051159072,1
2020-02-20,2020,"Random",0,0.579936051159072,1
2020-02-21,2020,"Random",0,0.579936051159072,1
2020-02-24,2020,"Random",0,0.579936051159072,1
2020-02-25,2020,"Random",0,0.579936051159072,1
2020-02-26,2020,"Random",0,0.579936051159072,1
2020-02-27,2020,"Random",0,0.579936051159072,1
2020-02-28,2020,"Random",0,0.579936051159072,1
2020-03-02,2020,"Random",0,0.579936051159072,1
2020-03-03,2020,"Random",0,0.579936051159072,0
2020-03-04,2020,"Random",0,0.579936051159072,0
2020-03-05,2020,"Random",0,0.579936051159072,1
2020-03-06,2020,"Random",0,0.579936051159072,1
2020-03-09,2020,"Random",0,0.579936051159072,1
2020-03-10,2020,"Random",1,0.579936051159072,0
2020-03-11,2020,"Random",1,0.579936051159072,1
2020-03-12,2020,"Random",1,0.579936051159072,1
2020-03-13,2020,"Random",1,0.579936051159072,0
2020-03-16,2020,"Random",1,0.579936051159072,0
2020-03-17,2020,"Random",1,0.579936051159072,1
2020-03-18,2020,"Random",1,0.579936051159072,1
2020-03-19,2020,"Random",1,0.579936051159072,0
2020-03-20,2020,"Random",1,0.579936051159072,1
2020-03-23,2020,"Random",1,0.579936051159072,0
2020-03-24,2020,"Random",1,0.579936051159072,1
2020-03-25,2020,"Random",1,0.579936051159072,0
2020-03-26,2020,"Random",1,0.579936051159072,0
2020-03-27,2020,"Random",1,0.579936051159072,1
2020-03-30,2020,"Random",1,0.579936051159072,0
2020-03-31,2020,"Random",1,0.579936051159072,1
2020-04-01,2020,"Random",1,0.579936051159072,1
2020-04-02,2020,"Random",1,0.579936051159072,0
2020-04-03,2020,"Random",1,0.579936051159072,0
2020-04-06,2020,"Random",1,0.579936051159072,1
2020-04-07,2020,"Random",1,0.579936051159072,0
2020-04-08,2020,"Random",1,0.579936051159072,1
2020-04-09,2020,"Random",1,0.579936051159072,1
2020-04-14,2020,"Random",1,0.579936051159072,1
2020-04-15,2020,"Random",1,0.579936051159072,1
2020-04-16,2020,"Random",1,0.579936051159072,1
2020-04-17,2020,"Random",1,0.579936051159072,1
2020-04-20,2020,"Random",1,0.579936051159072,1
2020-04-21,2020,"Random",1,0.579936051159072,0
2020-04-22,2020,"Random",1,0.579936051159072,1
2020-04-23,2020,"Random",1,0.579936051159072,0
2020-04-24,2020,"Random",1,0.579936051159072,1
2020-04-27,2020,"Random",1,0.579936051159072,1
2020-04-28,2020,"Random",1,0.579936051159072,1
2020-04-29,2020,"Random",1,0.579936051159072,0
2020-04-30,2020,"Random",1,0.579936051159072,0
2020-05-04,2020,"Random",1,0.579936051159072,1
2020-05-05,2020,"Random",1,0.579936051159072,0
2020-05-06,2020,"Random",1,0.579936051159072,1
2020-05-07,2020,"Random",1,0.579936051159072,1
2020-05-08,2020,"Random",1,0.579936051159072,0
2020-05-11,2020,"Random",1,0.579936051159072,1
2020-05-12,2020,"Random",1,0.579936051159072,1
2020-05-13,2020,"Random",1,0.579936051159072,1
2020-05-14,2020,"Random",1,0.579936051159072,1
2020-05-15,2020,"Random",1,0.579936051159072,1
2020-05-18,2020,"Random",1,0.579936051159072,1
2020-05-19,2020,"Random",1,0.579936051159072,1
2020-05-20,2020,"Random",1,0.579936051159072,1
2020-05-22,2020,"Random",1,0.579936051159072,1
2020-05-25,2020,"Random",1,0.579936051159072,0
2020-05-26,2020,"Random",1,0.579936051159072,1
2020-05-27,2020,"Random",1,0.579936051159072,0
2020-05-28,2020,"Random",1,0.579936051159072,1
2020-05-29,2020,"Random",1,0.579936051159072,1
2020-06-02,2020,"Random",1,0.579936051159072,1
2020-06-03,2020,"Random",1,0.579936051159072,1
2020-06-04,2020,"Random",1,0.579936051159072,1
2020-06-05,2020,"Random",0,0.579936051159072,1
2020-06-08,2020,"Random",0,0.579936051159072,1
2020-06-09,2020,"Random",0,0.579936051159072,0
2020-06-10,2020,"Random",1,0.579936051159072,1
2020-06-11,2020,"Random",1,0.579936051159072,1
2020-06-12,2020,"Random",1,0.579936051159072,1
2020-06-15,2020,"Random",1,0.579936051159072,1
2020-06-16,2020,"Random",1,0.579936051159072,0
2020-06-17,2020,"Random",1,0.579936051159072,1
2020-06-18,2020,"Random",1,0.579936051159072,1
2020-06-19,2020,"Random",1,0.579936051159072,1
2020-06-22,2020,"Random",1,0.579936051159072,0
2020-06-23,2020,"Random",0,0.579936051159072,0
2020-06-24,2020,"Random",1,0.579936051159072,1
2020-06-25,2020,"Random",1,0.579936051159072,1
2020-06-26,2020,"Random",1,0.579936051159072,0
2020-06-29,2020,"Random",1,0.579936051159072,1
2020-06-30,2020,"Random",1,0.579936051159072,1
2020-07-01,2020,"Random",1,0.579936051159072,0
2020-07-02,2020,"Random",0,0.579936051159072,1
2020-07-03,2020,"Random",1,0.579936051159072,0
2020-07-06,2020,"Random",0,0.579936051159072,0
2020-07-07,2020,"Random",1,0.579936051159072,0
2020-07-08,2020,"Random",1,0.579936051159072,0
2020-07-09,2020,"Random",1,0.579936051159072,0
2020-07-10,2020,"Random",0,0.579936051159072,1
2020-07-13,2020,"Random",0,0.579936051159072,1
2020-07-14,2020,"Random",0,0.579936051159072,1
2020-07-15,2020,"Random",0,0.579936051159072,1
2020-07-16,2020,"Random",0,0.579936051159072,1
2020-07-17,2020,"Random",0,0.579936051159072,0
2020-07-20,2020,"Random",0,0.579936051159072,0
2020-07-21,2020,"Random",0,0.579936051159072,1
2020-07-22,2020,"Random",0,0.579936051159072,1
2020-07-23,2020,"Random",0,0.579936051159072,1
2020-07-24,2020,"Random",0,0.579936051159072,1
2020-07-27,2020,"Random",0,0.579936051159072,0
2020-07-28,2020,"Random",0,0.579936051159072,1
2020-07-29,2020,"Random",0,0.579936051159072,1
2020-07-30,2020,"Random",1,0.579936051159072,0
2020-07-31,2020,"Random",1,0.579936051159072,1
2020-08-03,2020,"Random",1,0.579936051159072,1
2020-08-04,2020,"Random",1,0.579936051159072,1
2020-08-05,2020,"Random",1,0.579936051159072,1
2020-08-06,2020,"Random",0,0.579936051159072,0
2020-08-07,2020,"Random",0,0.579936051159072,1
2020-08-10,2020,"Random",0,0.579936051159072,0
2020-08-11,2020,"Random",0,0.579936051159072,1
2020-08-12,2020,"Random",0,0.579936051159072,1
2020-08-13,2020,"Random",0,0.579936051159072,1
2020-08-14,2020,"Random",0,0.579936051159072,1
2020-08-17,2020,"Random",0,0.579936051159072,0
2020-08-18,2020,"Random",0,0.579936051159072,1
2020-08-19,2020,"Random",0,0.579936051159072,1
2020-08-20,2020,"Random",0,0.579936051159072,1
2020-08-21,2020,"Random",0,0.579936051159072,1
2020-08-24,2020,"Random",0,0.579936051159072,1
2020-08-25,2020,"Random",0,0.579936051159072,1
2020-08-26,2020,"Random",0,0.579936051159072,1
2020-08-27,2020,"Random",0,0.579936051159072,0
2020-08-28,2020,"Random",0,0.579936051159072,1
2020-08-31,2020,"Random",1,0.579936051159072,0
2020-09-01,2020,"Random",1,0.579936051159072,1
2020-09-02,2020,"Random",1,0.579936051159072,1
2020-09-03,2020,"Random",1,0.579936051159072,0
2020-09-04,2020,"Random",1,0.579936051159072,0
2020-09-07,2020,"Random",1,0.579936051159072,1
2020-09-08,2020,"Random",1,0.579936051159072,1
2020-09-09,2020,"Random",1,0.579936051159072,0
2020-09-10,2020,"Random",1,0.579936051159072,1
2020-09-11,2020,"Random",1,0.579936051159072,0
2020-09-14,2020,"Random",1,0.579936051159072,1
2020-09-15,2020,"Random",1,0.579936051159072,1
2020-09-16,2020,"Random",1,0.579936051159072,1
2020-09-17,2020,"Random",1,0.579936051159072,0
2020-09-18,2020,"Random",1,0.579936051159072,1
2020-09-21,2020,"Random",1,0.579936051159072,0
2020-09-22,2020,"Random",1,0.579936051159072,0
2020-09-23,2020,"Random",1,0.579936051159072,0
2020-09-24,2020,"Random",1,0.579936051159072,1
2020-09-25,2020,"Random",1,0.579936051159072,0
2020-09-28,2020,"Random",1,0.579936051159072,1
2020-09-29,2020,"Random",1,0.579936051159072,0
2020-09-30,2020,"Random",1,0.579936051159072,1
2020-10-01,2020,"Random",1,0.579936051159072,1
2020-10-02,2020,"Random",1,0.579936051159072,0
2020-10-05,2020,"Random",1,0.579936051159072,0
2020-10-06,2020,"Random",1,0.579936051159072,1
2020-10-07,2020,"Random",1,0.579936051159072,0
2020-10-08,2020,"Random",1,0.579936051159072,1
2020-10-09,2020,"Random",1,0.579936051159072,1
2020-10-12,2020,"Random",1,0.579936051159072,1
2020-10-13,2020,"Random",1,0.579936051159072,0
2020-10-14,2020,"Random",1,0.579936051159072,1
2020-10-15,2020,"Random",1,0.579936051159072,1
2020-10-16,2020,"Random",1,0.579936051159072,1
2020-10-19,2020,"Random",1,0.579936051159072,0
2020-10-20,2020,"Random",1,0.579936051159072,0
2020-10-21,2020,"Random",1,0.579936051159072,0
2020-10-22,2020,"Random",1,0.579936051159072,1
2020-10-23,2020,"Random",1,0.579936051159072,1
2020-10-26,2020,"Random",1,0.579936051159072,1
2020-10-27,2020,"Random",1,0.579936051159072,0
2020-10-28,2020,"Random",1,0.579936051159072,0
2020-10-29,2020,"Random",1,0.579936051159072,0
2020-10-30,2020,"Random",1,0.579936051159072,0
2020-11-02,2020,"Random",1,0.579936051159072,0
2020-11-03,2020,"Random",1,0.579936051159072,1
2020-11-04,2020,"Random",1,0.579936051159072,0
2020-11-05,2020,"Random",1,0.579936051159072,0
2020-11-06,2020,"Random",1,0.579936051159072,1
2020-11-09,2020,"Random",1,0.579936051159072,1
2020-11-10,2020,"Random",1,0.579936051159072,1
2020-11-11,2020,"Random",1,0.579936051159072,0
2020-11-12,2020,"Random",1,0.579936051159072,1
2020-11-13,2020,"Random",1,0.579936051159072,0
2020-11-16,2020,"Random",1,0.579936051159072,1
2020-11-17,2020,"Random",1,0.579936051159072,1
2020-11-18,2020,"Random",1,0.579936051159072,0
2020-11-19,2020,"Random",1,0.579936051159072,0
2020-11-20,2020,"Random",1,0.579936051159072,1
2020-11-23,2020,"Random",1,0.579936051159072,0
2020-11-24,2020,"Random",1,0.579936051159072,1
2020-11-25,2020,"Random",1,0.579936051159072,1
2020-11-26,2020,"Random",1,0.579936051159072,0
2020-11-27,2020,"Random",1,0.579936051159072,0
2020-11-30,2020,"Random",1,0.579936051159072,0
2020-12-01,2020,"Random",1,0.579936051159072,0
2020-12-02,2020,"Random",1,0.579936051159072,1
2020-12-03,2020,"Random",1,0.579936051159072,1
2020-12-04,2020,"Random",1,0.579936051159072,1
2020-12-07,2020,"Random",1,0.579936051159072,1
2020-12-08,2020,"Random",1,0.579936051159072,0
2020-12-09,2020,"Random",1,0.579936051159072,0
2020-12-10,2020,"Random",1,0.579936051159072,1
2020-12-11,2020,"Random",1,0.579936051159072,0
2020-12-14,2020,"Random",1,0.579936051159072,0
2020-12-15,2020,"Random",1,0.579936051159072,0
2020-12-16,2020,"Random",1,0.579936051159072,1
2020-12-17,2020,"Random",1,0.579936051159072,0
2020-12-18,2020,"Random",1,0.579936051159072,0
2020-12-21,2020,"Random",1,0.579936051159072,1
2020-12-22,2020,"Random",1,0.579936051159072,1
2020-12-23,2020,"Random",1,0.579936051159072,0
2020-12-28,2020,"Random",1,0.579936051159072,1
2020-12-29,2020,"Random",1,0.579936051159072,1
2020-12-30,2020,"Random",1,0.579936051159072,0
2021-01-04,2021,"Logistic",1,0.538553544814132,1
2021-01-05,2021,"Logistic",1,0.531229621540313,1
2021-01-06,2021,"Logistic",1,0.50786538180009,1
2021-01-07,2021,"Logistic",1,0.520725267292113,1
2021-01-08,2021,"Logistic",1,0.547544427699596,1
2021-01-11,2021,"Logistic",1,0.542032768902018,1
2021-01-12,2021,"Logistic",1,0.5245036994498,1
2021-01-13,2021,"Logistic",1,0.526666315680338,1
2021-01-14,2021,"Logistic",1,0.552232520033559,1
2021-01-15,2021,"Logistic",1,0.581417556503418,1
2021-01-18,2021,"Logistic",1,0.607120731499771,1
2021-01-19,2021,"Logistic",1,0.622686232135297,1
2021-01-20,2021,"Logistic",1,0.583143544167328,1
2021-01-21,2021,"Logistic",1,0.5830404149355,1
2021-01-22,2021,"Logistic",1,0.496955023605291,0
2021-01-25,2021,"Logistic",1,0.570878213686424,1
2021-01-26,2021,"Logistic",1,0.533249651103494,1
2021-01-27,2021,"Logistic",1,0.53540557056782,1
2021-01-28,2021,"Logistic",1,0.472166838927107,0
2021-01-29,2021,"Logistic",1,0.580013949959365,1
2021-02-01,2021,"Logistic",1,0.566656930011485,1
2021-02-02,2021,"Logistic",1,0.520259071275446,1
2021-02-03,2021,"Logistic",1,0.475145850942051,0
2021-02-04,2021,"Logistic",1,0.435674191435995,0
2021-02-05,2021,"Logistic",1,0.447011003803768,0
2021-02-08,2021,"Logistic",1,0.457337747317708,0
2021-02-09,2021,"Logistic",1,0.448977966123577,0
2021-02-10,2021,"Logistic",1,0.459472123428873,0
2021-02-11,2021,"Logistic",1,0.442074662876042,0
2021-02-12,2021,"Logistic",1,0.471014299726137,0
2021-02-15,2021,"Logistic",1,0.506338998600631,1
2021-02-16,2021,"Logistic",1,0.510940156095567,1
2021-02-17,2021,"Logistic",1,0.507392998856602,1
2021-02-18,2021,"Logistic",1,0.503869401475131,1
2021-02-19,2021,"Logistic",1,0.503591500092445,1
2021-02-22,2021,"Logistic",1,0.524811959640303,1
2021-02-23,2021,"Logistic",1,0.529967006871799,1
2021-02-24,2021,"Logistic",1,0.534818288973623,1
2021-02-25,2021,"Logistic",1,0.557545130247956,1
2021-02-26,2021,"Logistic",1,0.600774370918566,1
2021-03-01,2021,"Logistic",1,0.502346687307009,1
2021-03-02,2021,"Logistic",1,0.491664244432427,0
2021-03-03,2021,"Logistic",1,0.483199632147505,0
2021-03-04,2021,"Logistic",1,0.497118133350152,0
2021-03-05,2021,"Logistic",1,0.523101801149811,1
2021-03-08,2021,"Logistic",1,0.44885399522441,0
2021-03-09,2021,"Logistic",1,0.469318435195465,0
2021-03-10,2021,"Logistic",1,0.470417360365186,0
2021-03-11,2021,"Logistic",1,0.484584055502867,0
2021-03-12,2021,"Logistic",1,0.505670190210347,1
2021-03-15,2021,"Logistic",1,0.50167507719591,1
2021-03-16,2021,"Logistic",1,0.487464605356764,0
2021-03-17,2021,"Logistic",1,0.488171571373391,0
2021-03-18,2021,"Logistic",1,0.514653128625096,1
2021-03-19,2021,"Logistic",1,0.517708140675071,1
2021-03-22,2021,"Logistic",1,0.511972892531143,1
2021-03-23,2021,"Logistic",1,0.512786420866581,1
2021-03-24,2021,"Logistic",1,0.510139228967109,1
2021-03-25,2021,"Logistic",1,0.515602953418537,1
2021-03-26,2021,"Logistic",1,0.52389642254764,1
2021-03-29,2021,"Logistic",1,0.529790722656019,1
2021-03-30,2021,"Logistic",1,0.551466604058445,1
2021-03-31,2021,"Logistic",1,0.554491094513757,1
2021-04-01,2021,"Logistic",1,0.558802333976587,1
2021-04-06,2021,"Logistic",1,0.59917240014496,1
2021-04-07,2021,"Logistic",1,0.553380106811393,1
2021-04-08,2021,"Logistic",1,0.540496145642816,1
2021-04-09,2021,"Logistic",1,0.541832519779086,1
2021-04-12,2021,"Logistic",1,0.52739446756996,1
2021-04-13,2021,"Logistic",1,0.516643925936594,1
2021-04-14,2021,"Logistic",1,0.522300450746128,1
2021-04-15,2021,"Logistic",1,0.517663090848083,1
2021-04-16,2021,"Logistic",1,0.554990822424702,1
2021-04-19,2021,"Logistic",1,0.542559836853152,1
2021-04-20,2021,"Logistic",1,0.532050300596714,1
2021-04-21,2021,"Logistic",1,0.542158848624225,1
2021-04-22,2021,"Logistic",1,0.494781499902535,0
2021-04-23,2021,"Logistic",1,0.510695951838556,1
2021-04-26,2021,"Logistic",1,0.514896891352844,1
2021-04-27,2021,"Logistic",0,0.532893265479223,1
2021-04-28,2021,"Logistic",1,0.531206550678948,1
2021-04-29,2021,"Logistic",1,0.527845679990004,1
2021-04-30,2021,"Logistic",1,0.53983504175614,1
2021-05-03,2021,"Logistic",1,0.503757044184042,1
2021-05-04,2021,"Logistic",1,0.57990181021345,1
2021-05-05,2021,"Logistic",1,0.497744775234309,0
2021-05-06,2021,"Logistic",0,0.49701127419771,0
2021-05-07,2021,"Logistic",0,0.428444513155342,0
2021-05-10,2021,"Logistic",1,0.452398364453696,0
2021-05-11,2021,"Logistic",1,0.578176616637049,1
2021-05-12,2021,"Logistic",1,0.566922834024162,1
2021-05-14,2021,"Logistic",1,0.469661815037499,0
2021-05-17,2021,"Logistic",1,0.478609245735379,0
2021-05-18,2021,"Logistic",1,0.487969044982201,0
2021-05-19,2021,"Logistic",1,0.561594201527861,1
2021-05-20,2021,"Logistic",1,0.481249242731283,0
2021-05-21,2021,"Logistic",1,0.43723340086312,0
2021-05-25,2021,"Logistic",1,0.439928475433089,0
2021-05-26,2021,"Logistic",1,0.448643045509042,0
2021-05-27,2021,"Logistic",1,0.467568044480142,0
2021-05-28,2021,"Logistic",1,0.473944822985479,0
2021-05-31,2021,"Logistic",1,0.473539034889238,0
2021-06-01,2021,"Logistic",1,0.48236457541179,0
2021-06-02,2021,"Logistic",1,0.483284351569328,0
2021-06-03,2021,"Logistic",1,0.495296735382271,0
2021-06-04,2021,"Logistic",1,0.475484601514673,0
2021-06-07,2021,"Logistic",1,0.482436653175597,0
2021-06-08,2021,"Logistic",1,0.489081374762726,0
2021-06-09,2021,"Logistic",1,0.511935026046528,1
2021-06-10,2021,"Logistic",1,0.526302847850069,1
2021-06-11,2021,"Logistic",1,0.524017631923782,1
2021-06-14,2021,"Logistic",1,0.562765984744161,1
2021-06-15,2021,"Logistic",1,0.557756207020462,1
2021-06-16,2021,"Logistic",1,0.554281884230766,1
2021-06-17,2021,"Logistic",1,0.550449406230247,1
2021-06-18,2021,"Logistic",1,0.553448582752154,1
2021-06-21,2021,"Logistic",1,0.535827746515703,1
2021-06-22,2021,"Logistic",1,0.52561565045034,1
2021-06-23,2021,"Logistic",1,0.575238685064133,1
2021-06-24,2021,"Logistic",1,0.528530334561556,1
2021-06-25,2021,"Logistic",1,0.531023996550973,1
2021-06-28,2021,"Logistic",1,0.559850362436019,1
2021-06-29,2021,"Logistic",1,0.52965141022196,1
2021-06-30,2021,"Logistic",1,0.576055916604958,1
2021-07-01,2021,"Logistic",1,0.543649778127406,1
2021-07-02,2021,"Logistic",1,0.550700700639961,1
2021-07-05,2021,"Logistic",1,0.543902705691654,1
2021-07-06,2021,"Logistic",1,0.555115651241613,1
2021-07-07,2021,"Logistic",1,0.556923154947317,1
2021-07-08,2021,"Logistic",1,0.526249150504151,1
2021-07-09,2021,"Logistic",1,0.506735839513986,1
2021-07-12,2021,"Logistic",0,0.485595371157761,0
2021-07-13,2021,"Logistic",1,0.475416021914556,0
2021-07-14,2021,"Logistic",1,0.474912773862861,0
2021-07-15,2021,"Logistic",1,0.494894446486719,0
2021-07-16,2021,"Logistic",1,0.488333307043656,0
2021-07-19,2021,"Logistic",1,0.549086760827068,1
2021-07-20,2021,"Logistic",1,0.551604026358892,1
2021-07-21,2021,"Logistic",1,0.525403674540898,1
2021-07-22,2021,"Logistic",0,0.501297000477135,1
2021-07-23,2021,"Logistic",0,0.457928793070793,0
2021-07-26,2021,"Logistic",0,0.454763623426288,0
2021-07-27,2021,"Logistic",1,0.467690070562295,0
2021-07-28,2021,"Logistic",0,0.441548162777595,0
2021-07-29,2021,"Logistic",0,0.455859673800493,0
2021-07-30,2021,"Logistic",0,0.466532611361642,0
2021-08-02,2021,"Logistic",0,0.480781247304396,0
2021-08-03,2021,"Logistic",0,0.492532142922311,0
2021-08-04,2021,"Logistic",0,0.491283421700261,0
2021-08-05,2021,"Logistic",0,0.496638066411844,0
2021-08-06,2021,"Logistic",1,0.502325593113144,1
2021-08-09,2021,"Logistic",0,0.504026982127313,1
2021-08-10,2021,"Logistic",0,0.529955714325161,1
2021-08-11,2021,"Logistic",0,0.544058297411535,1
2021-08-12,2021,"Logistic",0,0.543020625539197,1
2021-08-13,2021,"Logistic",0,0.566934685907455,1
2021-08-16,2021,"Logistic",0,0.532934348420805,1
2021-08-17,2021,"Logistic",1,0.553096981573575,1
2021-08-18,2021,"Logistic",1,0.539220350025659,1
2021-08-19,2021,"Logistic",1,0.561255656769483,1
2021-08-20,2021,"Logistic",1,0.543803751298391,1
2021-08-23,2021,"Logistic",1,0.53315645612146,1
2021-08-24,2021,"Logistic",1,0.530446733930619,1
2021-08-25,2021,"Logistic",1,0.522778081873011,1
2021-08-26,2021,"Logistic",1,0.518089299515883,1
2021-08-27,2021,"Logistic",1,0.498878912939649,0
2021-08-30,2021,"Logistic",1,0.49479174746375,0
2021-08-31,2021,"Logistic",1,0.494647588511271,0
2021-09-01,2021,"Logistic",1,0.493412952003282,0
2021-09-02,2021,"Logistic",1,0.5036687035628,1
2021-09-03,2021,"Logistic",1,0.480602638989407,0
2021-09-06,2021,"Logistic",1,0.469950655830593,0
2021-09-07,2021,"Logistic",1,0.460332592860611,0
2021-09-08,2021,"Logistic",1,0.489542159222035,0
2021-09-09,2021,"Logistic",1,0.52521077842778,1
2021-09-10,2021,"Logistic",1,0.527653706517984,1
2021-09-13,2021,"Logistic",1,0.510994969507127,1
2021-09-14,2021,"Logistic",1,0.50561154073091,1
2021-09-15,2021,"Logistic",1,0.543028034874043,1
2021-09-16,2021,"Logistic",1,0.51064396212227,1
2021-09-17,2021,"Logistic",0,0.508358166444425,1
2021-09-20,2021,"Logistic",1,0.432017090459988,0
2021-09-21,2021,"Logistic",0,0.466921662293315,0
2021-09-22,2021,"Logistic",1,0.479339784397861,0
2021-09-23,2021,"Logistic",0,0.466366720330502,0
2021-09-24,2021,"Logistic",0,0.478719026798755,0
2021-09-27,2021,"Logistic",0,0.434691263493276,0
2021-09-28,2021,"Logistic",1,0.54606655141275,1
2021-09-29,2021,"Logistic",1,0.529845689602043,1
2021-09-30,2021,"Logistic",1,0.549504565376695,1
2021-10-01,2021,"Logistic",1,0.527281206878194,1
2021-10-04,2021,"Logistic",1,0.571220391215036,1
2021-10-05,2021,"Logistic",1,0.572169798091347,1
2021-10-06,2021,"Logistic",1,0.584311150101169,1
2021-10-07,2021,"Logistic",1,0.548955535997056,1
2021-10-08,2021,"Logistic",1,0.577154402134084,1
2021-10-11,2021,"Logistic",1,0.566613659771377,1
2021-10-12,2021,"Logistic",1,0.58192597282421,1
2021-10-13,2021,"Logistic",1,0.563733613841734,1
2021-10-14,2021,"Logistic",1,0.520694996383265,1
2021-10-15,2021,"Logistic",1,0.485237457048712,0
2021-10-18,2021,"Logistic",1,0.521805535328547,1
2021-10-19,2021,"Logistic",1,0.502066366942664,1
2021-10-20,2021,"Logistic",1,0.502599200153704,1
2021-10-21,2021,"Logistic",1,0.483794379814046,0
2021-10-22,2021,"Logistic",1,0.481593055403132,0
2021-10-25,2021,"Logistic",1,0.487313213695488,0
2021-10-26,2021,"Logistic",1,0.499838784307075,0
2021-10-27,2021,"Logistic",1,0.509476720470793,1
2021-10-28,2021,"Logistic",1,0.49740480115699,0
2021-10-29,2021,"Logistic",1,0.495754989757459,0
2021-11-01,2021,"Logistic",1,0.538415025617649,1
2021-11-02,2021,"Logistic",1,0.526568565766561,1
2021-11-03,2021,"Logistic",0,0.539250661257491,1
2021-11-04,2021,"Logistic",0,0.546999858632712,1
2021-11-05,2021,"Logistic",0,0.564018887336639,1
2021-11-08,2021,"Logistic",0,0.564275302041188,1
2021-11-09,2021,"Logistic",0,0.56274485195433,1
2021-11-10,2021,"Logistic",0,0.573317259195794,1
2021-11-11,2021,"Logistic",0,0.561960159978674,1
2021-11-12,2021,"Logistic",0,0.546858854296318,1
2021-11-15,2021,"Logistic",0,0.546834161160898,1
2021-11-16,2021,"Logistic",0,0.566756100349307,1
2021-11-17,2021,"Logistic",0,0.574099760717816,1
2021-11-18,2021,"Logistic",0,0.571612426814769,1
2021-11-19,2021,"Logistic",0,0.551449147787666,1
2021-11-22,2021,"Logistic",0,0.573883491406766,1
2021-11-23,2021,"Logistic",0,0.555221316386853,1
2021-11-24,2021,"Logistic",0,0.518061520844358,1
2021-11-25,2021,"Logistic",0,0.533610828802506,1
2021-11-26,2021,"Logistic",1,0.596464456159619,1
2021-11-29,2021,"Logistic",1,0.597866725782969,1
2021-11-30,2021,"Logistic",1,0.577068815966445,1
2021-12-01,2021,"Logistic",0,0.630373177117152,1
2021-12-02,2021,"Logistic",0,0.650374724676745,1
2021-12-03,2021,"Logistic",1,0.656683872703791,1
2021-12-06,2021,"Logistic",1,0.649885587157544,1
2021-12-07,2021,"Logistic",0,0.618940911165245,1
2021-12-08,2021,"Logistic",0,0.615071687899997,1
2021-12-09,2021,"Logistic",0,0.608350820657605,1
2021-12-10,2021,"Logistic",0,0.621919371046961,1
2021-12-13,2021,"Logistic",0,0.616691089752392,1
2021-12-14,2021,"Logistic",0,0.641647938990487,1
2021-12-15,2021,"Logistic",0,0.607974925805053,1
2021-12-16,2021,"Logistic",0,0.608934133432644,1
2021-12-17,2021,"Logistic",0,0.641661314157614,1
2021-12-20,2021,"Logistic",0,0.688325153669404,1
2021-12-21,2021,"Logistic",0,0.642212781285647,1
2021-12-22,2021,"Logistic",0,0.609281412618332,1
2021-12-23,2021,"Logistic",0,0.555855101621498,1
2021-12-27,2021,"Logistic",0,0.498168517255279,0
2021-12-28,2021,"Logistic",0,0.531503364923884,1
2021-12-29,2021,"Logistic",0,0.558001189793205,1
2021-12-30,2021,"Logistic",0,0.520561553973719,1
2021-01-04,2021,"DecisionTree",1,0.224852071005917,0
2021-01-05,2021,"DecisionTree",1,0.358490566037736,0
2021-01-06,2021,"DecisionTree",1,0.224852071005917,0
2021-01-07,2021,"DecisionTree",1,0.224852071005917,0
2021-01-08,2021,"DecisionTree",1,0.224852071005917,0
2021-01-11,2021,"DecisionTree",1,0.224852071005917,0
2021-01-12,2021,"DecisionTree",1,0.129032258064516,0
2021-01-13,2021,"DecisionTree",1,0.129032258064516,0
2021-01-14,2021,"DecisionTree",1,0.129032258064516,0
2021-01-15,2021,"DecisionTree",1,0.324324324324324,0
2021-01-18,2021,"DecisionTree",1,0.627659574468085,1
2021-01-19,2021,"DecisionTree",1,0.627659574468085,1
2021-01-20,2021,"DecisionTree",1,0.627659574468085,1
2021-01-21,2021,"DecisionTree",1,0.627659574468085,1
2021-01-22,2021,"DecisionTree",1,0.68421052631579,1
2021-01-25,2021,"DecisionTree",1,0.329113924050633,0
2021-01-26,2021,"DecisionTree",1,0.68421052631579,1
2021-01-27,2021,"DecisionTree",1,0.329113924050633,0
2021-01-28,2021,"DecisionTree",1,0.329113924050633,0
2021-01-29,2021,"DecisionTree",1,0.687022900763359,1
2021-02-01,2021,"DecisionTree",1,0.687022900763359,1
2021-02-02,2021,"DecisionTree",1,0.627659574468085,1
2021-02-03,2021,"DecisionTree",1,0.627659574468085,1
2021-02-04,2021,"DecisionTree",1,0.627659574468085,1
2021-02-05,2021,"DecisionTree",1,0.627659574468085,1
2021-02-08,2021,"DecisionTree",1,0.627659574468085,1
2021-02-09,2021,"DecisionTree",1,0.627659574468085,1
2021-02-10,2021,"DecisionTree",1,0.627659574468085,1
2021-02-11,2021,"DecisionTree",1,0.627659574468085,1
2021-02-12,2021,"DecisionTree",1,0.361111111111111,0
2021-02-15,2021,"DecisionTree",1,0.627659574468085,1
2021-02-16,2021,"DecisionTree",1,0.627659574468085,1
2021-02-17,2021,"DecisionTree",1,0.627659574468085,1
2021-02-18,2021,"DecisionTree",1,0.627659574468085,1
2021-02-19,2021,"DecisionTree",1,0.627659574468085,1
2021-02-22,2021,"DecisionTree",1,0.324324324324324,0
2021-02-23,2021,"DecisionTree",1,0.324324324324324,0
2021-02-24,2021,"DecisionTree",1,0.627659574468085,1
2021-02-25,2021,"DecisionTree",1,0.627659574468085,1
2021-02-26,2021,"DecisionTree",1,0.687022900763359,1
2021-03-01,2021,"DecisionTree",1,0.627659574468085,1
2021-03-02,2021,"DecisionTree",1,0.719298245614035,1
2021-03-03,2021,"DecisionTree",1,0.719298245614035,1
2021-03-04,2021,"DecisionTree",1,0.719298245614035,1
2021-03-05,2021,"DecisionTree",1,0.719298245614035,1
2021-03-08,2021,"DecisionTree",1,0.627659574468085,1
2021-03-09,2021,"DecisionTree",1,0.627659574468085,1
2021-03-10,2021,"DecisionTree",1,0.224852071005917,0
2021-03-11,2021,"DecisionTree",1,0.224852071005917,0
2021-03-12,2021,"DecisionTree",1,0.224852071005917,0
2021-03-15,2021,"DecisionTree",1,0.627659574468085,1
2021-03-16,2021,"DecisionTree",1,0.224852071005917,0
2021-03-17,2021,"DecisionTree",1,0.224852071005917,0
2021-03-18,2021,"DecisionTree",1,0.224852071005917,0
2021-03-19,2021,"DecisionTree",1,0.627659574468085,1
2021-03-22,2021,"DecisionTree",1,0.627659574468085,1
2021-03-23,2021,"DecisionTree",1,0.627659574468085,1
2021-03-24,2021,"DecisionTree",1,0.627659574468085,1
2021-03-25,2021,"DecisionTree",1,0.324324324324324,0
2021-03-26,2021,"DecisionTree",1,0.627659574468085,1
2021-03-29,2021,"DecisionTree",1,0.846153846153846,1
2021-03-30,2021,"DecisionTree",1,0.846153846153846,1
2021-03-31,2021,"DecisionTree",1,0.791666666666667,1
2021-04-01,2021,"DecisionTree",1,0.719298245614035,1
2021-04-06,2021,"DecisionTree",1,0.791666666666667,1
2021-04-07,2021,"DecisionTree",1,0.791666666666667,1
2021-04-08,2021,"DecisionTree",1,0.791666666666667,1
2021-04-09,2021,"DecisionTree",1,0.791666666666667,1
2021-04-12,2021,"DecisionTree",1,0.846153846153846,1
2021-04-13,2021,"DecisionTree",1,0.846153846153846,1
2021-04-14,2021,"DecisionTree",1,0.846153846153846,1
2021-04-15,2021,"DecisionTree",1,0.846153846153846,1
2021-04-16,2021,"DecisionTree",1,0.846153846153846,1
2021-04-19,2021,"DecisionTree",1,0.846153846153846,1
2021-04-20,2021,"DecisionTree",1,0.846153846153846,1
2021-04-21,2021,"DecisionTree",1,0.846153846153846,1
2021-04-22,2021,"DecisionTree",1,0.211538461538462,0
2021-04-23,2021,"DecisionTree",1,0.211538461538462,0
2021-04-26,2021,"DecisionTree",1,0.211538461538462,0
2021-04-27,2021,"DecisionTree",0,0.211538461538462,0
2021-04-28,2021,"DecisionTree",1,0.211538461538462,0
2021-04-29,2021,"DecisionTree",1,0.211538461538462,0
2021-04-30,2021,"DecisionTree",1,0.782608695652174,1
2021-05-03,2021,"DecisionTree",1,0.211538461538462,0
2021-05-04,2021,"DecisionTree",1,0.329113924050633,0
2021-05-05,2021,"DecisionTree",1,0.627659574468085,1
2021-05-06,2021,"DecisionTree",0,0.627659574468085,1
2021-05-07,2021,"DecisionTree",0,0.361111111111111,0
2021-05-10,2021,"DecisionTree",1,0.627659574468085,1
2021-05-11,2021,"DecisionTree",1,0.687022900763359,1
2021-05-12,2021,"DecisionTree",1,0.329113924050633,0
2021-05-14,2021,"DecisionTree",1,0.627659574468085,1
2021-05-17,2021,"DecisionTree",1,0.627659574468085,1
2021-05-18,2021,"DecisionTree",1,0.627659574468085,1
2021-05-19,2021,"DecisionTree",1,0.687022900763359,1
2021-05-20,2021,"DecisionTree",1,0.627659574468085,1
2021-05-21,2021,"DecisionTree",1,0.627659574468085,1
2021-05-25,2021,"DecisionTree",1,0.627659574468085,1
2021-05-26,2021,"DecisionTree",1,0.627659574468085,1
2021-05-27,2021,"DecisionTree",1,0.627659574468085,1
2021-05-28,2021,"DecisionTree",1,0.627659574468085,1
2021-05-31,2021,"DecisionTree",1,0.627659574468085,1
2021-06-01,2021,"DecisionTree",1,0.627659574468085,1
2021-06-02,2021,"DecisionTree",1,0.627659574468085,1
2021-06-03,2021,"DecisionTree",1,0.627659574468085,1
2021-06-04,2021,"DecisionTree",1,0.627659574468085,1
2021-06-07,2021,"DecisionTree",1,0.627659574468085,1
2021-06-08,2021,"DecisionTree",1,0.627659574468085,1
2021-06-09,2021,"DecisionTree",1,0.627659574468085,1
2021-06-10,2021,"DecisionTree",1,0.05,0
2021-06-11,2021,"DecisionTree",1,0.05,0
2021-06-14,2021,"DecisionTree",1,0.211538461538462,0
2021-06-15,2021,"DecisionTree",1,0.211538461538462,0
2021-06-16,2021,"DecisionTree",1,0.211538461538462,0
2021-06-17,2021,"DecisionTree",1,0.791666666666667,1
2021-06-18,2021,"DecisionTree",1,0.782608695652174,1
2021-06-21,2021,"DecisionTree",1,0.211538461538462,0
2021-06-22,2021,"DecisionTree",1,0.211538461538462,0
2021-06-23,2021,"DecisionTree",1,0.687022900763359,1
2021-06-24,2021,"DecisionTree",1,0.719298245614035,1
2021-06-25,2021,"DecisionTree",1,0.719298245614035,1
2021-06-28,2021,"DecisionTree",1,0.719298245614035,1
2021-06-29,2021,"DecisionTree",1,0.719298245614035,1
2021-06-30,2021,"DecisionTree",1,0.687022900763359,1
2021-07-01,2021,"DecisionTree",1,0.329113924050633,0
2021-07-02,2021,"DecisionTree",1,0.329113924050633,0
2021-07-05,2021,"DecisionTree",1,0.211538461538462,0
2021-07-06,2021,"DecisionTree",1,0.329113924050633,0
2021-07-07,2021,"DecisionTree",1,0.329113924050633,0
2021-07-08,2021,"DecisionTree",1,0.687022900763359,1
2021-07-09,2021,"DecisionTree",1,0.687022900763359,1
2021-07-12,2021,"DecisionTree",0,0.627659574468085,1
2021-07-13,2021,"DecisionTree",1,0.627659574468085,1
2021-07-14,2021,"DecisionTree",1,0.627659574468085,1
2021-07-15,2021,"DecisionTree",1,0.687022900763359,1
2021-07-16,2021,"DecisionTree",1,0.687022900763359,1
2021-07-19,2021,"DecisionTree",1,0.687022900763359,1
2021-07-20,2021,"DecisionTree",1,0.687022900763359,1
2021-07-21,2021,"DecisionTree",1,0.687022900763359,1
2021-07-22,2021,"DecisionTree",0,0.687022900763359,1
2021-07-23,2021,"DecisionTree",0,0.361111111111111,0
2021-07-26,2021,"DecisionTree",0,0.627659574468085,1
2021-07-27,2021,"DecisionTree",1,0.687022900763359,1
2021-07-28,2021,"DecisionTree",0,0.627659574468085,1
2021-07-29,2021,"DecisionTree",0,0.627659574468085,1
2021-07-30,2021,"DecisionTree",0,0.627659574468085,1
2021-08-02,2021,"DecisionTree",0,0.627659574468085,1
2021-08-03,2021,"DecisionTree",0,0.627659574468085,1
2021-08-04,2021,"DecisionTree",0,0.361111111111111,0
2021-08-05,2021,"DecisionTree",0,0.361111111111111,0
2021-08-06,2021,"DecisionTree",1,0.627659574468085,1
2021-08-09,2021,"DecisionTree",0,0.627659574468085,1
2021-08-10,2021,"DecisionTree",0,0.627659574468085,1
2021-08-11,2021,"DecisionTree",0,0.627659574468085,1
2021-08-12,2021,"DecisionTree",0,0.627659574468085,1
2021-08-13,2021,"DecisionTree",0,0.627659574468085,1
2021-08-16,2021,"DecisionTree",0,0.846153846153846,1
2021-08-17,2021,"DecisionTree",1,0.846153846153846,1
2021-08-18,2021,"DecisionTree",1,0.211538461538462,0
2021-08-19,2021,"DecisionTree",1,0.687022900763359,1
2021-08-20,2021,"DecisionTree",1,0.719298245614035,1
2021-08-23,2021,"DecisionTree",1,0.719298245614035,1
2021-08-24,2021,"DecisionTree",1,0.719298245614035,1
2021-08-25,2021,"DecisionTree",1,0.719298245614035,1
2021-08-26,2021,"DecisionTree",1,0.719298245614035,1
2021-08-27,2021,"DecisionTree",1,0.211538461538462,0
2021-08-30,2021,"DecisionTree",1,0.211538461538462,0
2021-08-31,2021,"DecisionTree",1,0.211538461538462,0
2021-09-01,2021,"DecisionTree",1,0.211538461538462,0
2021-09-02,2021,"DecisionTree",1,0.211538461538462,0
2021-09-03,2021,"DecisionTree",1,0.211538461538462,0
2021-09-06,2021,"DecisionTree",1,0.211538461538462,0
2021-09-07,2021,"DecisionTree",1,0.211538461538462,0
2021-09-08,2021,"DecisionTree",1,0.687022900763359,1
2021-09-09,2021,"DecisionTree",1,0.687022900763359,1
2021-09-10,2021,"DecisionTree",1,0.687022900763359,1
2021-09-13,2021,"DecisionTree",1,0.211538461538462,0
2021-09-14,2021,"DecisionTree",1,0.211538461538462,0
2021-09-15,2021,"DecisionTree",1,0.687022900763359,1
2021-09-16,2021,"DecisionTree",1,0.329113924050633,0
2021-09-17,2021,"DecisionTree",0,0.329113924050633,0
2021-09-20,2021,"DecisionTree",1,0.329113924050633,0
2021-09-21,2021,"DecisionTree",0,0.329113924050633,0
2021-09-22,2021,"DecisionTree",1,0.687022900763359,1
2021-09-23,2021,"DecisionTree",0,0.627659574468085,1
2021-09-24,2021,"DecisionTree",0,0.687022900763359,1
2021-09-27,2021,"DecisionTree",0,0.329113924050633,0
2021-09-28,2021,"DecisionTree",1,0.687022900763359,1
2021-09-29,2021,"DecisionTree",1,0.329113924050633,0
2021-09-30,2021,"DecisionTree",1,0.329113924050633,0
2021-10-01,2021,"DecisionTree",1,0.329113924050633,0
2021-10-04,2021,"DecisionTree",1,0.329113924050633,0
2021-10-05,2021,"DecisionTree",1,0.329113924050633,0
2021-10-06,2021,"DecisionTree",1,0.687022900763359,1
2021-10-07,2021,"DecisionTree",1,0.687022900763359,1
2021-10-08,2021,"DecisionTree",1,0.687022900763359,1
2021-10-11,2021,"DecisionTree",1,0.687022900763359,1
2021-10-12,2021,"DecisionTree",1,0.687022900763359,1
2021-10-13,2021,"DecisionTree",1,0.687022900763359,1
2021-10-14,2021,"DecisionTree",1,0.627659574468085,1
2021-10-15,2021,"DecisionTree",1,0.361111111111111,0
2021-10-18,2021,"DecisionTree",1,0.627659574468085,1
2021-10-19,2021,"DecisionTree",1,0.627659574468085,1
2021-10-20,2021,"DecisionTree",1,0.627659574468085,1
2021-10-21,2021,"DecisionTree",1,0.627659574468085,1
2021-10-22,2021,"DecisionTree",1,0.627659574468085,1
2021-10-25,2021,"DecisionTree",1,0.627659574468085,1
2021-10-26,2021,"DecisionTree",1,0.627659574468085,1
2021-10-27,2021,"DecisionTree",1,0.627659574468085,1
2021-10-28,2021,"DecisionTree",1,0.361111111111111,0
2021-10-29,2021,"DecisionTree",1,0.361111111111111,0
2021-11-01,2021,"DecisionTree",1,0.627659574468085,1
2021-11-02,2021,"DecisionTree",1,0.846153846153846,1
2021-11-03,2021,"DecisionTree",0,0.846153846153846,1
2021-11-04,2021,"DecisionTree",0,0.846153846153846,1
2021-11-05,2021,"DecisionTree",0,0.846153846153846,1
2021-11-08,2021,"DecisionTree",0,0.846153846153846,1
2021-11-09,2021,"DecisionTree",0,0.846153846153846,1
2021-11-10,2021,"DecisionTree",0,0.846153846153846,1
2021-11-11,2021,"DecisionTree",0,0.846153846153846,1
2021-11-12,2021,"DecisionTree",0,0.846153846153846,1
2021-11-15,2021,"DecisionTree",0,0.846153846153846,1
2021-11-16,2021,"DecisionTree",0,0.846153846153846,1
2021-11-17,2021,"DecisionTree",0,0.846153846153846,1
2021-11-18,2021,"DecisionTree",0,0.846153846153846,1
2021-11-19,2021,"DecisionTree",0,0.846153846153846,1
2021-11-22,2021,"DecisionTree",0,0.719298245614035,1
2021-11-23,2021,"DecisionTree",0,0.687022900763359,1
2021-11-24,2021,"DecisionTree",0,0.687022900763359,1
2021-11-25,2021,"DecisionTree",0,0.687022900763359,1
2021-11-26,2021,"DecisionTree",1,0.687022900763359,1
2021-11-29,2021,"DecisionTree",1,0.687022900763359,1
2021-11-30,2021,"DecisionTree",1,0.687022900763359,1
2021-12-01,2021,"DecisionTree",0,0.687022900763359,1
2021-12-02,2021,"DecisionTree",0,0.753086419753086,1
2021-12-03,2021,"DecisionTree",1,0.742857142857143,1
2021-12-06,2021,"DecisionTree",1,0.753086419753086,1
2021-12-07,2021,"DecisionTree",0,0.753086419753086,1
2021-12-08,2021,"DecisionTree",0,0.753086419753086,1
2021-12-09,2021,"DecisionTree",0,0.753086419753086,1
2021-12-10,2021,"DecisionTree",0,0.753086419753086,1
2021-12-13,2021,"DecisionTree",0,0.753086419753086,1
2021-12-14,2021,"DecisionTree",0,0.753086419753086,1
2021-12-15,2021,"DecisionTree",0,0.753086419753086,1
2021-12-16,2021,"DecisionTree",0,0.753086419753086,1
2021-12-17,2021,"DecisionTree",0,0.753086419753086,1
2021-12-20,2021,"DecisionTree",0,0.245283018867925,0
2021-12-21,2021,"DecisionTree",0,0.753086419753086,1
2021-12-22,2021,"DecisionTree",0,0.753086419753086,1
2021-12-23,2021,"DecisionTree",0,0.753086419753086,1
2021-12-27,2021,"DecisionTree",0,0.627659574468085,1
2021-12-28,2021,"DecisionTree",0,0.627659574468085,1
2021-12-29,2021,"DecisionTree",0,0.627659574468085,1
2021-12-30,2021,"DecisionTree",0,0.627659574468085,1
2021-01-04,2021,"RandomForest",1,0.468,0
2021-01-05,2021,"RandomForest",1,0.45,0
2021-01-06,2021,"RandomForest",1,0.422,0
2021-01-07,2021,"RandomForest",1,0.446,0
2021-01-08,2021,"RandomForest",1,0.278,0
2021-01-11,2021,"RandomForest",1,0.218,0
2021-01-12,2021,"RandomForest",1,0.188,0
2021-01-13,2021,"RandomForest",1,0.184,0
2021-01-14,2021,"RandomForest",1,0.554,1
2021-01-15,2021,"RandomForest",1,0.35,0
2021-01-18,2021,"RandomForest",1,0.52,1
2021-01-19,2021,"RandomForest",1,0.66,1
2021-01-20,2021,"RandomForest",1,0.576,1
2021-01-21,2021,"RandomForest",1,0.526,1
2021-01-22,2021,"RandomForest",1,0.568,1
2021-01-25,2021,"RandomForest",1,0.584,1
2021-01-26,2021,"RandomForest",1,0.54,1
2021-01-27,2021,"RandomForest",1,0.532,1
2021-01-28,2021,"RandomForest",1,0.526,1
2021-01-29,2021,"RandomForest",1,0.672,1
2021-02-01,2021,"RandomForest",1,0.746,1
2021-02-02,2021,"RandomForest",1,0.65,1
2021-02-03,2021,"RandomForest",1,0.69,1
2021-02-04,2021,"RandomForest",1,0.668,1
2021-02-05,2021,"RandomForest",1,0.652,1
2021-02-08,2021,"RandomForest",1,0.666,1
2021-02-09,2021,"RandomForest",1,0.496,0
2021-02-10,2021,"RandomForest",1,0.482,0
2021-02-11,2021,"RandomForest",1,0.542,1
2021-02-12,2021,"RandomForest",1,0.478,0
2021-02-15,2021,"RandomForest",1,0.41,0
2021-02-16,2021,"RandomForest",1,0.454,0
2021-02-17,2021,"RandomForest",1,0.676,1
2021-02-18,2021,"RandomForest",1,0.556,1
2021-02-19,2021,"RandomForest",1,0.572,1
2021-02-22,2021,"RandomForest",1,0.452,0
2021-02-23,2021,"RandomForest",1,0.462,0
2021-02-24,2021,"RandomForest",1,0.412,0
2021-02-25,2021,"RandomForest",1,0.666,1
2021-02-26,2021,"RandomForest",1,0.576,1
2021-03-01,2021,"RandomForest",1,0.472,0
2021-03-02,2021,"RandomForest",1,0.596,1
2021-03-03,2021,"RandomForest",1,0.62,1
2021-03-04,2021,"RandomForest",1,0.572,1
2021-03-05,2021,"RandomForest",1,0.562,1
2021-03-08,2021,"RandomForest",1,0.502,1
2021-03-09,2021,"RandomForest",1,0.472,0
2021-03-10,2021,"RandomForest",1,0.294,0
2021-03-11,2021,"RandomForest",1,0.272,0
2021-03-12,2021,"RandomForest",1,0.34,0
2021-03-15,2021,"RandomForest",1,0.336,0
2021-03-16,2021,"RandomForest",1,0.368,0
2021-03-17,2021,"RandomForest",1,0.53,1
2021-03-18,2021,"RandomForest",1,0.64,1
2021-03-19,2021,"RandomForest",1,0.612,1
2021-03-22,2021,"RandomForest",1,0.564,1
2021-03-23,2021,"RandomForest",1,0.496,0
2021-03-24,2021,"RandomForest",1,0.444,0
2021-03-25,2021,"RandomForest",1,0.408,0
2021-03-26,2021,"RandomForest",1,0.432,0
2021-03-29,2021,"RandomForest",1,0.592,1
2021-03-30,2021,"RandomForest",1,0.786,1
2021-03-31,2021,"RandomForest",1,0.768,1
2021-04-01,2021,"RandomForest",1,0.684,1
2021-04-06,2021,"RandomForest",1,0.584,1
2021-04-07,2021,"RandomForest",1,0.728,1
2021-04-08,2021,"RandomForest",1,0.666,1
2021-04-09,2021,"RandomForest",1,0.668,1
2021-04-12,2021,"RandomForest",1,0.676,1
2021-04-13,2021,"RandomForest",1,0.732,1
2021-04-14,2021,"RandomForest",1,0.802,1
2021-04-15,2021,"RandomForest",1,0.826,1
2021-04-16,2021,"RandomForest",1,0.676,1
2021-04-19,2021,"RandomForest",1,0.832,1
2021-04-20,2021,"RandomForest",1,0.51,1
2021-04-21,2021,"RandomForest",1,0.738,1
2021-04-22,2021,"RandomForest",1,0.68,1
2021-04-23,2021,"RandomForest",1,0.72,1
2021-04-26,2021,"RandomForest",1,0.704,1
2021-04-27,2021,"RandomForest",0,0.538,1
2021-04-28,2021,"RandomForest",1,0.436,0
2021-04-29,2021,"RandomForest",1,0.532,1
2021-04-30,2021,"RandomForest",1,0.442,0
2021-05-03,2021,"RandomForest",1,0.472,0
2021-05-04,2021,"RandomForest",1,0.538,1
2021-05-05,2021,"RandomForest",1,0.294,0
2021-05-06,2021,"RandomForest",0,0.29,0
2021-05-07,2021,"RandomForest",0,0.314,0
2021-05-10,2021,"RandomForest",1,0.316,0
2021-05-11,2021,"RandomForest",1,0.528,1
2021-05-12,2021,"RandomForest",1,0.378,0
2021-05-14,2021,"RandomForest",1,0.36,0
2021-05-17,2021,"RandomForest",1,0.44,0
2021-05-18,2021,"RandomForest",1,0.37,0
2021-05-19,2021,"RandomForest",1,0.72,1
2021-05-20,2021,"RandomForest",1,0.444,0
2021-05-21,2021,"RandomForest",1,0.392,0
2021-05-25,2021,"RandomForest",1,0.318,0
2021-05-26,2021,"RandomForest",1,0.33,0
2021-05-27,2021,"RandomForest",1,0.246,0
2021-05-28,2021,"RandomForest",1,0.21,0
2021-05-31,2021,"RandomForest",1,0.358,0
2021-06-01,2021,"RandomForest",1,0.412,0
2021-06-02,2021,"RandomForest",1,0.438,0
2021-06-03,2021,"RandomForest",1,0.448,0
2021-06-04,2021,"RandomForest",1,0.386,0
2021-06-07,2021,"RandomForest",1,0.324,0
2021-06-08,2021,"RandomForest",1,0.34,0
2021-06-09,2021,"RandomForest",1,0.234,0
2021-06-10,2021,"RandomForest",1,0.364,0
2021-06-11,2021,"RandomForest",1,0.228,0
2021-06-14,2021,"RandomForest",1,0.234,0
2021-06-15,2021,"RandomForest",1,0.248,0
2021-06-16,2021,"RandomForest",1,0.366,0
2021-06-17,2021,"RandomForest",1,0.55,1
2021-06-18,2021,"RandomForest",1,0.53,1
2021-06-21,2021,"RandomForest",1,0.578,1
2021-06-22,2021,"RandomForest",1,0.6,1
2021-06-23,2021,"RandomForest",1,0.5,1
2021-06-24,2021,"RandomForest",1,0.692,1
2021-06-25,2021,"RandomForest",1,0.472,0
2021-06-28,2021,"RandomForest",1,0.596,1
2021-06-29,2021,"RandomForest",1,0.532,1
2021-06-30,2021,"RandomForest",1,0.448,0
2021-07-01,2021,"RandomForest",1,0.572,1
2021-07-02,2021,"RandomForest",1,0.524,1
2021-07-05,2021,"RandomForest",1,0.54,1
2021-07-06,2021,"RandomForest",1,0.556,1
2021-07-07,2021,"RandomForest",1,0.56,1
2021-07-08,2021,"RandomForest",1,0.76,1
2021-07-09,2021,"RandomForest",1,0.788,1
2021-07-12,2021,"RandomForest",0,0.744,1
2021-07-13,2021,"RandomForest",1,0.746,1
2021-07-14,2021,"RandomForest",1,0.662,1
2021-07-15,2021,"RandomForest",1,0.826,1
2021-07-16,2021,"RandomForest",1,0.66,1
2021-07-19,2021,"RandomForest",1,0.664,1
2021-07-20,2021,"RandomForest",1,0.794,1
2021-07-21,2021,"RandomForest",1,0.832,1
2021-07-22,2021,"RandomForest",0,0.916,1
2021-07-23,2021,"RandomForest",0,0.65,1
2021-07-26,2021,"RandomForest",0,0.65,1
2021-07-27,2021,"RandomForest",1,0.918,1
2021-07-28,2021,"RandomForest",0,0.694,1
2021-07-29,2021,"RandomForest",0,0.67,1
2021-07-30,2021,"RandomForest",0,0.662,1
2021-08-02,2021,"RandomForest",0,0.574,1
2021-08-03,2021,"RandomForest",0,0.618,1
2021-08-04,2021,"RandomForest",0,0.59,1
2021-08-05,2021,"RandomForest",0,0.742,1
2021-08-06,2021,"RandomForest",1,0.48,0
2021-08-09,2021,"RandomForest",0,0.35,0
2021-08-10,2021,"RandomForest",0,0.356,0
2021-08-11,2021,"RandomForest",0,0.388,0
2021-08-12,2021,"RandomForest",0,0.516,1
2021-08-13,2021,"RandomForest",0,0.514,1
2021-08-16,2021,"RandomForest",0,0.702,1
2021-08-17,2021,"RandomForest",1,0.716,1
2021-08-18,2021,"RandomForest",1,0.77,1
2021-08-19,2021,"RandomForest",1,0.582,1
2021-08-20,2021,"RandomForest",1,0.506,1
2021-08-23,2021,"RandomForest",1,0.65,1
2021-08-24,2021,"RandomForest",1,0.668,1
2021-08-25,2021,"RandomForest",1,0.63,1
2021-08-26,2021,"RandomForest",1,0.536,1
2021-08-27,2021,"RandomForest",1,0.474,0
2021-08-30,2021,"RandomForest",1,0.432,0
2021-08-31,2021,"RandomForest",1,0.462,0
2021-09-01,2021,"RandomForest",1,0.27,0
2021-09-02,2021,"RandomForest",1,0.27,0
2021-09-03,2021,"RandomForest",1,0.308,0
2021-09-06,2021,"RandomForest",1,0.376,0
2021-09-07,2021,"RandomForest",1,0.418,0
2021-09-08,2021,"RandomForest",1,0.4,0
2021-09-09,2021,"RandomForest",1,0.394,0
2021-09-10,2021,"RandomForest",1,0.436,0
2021-09-13,2021,"RandomForest",1,0.402,0
2021-09-14,2021,"RandomForest",1,0.418,0
2021-09-15,2021,"RandomForest",1,0.506,1
2021-09-16,2021,"RandomForest",1,0.416,0
2021-09-17,2021,"RandomForest",0,0.516,1
2021-09-20,2021,"RandomForest",1,0.604,1
2021-09-21,2021,"RandomForest",0,0.724,1
2021-09-22,2021,"RandomForest",1,0.768,1
2021-09-23,2021,"RandomForest",0,0.59,1
2021-09-24,2021,"RandomForest",0,0.78,1
2021-09-27,2021,"RandomForest",0,0.38,0
2021-09-28,2021,"RandomForest",1,0.576,1
2021-09-29,2021,"RandomForest",1,0.394,0
2021-09-30,2021,"RandomForest",1,0.424,0
2021-10-01,2021,"RandomForest",1,0.414,0
2021-10-04,2021,"RandomForest",1,0.342,0
2021-10-05,2021,"RandomForest",1,0.568,1
2021-10-06,2021,"RandomForest",1,0.568,1
2021-10-07,2021,"RandomForest",1,0.888,1
2021-10-08,2021,"RandomForest",1,0.866,1
2021-10-11,2021,"RandomForest",1,0.862,1
2021-10-12,2021,"RandomForest",1,0.862,1
2021-10-13,2021,"RandomForest",1,0.896,1
2021-10-14,2021,"RandomForest",1,0.642,1
2021-10-15,2021,"RandomForest",1,0.586,1
2021-10-18,2021,"RandomForest",1,0.672,1
2021-10-19,2021,"RandomForest",1,0.816,1
2021-10-20,2021,"RandomForest",1,0.646,1
2021-10-21,2021,"RandomForest",1,0.826,1
2021-10-22,2021,"RandomForest",1,0.596,1
2021-10-25,2021,"RandomForest",1,0.664,1
2021-10-26,2021,"RandomForest",1,0.708,1
2021-10-27,2021,"RandomForest",1,0.572,1
2021-10-28,2021,"RandomForest",1,0.5,1
2021-10-29,2021,"RandomForest",1,0.462,0
2021-11-01,2021,"RandomForest",1,0.656,1
2021-11-02,2021,"RandomForest",1,0.62,1
2021-11-03,2021,"RandomForest",0,0.696,1
2021-11-04,2021,"RandomForest",0,0.806,1
2021-11-05,2021,"RandomForest",0,0.674,1
2021-11-08,2021,"RandomForest",0,0.898,1
2021-11-09,2021,"RandomForest",0,0.914,1
2021-11-10,2021,"RandomForest",0,0.922,1
2021-11-11,2021,"RandomForest",0,0.912,1
2021-11-12,2021,"RandomForest",0,0.864,1
2021-11-15,2021,"RandomForest",0,0.714,1
2021-11-16,2021,"RandomForest",0,0.83,1
2021-11-17,2021,"RandomForest",0,0.8,1
2021-11-18,2021,"RandomForest",0,0.818,1
2021-11-19,2021,"RandomForest",0,0.824,1
2021-11-22,2021,"RandomForest",0,0.756,1
2021-11-23,2021,"RandomForest",0,0.644,1
2021-11-24,2021,"RandomForest",0,0.638,1
2021-11-25,2021,"RandomForest",0,0.576,1
2021-11-26,2021,"RandomForest",1,0.538,1
2021-11-29,2021,"RandomForest",1,0.552,1
2021-11-30,2021,"RandomForest",1,0.642,1
2021-12-01,2021,"RandomForest",0,0.714,1
2021-12-02,2021,"RandomForest",0,0.572,1
2021-12-03,2021,"RandomForest",1,0.682,1
2021-12-06,2021,"RandomForest",1,0.746,1
2021-12-07,2021,"RandomForest",0,0.814,1
2021-12-08,2021,"RandomForest",0,0.744,1
2021-12-09,2021,"RandomForest",0,0.738,1
2021-12-10,2021,"RandomForest",0,0.716,1
2021-12-13,2021,"RandomForest",0,0.662,1
2021-12-14,2021,"RandomForest",0,0.508,1
2021-12-15,2021,"RandomForest",0,0.558,1
2021-12-16,2021,"RandomForest",0,0.782,1
2021-12-17,2021,"RandomForest",0,0.682,1
2021-12-20,2021,"RandomForest",0,0.528,1
2021-12-21,2021,"RandomForest",0,0.752,1
2021-12-22,2021,"RandomForest",0,0.794,1
2021-12-23,2021,"RandomForest",0,0.714,1
2021-12-27,2021,"RandomForest",0,0.768,1
2021-12-28,2021,"RandomForest",0,0.632,1
2021-12-29,2021,"RandomForest",0,0.75,1
2021-12-30,2021,"RandomForest",0,0.662,1
2021-01-04,2021,"Random",1,0.587872185911402,0
2021-01-05,2021,"Random",1,0.587872185911402,1
2021-01-06,2021,"Random",1,0.587872185911402,1
2021-01-07,2021,"Random",1,0.587872185911402,1
2021-01-08,2021,"Random",1,0.587872185911402,1
2021-01-11,2021,"Random",1,0.587872185911402,0
2021-01-12,2021,"Random",1,0.587872185911402,0
2021-01-13,2021,"Random",1,0.587872185911402,1
2021-01-14,2021,"Random",1,0.587872185911402,0
2021-01-15,2021,"Random",1,0.587872185911402,0
2021-01-18,2021,"Random",1,0.587872185911402,0
2021-01-19,2021,"Random",1,0.587872185911402,0
2021-01-20,2021,"Random",1,0.587872185911402,0
2021-01-21,2021,"Random",1,0.587872185911402,1
2021-01-22,2021,"Random",1,0.587872185911402,0
2021-01-25,2021,"Random",1,0.587872185911402,1
2021-01-26,2021,"Random",1,0.587872185911402,0
2021-01-27,2021,"Random",1,0.587872185911402,1
2021-01-28,2021,"Random",1,0.587872185911402,1
2021-01-29,2021,"Random",1,0.587872185911402,1
2021-02-01,2021,"Random",1,0.587872185911402,0
2021-02-02,2021,"Random",1,0.587872185911402,1
2021-02-03,2021,"Random",1,0.587872185911402,1
2021-02-04,2021,"Random",1,0.587872185911402,1
2021-02-05,2021,"Random",1,0.587872185911402,0
2021-02-08,2021,"Random",1,0.587872185911402,1
2021-02-09,2021,"Random",1,0.587872185911402,1
2021-02-10,2021,"Random",1,0.587872185911402,1
2021-02-11,2021,"Random",1,0.587872185911402,1
2021-02-12,2021,"Random",1,0.587872185911402,0
2021-02-15,2021,"Random",1,0.587872185911402,1
2021-02-16,2021,"Random",1,0.587872185911402,1
2021-02-17,2021,"Random",1,0.587872185911402,1
2021-02-18,2021,"Random",1,0.587872185911402,1
2021-02-19,2021,"Random",1,0.587872185911402,0
2021-02-22,2021,"Random",1,0.587872185911402,1
2021-02-23,2021,"Random",1,0.587872185911402,0
2021-02-24,2021,"Random",1,0.587872185911402,1
2021-02-25,2021,"Random",1,0.587872185911402,0
2021-02-26,2021,"Random",1,0.587872185911402,1
2021-03-01,2021,"Random",1,0.587872185911402,1
2021-03-02,2021,"Random",1,0.587872185911402,1
2021-03-03,2021,"Random",1,0.587872185911402,1
2021-03-04,2021,"Random",1,0.587872185911402,0
2021-03-05,2021,"Random",1,0.587872185911402,1
2021-03-08,2021,"Random",1,0.587872185911402,0
2021-03-09,2021,"Random",1,0.587872185911402,0
2021-03-10,2021,"Random",1,0.587872185911402,1
2021-03-11,2021,"Random",1,0.587872185911402,1
2021-03-12,2021,"Random",1,0.587872185911402,1
2021-03-15,2021,"Random",1,0.587872185911402,0
2021-03-16,2021,"Random",1,0.587872185911402,1
2021-03-17,2021,"Random",1,0.587872185911402,0
2021-03-18,2021,"Random",1,0.587872185911402,1
2021-03-19,2021,"Random",1,0.587872185911402,1
2021-03-22,2021,"Random",1,0.587872185911402,0
2021-03-23,2021,"Random",1,0.587872185911402,1
2021-03-24,2021,"Random",1,0.587872185911402,1
2021-03-25,2021,"Random",1,0.587872185911402,0
2021-03-26,2021,"Random",1,0.587872185911402,1
2021-03-29,2021,"Random",1,0.587872185911402,0
2021-03-30,2021,"Random",1,0.587872185911402,0
2021-03-31,2021,"Random",1,0.587872185911402,0
2021-04-01,2021,"Random",1,0.587872185911402,0
2021-04-06,2021,"Random",1,0.587872185911402,0
2021-04-07,2021,"Random",1,0.587872185911402,0
2021-04-08,2021,"Random",1,0.587872185911402,1
2021-04-09,2021,"Random",1,0.587872185911402,0
2021-04-12,2021,"Random",1,0.587872185911402,1
2021-04-13,2021,"Random",1,0.587872185911402,1
2021-04-14,2021,"Random",1,0.587872185911402,1
2021-04-15,2021,"Random",1,0.587872185911402,0
2021-04-16,2021,"Random",1,0.587872185911402,0
2021-04-19,2021,"Random",1,0.587872185911402,0
2021-04-20,2021,"Random",1,0.587872185911402,0
2021-04-21,2021,"Random",1,0.587872185911402,1
2021-04-22,2021,"Random",1,0.587872185911402,0
2021-04-23,2021,"Random",1,0.587872185911402,1
2021-04-26,2021,"Random",1,0.587872185911402,1
2021-04-27,2021,"Random",0,0.587872185911402,0
2021-04-28,2021,"Random",1,0.587872185911402,0
2021-04-29,2021,"Random",1,0.587872185911402,1
2021-04-30,2021,"Random",1,0.587872185911402,0
2021-05-03,2021,"Random",1,0.587872185911402,1
2021-05-04,2021,"Random",1,0.587872185911402,1
2021-05-05,2021,"Random",1,0.587872185911402,0
2021-05-06,2021,"Random",0,0.587872185911402,1
2021-05-07,2021,"Random",0,0.587872185911402,1
2021-05-10,2021,"Random",1,0.587872185911402,1
2021-05-11,2021,"Random",1,0.587872185911402,1
2021-05-12,2021,"Random",1,0.587872185911402,1
2021-05-14,2021,"Random",1,0.587872185911402,0
2021-05-17,2021,"Random",1,0.587872185911402,1
2021-05-18,2021,"Random",1,0.587872185911402,1
2021-05-19,2021,"Random",1,0.587872185911402,1
2021-05-20,2021,"Random",1,0.587872185911402,1
2021-05-21,2021,"Random",1,0.587872185911402,1
2021-05-25,2021,"Random",1,0.587872185911402,1
2021-05-26,2021,"Random",1,0.587872185911402,0
2021-05-27,2021,"Random",1,0.587872185911402,1
2021-05-28,2021,"Random",1,0.587872185911402,0
2021-05-31,2021,"Random",1,0.587872185911402,0
2021-06-01,2021,"Random",1,0.587872185911402,0
2021-06-02,2021,"Random",1,0.587872185911402,1
2021-06-03,2021,"Random",1,0.587872185911402,0
2021-06-04,2021,"Random",1,0.587872185911402,1
2021-06-07,2021,"Random",1,0.587872185911402,1
2021-06-08,2021,"Random",1,0.587872185911402,1
2021-06-09,2021,"Random",1,0.587872185911402,0
2021-06-10,2021,"Random",1,0.587872185911402,1
2021-06-11,2021,"Random",1,0.587872185911402,0
2021-06-14,2021,"Random",1,0.587872185911402,1
2021-06-15,2021,"Random",1,0.587872185911402,1
2021-06-16,2021,"Random",1,0.587872185911402,0
2021-06-17,2021,"Random",1,0.587872185911402,0
2021-06-18,2021,"Random",1,0.587872185911402,1
2021-06-21,2021,"Random",1,0.587872185911402,1
2021-06-22,2021,"Random",1,0.587872185911402,0
2021-06-23,2021,"Random",1,0.587872185911402,1
2021-06-24,2021,"Random",1,0.587872185911402,1
2021-06-25,2021,"Random",1,0.587872185911402,0
2021-06-28,2021,"Random",1,0.587872185911402,0
2021-06-29,2021,"Random",1,0.587872185911402,1
2021-06-30,2021,"Random",1,0.587872185911402,1
2021-07-01,2021,"Random",1,0.587872185911402,0
2021-07-02,2021,"Random",1,0.587872185911402,0
2021-07-05,2021,"Random",1,0.587872185911402,1
2021-07-06,2021,"Random",1,0.587872185911402,1
2021-07-07,2021,"Random",1,0.587872185911402,1
2021-07-08,2021,"Random",1,0.587872185911402,1
2021-07-09,2021,"Random",1,0.587872185911402,0
2021-07-12,2021,"Random",0,0.587872185911402,1
2021-07-13,2021,"Random",1,0.587872185911402,0
2021-07-14,2021,"Random",1,0.587872185911402,1
2021-07-15,2021,"Random",1,0.587872185911402,1
2021-07-16,2021,"Random",1,0.587872185911402,0
2021-07-19,2021,"Random",1,0.587872185911402,1
2021-07-20,2021,"Random",1,0.587872185911402,1
2021-07-21,2021,"Random",1,0.587872185911402,0
2021-07-22,2021,"Random",0,0.587872185911402,0
2021-07-23,2021,"Random",0,0.587872185911402,0
2021-07-26,2021,"Random",0,0.587872185911402,0
2021-07-27,2021,"Random",1,0.587872185911402,0
2021-07-28,2021,"Random",0,0.587872185911402,0
2021-07-29,2021,"Random",0,0.587872185911402,0
2021-07-30,2021,"Random",0,0.587872185911402,1
2021-08-02,2021,"Random",0,0.587872185911402,0
2021-08-03,2021,"Random",0,0.587872185911402,0
2021-08-04,2021,"Random",0,0.587872185911402,0
2021-08-05,2021,"Random",0,0.587872185911402,1
2021-08-06,2021,"Random",1,0.587872185911402,1
2021-08-09,2021,"Random",0,0.587872185911402,1
2021-08-10,2021,"Random",0,0.587872185911402,1
2021-08-11,2021,"Random",0,0.587872185911402,1
2021-08-12,2021,"Random",0,0.587872185911402,1
2021-08-13,2021,"Random",0,0.587872185911402,0
2021-08-16,2021,"Random",0,0.587872185911402,1
2021-08-17,2021,"Random",1,0.587872185911402,1
2021-08-18,2021,"Random",1,0.587872185911402,1
2021-08-19,2021,"Random",1,0.587872185911402,0
2021-08-20,2021,"Random",1,0.587872185911402,0
2021-08-23,2021,"Random",1,0.587872185911402,1
2021-08-24,2021,"Random",1,0.587872185911402,0
2021-08-25,2021,"Random",1,0.587872185911402,1
2021-08-26,2021,"Random",1,0.587872185911402,0
2021-08-27,2021,"Random",1,0.587872185911402,1
2021-08-30,2021,"Random",1,0.587872185911402,1
2021-08-31,2021,"Random",1,0.587872185911402,0
2021-09-01,2021,"Random",1,0.587872185911402,0
2021-09-02,2021,"Random",1,0.587872185911402,1
2021-09-03,2021,"Random",1,0.587872185911402,1
2021-09-06,2021,"Random",1,0.587872185911402,1
2021-09-07,2021,"Random",1,0.587872185911402,1
2021-09-08,2021,"Random",1,0.587872185911402,1
2021-09-09,2021,"Random",1,0.587872185911402,1
2021-09-10,2021,"Random",1,0.587872185911402,0
2021-09-13,2021,"Random",1,0.587872185911402,1
2021-09-14,2021,"Random",1,0.587872185911402,1
2021-09-15,2021,"Random",1,0.587872185911402,1
2021-09-16,2021,"Random",1,0.587872185911402,1
2021-09-17,2021,"Random",0,0.587872185911402,1
2021-09-20,2021,"Random",1,0.587872185911402,0
2021-09-21,2021,"Random",0,0.587872185911402,1
2021-09-22,2021,"Random",1,0.587872185911402,1
2021-09-23,2021,"Random",0,0.587872185911402,0
2021-09-24,2021,"Random",0,0.587872185911402,1
2021-09-27,2021,"Random",0,0.587872185911402,0
2021-09-28,2021,"Random",1,0.587872185911402,0
2021-09-29,2021,"Random",1,0.587872185911402,1
2021-09-30,2021,"Random",1,0.587872185911402,1
2021-10-01,2021,"Random",1,0.587872185911402,0
2021-10-04,2021,"Random",1,0.587872185911402,0
2021-10-05,2021,"Random",1,0.587872185911402,0
2021-10-06,2021,"Random",1,0.587872185911402,1
2021-10-07,2021,"Random",1,0.587872185911402,1
2021-10-08,2021,"Random",1,0.587872185911402,0
2021-10-11,2021,"Random",1,0.587872185911402,1
2021-10-12,2021,"Random",1,0.587872185911402,1
2021-10-13,2021,"Random",1,0.587872185911402,1
2021-10-14,2021,"Random",1,0.587872185911402,1
2021-10-15,2021,"Random",1,0.587872185911402,0
2021-10-18,2021,"Random",1,0.587872185911402,0
2021-10-19,2021,"Random",1,0.587872185911402,1
2021-10-20,2021,"Random",1,0.587872185911402,1
2021-10-21,2021,"Random",1,0.587872185911402,1
2021-10-22,2021,"Random",1,0.587872185911402,1
2021-10-25,2021,"Random",1,0.587872185911402,1
2021-10-26,2021,"Random",1,0.587872185911402,0
2021-10-27,2021,"Random",1,0.587872185911402,1
2021-10-28,2021,"Random",1,0.587872185911402,1
2021-10-29,2021,"Random",1,0.587872185911402,0
2021-11-01,2021,"Random",1,0.587872185911402,1
2021-11-02,2021,"Random",1,0.587872185911402,0
2021-11-03,2021,"Random",0,0.587872185911402,1
2021-11-04,2021,"Random",0,0.587872185911402,0
2021-11-05,2021,"Random",0,0.587872185911402,1
2021-11-08,2021,"Random",0,0.587872185911402,1
2021-11-09,2021,"Random",0,0.587872185911402,0
2021-11-10,2021,"Random",0,0.587872185911402,1
2021-11-11,2021,"Random",0,0.587872185911402,1
2021-11-12,2021,"Random",0,0.587872185911402,0
2021-11-15,2021,"Random",0,0.587872185911402,0
2021-11-16,2021,"Random",0,0.587872185911402,0
2021-11-17,2021,"Random",0,0.587872185911402,1
2021-11-18,2021,"Random",0,0.587872185911402,1
2021-11-19,2021,"Random",0,0.587872185911402,1
2021-11-22,2021,"Random",0,0.587872185911402,1
2021-11-23,2021,"Random",0,0.587872185911402,1
2021-11-24,2021,"Random",0,0.587872185911402,0
2021-11-25,2021,"Random",0,0.587872185911402,0
2021-11-26,2021,"Random",1,0.587872185911402,1
2021-11-29,2021,"Random",1,0.587872185911402,0
2021-11-30,2021,"Random",1,0.587872185911402,1
2021-12-01,2021,"Random",0,0.587872185911402,1
2021-12-02,2021,"Random",0,0.587872185911402,0
2021-12-03,2021,"Random",1,0.587872185911402,0
2021-12-06,2021,"Random",1,0.587872185911402,0
2021-12-07,2021,"Random",0,0.587872185911402,0
2021-12-08,2021,"Random",0,0.587872185911402,1
2021-12-09,2021,"Random",0,0.587872185911402,0
2021-12-10,2021,"Random",0,0.587872185911402,1
2021-12-13,2021,"Random",0,0.587872185911402,1
2021-12-14,2021,"Random",0,0.587872185911402,1
2021-12-15,2021,"Random",0,0.587872185911402,1
2021-12-16,2021,"Random",0,0.587872185911402,1
2021-12-17,2021,"Random",0,0.587872185911402,1
2021-12-20,2021,"Random",0,0.587872185911402,1
2021-12-21,2021,"Random",0,0.587872185911402,1
2021-12-22,2021,"Random",0,0.587872185911402,1
2021-12-23,2021,"Random",0,0.587872185911402,1
2021-12-27,2021,"Random",0,0.587872185911402,0
2021-12-28,2021,"Random",0,0.587872185911402,0
2021-12-29,2021,"Random",0,0.587872185911402,1
2021-12-30,2021,"Random",0,0.587872185911402,1
2022-01-03,2022,"Logistic",0,0.54152916599728,1
2022-01-04,2022,"Logistic",0,0.570469289429916,1
2022-01-05,2022,"Logistic",0,0.585554883851111,1
2022-01-06,2022,"Logistic",0,0.547761787746586,1
2022-01-07,2022,"Logistic",0,0.552666587673273,1
2022-01-10,2022,"Logistic",0,0.573993575139144,1
2022-01-11,2022,"Logistic",0,0.592620643809391,1
2022-01-12,2022,"Logistic",0,0.588648810203285,1
2022-01-13,2022,"Logistic",0,0.626495568999052,1
2022-01-14,2022,"Logistic",0,0.678824280401927,1
2022-01-17,2022,"Logistic",0,0.651924681714553,1
2022-01-18,2022,"Logistic",0,0.682638114912441,1
2022-01-19,2022,"Logistic",0,0.661820431903954,1
2022-01-20,2022,"Logistic",0,0.630136189528784,1
2022-01-21,2022,"Logistic",0,0.656935088043199,1
2022-01-24,2022,"Logistic",0,0.731647933977397,1
2022-01-25,2022,"Logistic",0,0.721698638378165,1
2022-01-26,2022,"Logistic",0,0.690073579901338,1
2022-01-27,2022,"Logistic",0,0.662838482631391,1
2022-01-28,2022,"Logistic",0,0.695024702135276,1
2022-01-31,2022,"Logistic",0,0.677045137250386,1
2022-02-01,2022,"Logistic",0,0.640560833922389,1
2022-02-02,2022,"Logistic",0,0.602126209302447,1
2022-02-03,2022,"Logistic",0,0.643161748858831,1
2022-02-04,2022,"Logistic",0,0.681741922773397,1
2022-02-07,2022,"Logistic",0,0.689884463466187,1
2022-02-08,2022,"Logistic",0,0.661489846447518,1
2022-02-09,2022,"Logistic",0,0.59853568326545,1
2022-02-10,2022,"Logistic",0,0.590242912491605,1
2022-02-11,2022,"Logistic",0,0.644377814564211,1
2022-02-14,2022,"Logistic",0,0.686387073670483,1
2022-02-15,2022,"Logistic",0,0.639791350982378,1
2022-02-16,2022,"Logistic",0,0.630504105967452,1
2022-02-17,2022,"Logistic",0,0.635736946242495,1
2022-02-18,2022,"Logistic",0,0.670761616370727,1
2022-02-21,2022,"Logistic",0,0.693956010829404,1
2022-02-22,2022,"Logistic",0,0.641626866851722,1
2022-02-23,2022,"Logistic",0,0.616537261335444,1
2022-02-24,2022,"Logistic",0,0.680426151012019,1
2022-02-25,2022,"Logistic",0,0.696623953373952,1
2022-02-28,2022,"Logistic",0,0.716764586906271,1
2022-03-01,2022,"Logistic",0,0.813216633341311,1
2022-03-02,2022,"Logistic",0,0.768291994022503,1
2022-03-03,2022,"Logistic",0,0.809545264526,1
2022-03-04,2022,"Logistic",1,0.880981058845195,1
2022-03-07,2022,"Logistic",1,0.86094745839825,1
2022-03-08,2022,"Logistic",1,0.850919939914002,1
2022-03-09,2022,"Logistic",0,0.837551443700521,1
2022-03-10,2022,"Logistic",1,0.87932143519177,1
2022-03-11,2022,"Logistic",0,0.8497115312516,1
2022-03-14,2022,"Logistic",0,0.822971375708747,1
2022-03-15,2022,"Logistic",1,0.796825607621221,1
2022-03-16,2022,"Logistic",0,0.705491916506925,1
2022-03-17,2022,"Logistic",0,0.701817552897373,1
2022-03-18,2022,"Logistic",0,0.713091338761583,1
2022-03-21,2022,"Logistic",0,0.748851769829195,1
2022-03-22,2022,"Logistic",0,0.752940590514415,1
2022-03-23,2022,"Logistic",0,0.741267938558808,1
2022-03-24,2022,"Logistic",0,0.76552532958678,1
2022-03-25,2022,"Logistic",0,0.76101722835264,1
2022-03-28,2022,"Logistic",0,0.757317692535518,1
2022-03-29,2022,"Logistic",0,0.744420935566312,1
2022-03-30,2022,"Logistic",0,0.751227909737099,1
2022-03-31,2022,"Logistic",0,0.783066250350669,1
2022-04-01,2022,"Logistic",0,0.75767682545394,1
2022-04-04,2022,"Logistic",0,0.767516378236379,1
2022-04-05,2022,"Logistic",0,0.825448594476561,1
2022-04-06,2022,"Logistic",0,0.825878714422943,1
2022-04-07,2022,"Logistic",0,0.84212524723163,1
2022-04-08,2022,"Logistic",0,0.817225084971483,1
2022-04-11,2022,"Logistic",0,0.828070559812186,1
2022-04-12,2022,"Logistic",0,0.810746413654392,1
2022-04-13,2022,"Logistic",0,0.778394502569925,1
2022-04-14,2022,"Logistic",0,0.77034290541433,1
2022-04-19,2022,"Logistic",0,0.77038645953959,1
2022-04-20,2022,"Logistic",0,0.731732641829696,1
2022-04-21,2022,"Logistic",0,0.685876646633998,1
2022-04-22,2022,"Logistic",0,0.763767038978103,1
2022-04-25,2022,"Logistic",0,0.821137527412626,1
2022-04-26,2022,"Logistic",0,0.829192366049677,1
2022-04-27,2022,"Logistic",0,0.79590168285082,1
2022-04-28,2022,"Logistic",0,0.753826960359274,1
2022-04-29,2022,"Logistic",0,0.742664440195425,1
2022-05-02,2022,"Logistic",0,0.78346115210387,1
2022-05-03,2022,"Logistic",0,0.769837490978222,1
2022-05-04,2022,"Logistic",0,0.772940530071909,1
2022-05-05,2022,"Logistic",0,0.75853399842154,1
2022-05-06,2022,"Logistic",0,0.752590140661268,1
2022-05-09,2022,"Logistic",1,0.802239368099766,1
2022-05-10,2022,"Logistic",1,0.785451052249213,1
2022-05-11,2022,"Logistic",0,0.775852958187502,1
2022-05-12,2022,"Logistic",0,0.767267558524379,1
2022-05-13,2022,"Logistic",0,0.727370834611012,1
2022-05-16,2022,"Logistic",0,0.744435512173285,1
2022-05-17,2022,"Logistic",0,0.682231559386913,1
2022-05-18,2022,"Logistic",1,0.697408463301062,1
2022-05-19,2022,"Logistic",1,0.723803358193518,1
2022-05-20,2022,"Logistic",1,0.658630198955827,1
2022-05-23,2022,"Logistic",1,0.636043721755873,1
2022-05-24,2022,"Logistic",1,0.696482261994806,1
2022-05-25,2022,"Logistic",1,0.651472202017086,1
2022-05-27,2022,"Logistic",0,0.604339805139515,1
2022-05-30,2022,"Logistic",0,0.573253330472021,1
2022-05-31,2022,"Logistic",0,0.606958945161688,1
2022-06-01,2022,"Logistic",1,0.620495670577704,1
2022-06-02,2022,"Logistic",0,0.608234421593316,1
2022-06-03,2022,"Logistic",1,0.623163336257232,1
2022-06-07,2022,"Logistic",0,0.600000071022608,1
2022-06-08,2022,"Logistic",0,0.611581126040134,1
2022-06-09,2022,"Logistic",1,0.697739795845196,1
2022-06-10,2022,"Logistic",1,0.815401497207998,1
2022-06-13,2022,"Logistic",1,0.827413263202612,1
2022-06-14,2022,"Logistic",1,0.808654661848858,1
2022-06-15,2022,"Logistic",1,0.796636829022173,1
2022-06-16,2022,"Logistic",1,0.84122623702992,1
2022-06-17,2022,"Logistic",1,0.839963193606625,1
2022-06-20,2022,"Logistic",1,0.831520063924903,1
2022-06-21,2022,"Logistic",1,0.810165399690693,1
2022-06-22,2022,"Logistic",0,0.796663888301349,1
2022-06-23,2022,"Logistic",1,0.80401022607955,1
2022-06-24,2022,"Logistic",0,0.791513494965368,1
2022-06-27,2022,"Logistic",0,0.759420439175253,1
2022-06-28,2022,"Logistic",0,0.742510508805653,1
2022-06-29,2022,"Logistic",0,0.737228724823923,1
2022-06-30,2022,"Logistic",1,0.778925062122165,1
2022-07-01,2022,"Logistic",1,0.765744409970812,1
2022-07-04,2022,"Logistic",1,0.753862855430733,1
2022-07-05,2022,"Logistic",1,0.788314780402365,1
2022-07-06,2022,"Logistic",1,0.761999081625825,1
2022-07-07,2022,"Logistic",1,0.721136845247635,1
2022-07-08,2022,"Logistic",0,0.663634687458684,1
2022-07-11,2022,"Logistic",0,0.669756223291951,1
2022-07-12,2022,"Logistic",1,0.656149593703009,1
2022-07-13,2022,"Logistic",0,0.661989005377148,1
2022-07-14,2022,"Logistic",0,0.714163475809316,1
2022-07-15,2022,"Logistic",0,0.671492842691316,1
2022-07-18,2022,"Logistic",0,0.596229244509282,1
2022-07-19,2022,"Logistic",0,0.589106012679288,1
2022-07-20,2022,"Logistic",0,0.605832911473426,1
2022-07-21,2022,"Logistic",0,0.60329654810474,1
2022-07-22,2022,"Logistic",0,0.567976435526724,1
2022-07-25,2022,"Logistic",0,0.5734424655092,1
2022-07-26,2022,"Logistic",0,0.576824125713351,1
2022-07-27,2022,"Logistic",0,0.566096194986667,1
2022-07-28,2022,"Logistic",0,0.572275412162688,1
2022-07-29,2022,"Logistic",0,0.587133101104036,1
2022-08-02,2022,"Logistic",0,0.59602323885746,1
2022-08-03,2022,"Logistic",0,0.559452101404234,1
2022-08-04,2022,"Logistic",0,0.575645647569791,1
2022-08-05,2022,"Logistic",0,0.57984918725736,1
2022-08-08,2022,"Logistic",0,0.556294848217513,1
2022-08-09,2022,"Logistic",0,0.587412625240218,1
2022-08-10,2022,"Logistic",0,0.568692420019711,1
2022-08-11,2022,"Logistic",0,0.573421314078963,1
2022-08-12,2022,"Logistic",0,0.56188583732565,1
2022-08-15,2022,"Logistic",0,0.546067500528403,1
2022-08-16,2022,"Logistic",0,0.572296319884844,1
2022-08-17,2022,"Logistic",0,0.561163924324996,1
2022-08-18,2022,"Logistic",0,0.56782880677999,1
2022-08-19,2022,"Logistic",0,0.620249957128415,1
2022-08-22,2022,"Logistic",0,0.667092142701819,1
2022-08-23,2022,"Logistic",0,0.669307007455957,1
2022-08-24,2022,"Logistic",0,0.661280175706839,1
2022-08-25,2022,"Logistic",0,0.655881348916625,1
2022-08-26,2022,"Logistic",1,0.66830030589317,1
2022-08-29,2022,"Logistic",1,0.634009094986422,1
2022-08-30,2022,"Logistic",1,0.628304287414992,1
2022-08-31,2022,"Logistic",1,0.629501310723504,1
2022-09-01,2022,"Logistic",1,0.612409935183219,1
2022-09-02,2022,"Logistic",1,0.647625407965703,1
2022-09-05,2022,"Logistic",1,0.664763163486839,1
2022-09-06,2022,"Logistic",1,0.660336827106288,1
2022-09-07,2022,"Logistic",1,0.641699684800179,1
2022-09-08,2022,"Logistic",1,0.617739346983554,1
2022-09-09,2022,"Logistic",1,0.595692491493791,1
2022-09-12,2022,"Logistic",1,0.557873030260533,1
2022-09-13,2022,"Logistic",1,0.583460884603332,1
2022-09-14,2022,"Logistic",1,0.586890108315377,1
2022-09-15,2022,"Logistic",1,0.607686351679485,1
2022-09-16,2022,"Logistic",1,0.622357713078752,1
2022-09-19,2022,"Logistic",1,0.620597889667177,1
2022-09-20,2022,"Logistic",1,0.652312808268307,1
2022-09-21,2022,"Logistic",1,0.629932800436835,1
2022-09-22,2022,"Logistic",1,0.689832857981699,1
2022-09-23,2022,"Logistic",1,0.688312903656922,1
2022-09-26,2022,"Logistic",1,0.658265350537022,1
2022-09-27,2022,"Logistic",1,0.65760064567598,1
2022-09-28,2022,"Logistic",1,0.601108068425627,1
2022-09-29,2022,"Logistic",1,0.64264906749998,1
2022-09-30,2022,"Logistic",1,0.647623581877505,1
2022-10-03,2022,"Logistic",1,0.633852362465748,1
2022-10-04,2022,"Logistic",1,0.639014593673402,1
2022-10-05,2022,"Logistic",1,0.623853939684826,1
2022-10-06,2022,"Logistic",1,0.638528646141774,1
2022-10-07,2022,"Logistic",1,0.682020719632542,1
2022-10-10,2022,"Logistic",1,0.65547123524968,1
2022-10-11,2022,"Logistic",1,0.656615907071316,1
2022-10-12,2022,"Logistic",1,0.656494396272434,1
2022-10-13,2022,"Logistic",1,0.650532047152661,1
2022-10-14,2022,"Logistic",1,0.633116960034024,1
2022-10-17,2022,"Logistic",1,0.595556641227296,1
2022-10-18,2022,"Logistic",1,0.565141109686069,1
2022-10-19,2022,"Logistic",1,0.546054286914425,1
2022-10-20,2022,"Logistic",1,0.50737695284666,1
2022-10-21,2022,"Logistic",1,0.507180279847948,1
2022-10-24,2022,"Logistic",1,0.532016025910475,1
2022-10-25,2022,"Logistic",1,0.532238389249738,1
2022-10-26,2022,"Logistic",1,0.552649485212632,1
2022-10-27,2022,"Logistic",1,0.565984215959642,1
2022-10-28,2022,"Logistic",1,0.574253472316913,1
2022-10-31,2022,"Logistic",1,0.580863041387726,1
2022-11-01,2022,"Logistic",1,0.525755629580333,1
2022-11-02,2022,"Logistic",1,0.524900266025065,1
2022-11-03,2022,"Logistic",1,0.524090331676494,1
2022-11-04,2022,"Logistic",1,0.508281550042659,1
2022-11-07,2022,"Logistic",1,0.503403751202503,1
2022-11-08,2022,"Logistic",1,0.49282327929553,0
2022-11-09,2022,"Logistic",1,0.505890335115892,1
2022-11-10,2022,"Logistic",1,0.507097676746659,1
2022-11-11,2022,"Logistic",1,0.520600559588227,1
2022-11-14,2022,"Logistic",1,0.530295872984065,1
2022-11-15,2022,"Logistic",1,0.523838554659416,1
2022-11-16,2022,"Logistic",1,0.543067768120901,1
2022-11-17,2022,"Logistic",1,0.566638233348095,1
2022-11-18,2022,"Logistic",1,0.535722203489291,1
2022-11-21,2022,"Logistic",1,0.5426728759021,1
2022-11-22,2022,"Logistic",1,0.530462930372115,1
2022-11-23,2022,"Logistic",1,0.552630522033115,1
2022-11-24,2022,"Logistic",1,0.57247716786283,1
2022-11-25,2022,"Logistic",1,0.582219320829975,1
2022-11-28,2022,"Logistic",1,0.57686943435867,1
2022-11-29,2022,"Logistic",1,0.579983437479086,1
2022-11-30,2022,"Logistic",1,0.600743578279582,1
2022-12-01,2022,"Logistic",1,0.625087552894172,1
2022-12-02,2022,"Logistic",1,0.602880911366882,1
2022-12-05,2022,"Logistic",1,0.620242336757371,1
2022-12-06,2022,"Logistic",1,0.630289139401489,1
2022-12-07,2022,"Logistic",1,0.69439231657039,1
2022-12-08,2022,"Logistic",1,0.665750295561357,1
2022-12-09,2022,"Logistic",1,0.645817523498551,1
2022-12-12,2022,"Logistic",1,0.672118963396892,1
2022-12-13,2022,"Logistic",1,0.588519458181502,1
2022-12-14,2022,"Logistic",1,0.587751413331476,1
2022-12-15,2022,"Logistic",1,0.63674992149673,1
2022-12-16,2022,"Logistic",1,0.599948529097669,1
2022-12-19,2022,"Logistic",1,0.607530849194974,1
2022-12-20,2022,"Logistic",1,0.594119191401673,1
2022-12-21,2022,"Logistic",1,0.606067440212625,1
2022-12-22,2022,"Logistic",1,0.638574377630324,1
2022-12-23,2022,"Logistic",1,0.637815903019794,1
2022-12-27,2022,"Logistic",1,0.634766921636972,1
2022-12-28,2022,"Logistic",1,0.629696398038236,1
2022-12-29,2022,"Logistic",1,0.607247270345232,1
2022-12-30,2022,"Logistic",1,0.648081437645043,1
2022-01-03,2022,"DecisionTree",0,0.595744680851064,1
2022-01-04,2022,"DecisionTree",0,0.595744680851064,1
2022-01-05,2022,"DecisionTree",0,0.595744680851064,1
2022-01-06,2022,"DecisionTree",0,0.595744680851064,1
2022-01-07,2022,"DecisionTree",0,0.676835081029552,1
2022-01-10,2022,"DecisionTree",0,0.676835081029552,1
2022-01-11,2022,"DecisionTree",0,0.676835081029552,1
2022-01-12,2022,"DecisionTree",0,0.676835081029552,1
2022-01-13,2022,"DecisionTree",0,0.676835081029552,1
2022-01-14,2022,"DecisionTree",0,0.676835081029552,1
2022-01-17,2022,"DecisionTree",0,0.676835081029552,1
2022-01-18,2022,"DecisionTree",0,0.676835081029552,1
2022-01-19,2022,"DecisionTree",0,0.676835081029552,1
2022-01-20,2022,"DecisionTree",0,0.676835081029552,1
2022-01-21,2022,"DecisionTree",0,0.676835081029552,1
2022-01-24,2022,"DecisionTree",0,0.676835081029552,1
2022-01-25,2022,"DecisionTree",0,0.676835081029552,1
2022-01-26,2022,"DecisionTree",0,0.676835081029552,1
2022-01-27,2022,"DecisionTree",0,0.676835081029552,1
2022-01-28,2022,"DecisionTree",0,0.676835081029552,1
2022-01-31,2022,"DecisionTree",0,0.676835081029552,1
2022-02-01,2022,"DecisionTree",0,0.676835081029552,1
2022-02-02,2022,"DecisionTree",0,0.676835081029552,1
2022-02-03,2022,"DecisionTree",0,0.676835081029552,1
2022-02-04,2022,"DecisionTree",0,0.676835081029552,1
2022-02-07,2022,"DecisionTree",0,0.676835081029552,1
2022-02-08,2022,"DecisionTree",0,0.676835081029552,1
2022-02-09,2022,"DecisionTree",0,0.676835081029552,1
2022-02-10,2022,"DecisionTree",0,0.676835081029552,1
2022-02-11,2022,"DecisionTree",0,0.676835081029552,1
2022-02-14,2022,"DecisionTree",0,0.676835081029552,1
2022-02-15,2022,"DecisionTree",0,0.676835081029552,1
2022-02-16,2022,"DecisionTree",0,0.676835081029552,1
2022-02-17,2022,"DecisionTree",0,0.676835081029552,1
2022-02-18,2022,"DecisionTree",0,0.676835081029552,1
2022-02-21,2022,"DecisionTree",0,0.676835081029552,1
2022-02-22,2022,"DecisionTree",0,0.676835081029552,1
2022-02-23,2022,"DecisionTree",0,0.676835081029552,1
2022-02-24,2022,"DecisionTree",0,0.676835081029552,1
2022-02-25,2022,"DecisionTree",0,0.178571428571429,0
2022-02-28,2022,"DecisionTree",0,0.178571428571429,0
2022-03-01,2022,"DecisionTree",0,0.888888888888889,1
2022-03-02,2022,"DecisionTree",0,0.888888888888889,1
2022-03-03,2022,"DecisionTree",0,0.888888888888889,1
2022-03-04,2022,"DecisionTree",1,0.888888888888889,1
2022-03-07,2022,"DecisionTree",1,0.888888888888889,1
2022-03-08,2022,"DecisionTree",1,0.888888888888889,1
2022-03-09,2022,"DecisionTree",0,0.888888888888889,1
2022-03-10,2022,"DecisionTree",1,0.888888888888889,1
2022-03-11,2022,"DecisionTree",0,0.888888888888889,1
2022-03-14,2022,"DecisionTree",0,0.888888888888889,1
2022-03-15,2022,"DecisionTree",1,0.888888888888889,1
2022-03-16,2022,"DecisionTree",0,0.888888888888889,1
2022-03-17,2022,"DecisionTree",0,0.888888888888889,1
2022-03-18,2022,"DecisionTree",0,0.888888888888889,1
2022-03-21,2022,"DecisionTree",0,0.888888888888889,1
2022-03-22,2022,"DecisionTree",0,0.888888888888889,1
2022-03-23,2022,"DecisionTree",0,0.888888888888889,1
2022-03-24,2022,"DecisionTree",0,0.888888888888889,1
2022-03-25,2022,"DecisionTree",0,0.888888888888889,1
2022-03-28,2022,"DecisionTree",0,0.888888888888889,1
2022-03-29,2022,"DecisionTree",0,0.888888888888889,1
2022-03-30,2022,"DecisionTree",0,0.888888888888889,1
2022-03-31,2022,"DecisionTree",0,0.888888888888889,1
2022-04-01,2022,"DecisionTree",0,0.888888888888889,1
2022-04-04,2022,"DecisionTree",0,0.888888888888889,1
2022-04-05,2022,"DecisionTree",0,0.888888888888889,1
2022-04-06,2022,"DecisionTree",0,1,1
2022-04-07,2022,"DecisionTree",0,1,1
2022-04-08,2022,"DecisionTree",0,1,1
2022-04-11,2022,"DecisionTree",0,1,1
2022-04-12,2022,"DecisionTree",0,1,1
2022-04-13,2022,"DecisionTree",0,1,1
2022-04-14,2022,"DecisionTree",0,1,1
2022-04-19,2022,"DecisionTree",0,1,1
2022-04-20,2022,"DecisionTree",0,1,1
2022-04-21,2022,"DecisionTree",0,0.595744680851064,1
2022-04-22,2022,"DecisionTree",0,1,1
2022-04-25,2022,"DecisionTree",0,1,1
2022-04-26,2022,"DecisionTree",0,1,1
2022-04-27,2022,"DecisionTree",0,1,1
2022-04-28,2022,"DecisionTree",0,1,1
2022-04-29,2022,"DecisionTree",0,1,1
2022-05-02,2022,"DecisionTree",0,1,1
2022-05-03,2022,"DecisionTree",0,1,1
2022-05-04,2022,"DecisionTree",0,1,1
2022-05-05,2022,"DecisionTree",0,1,1
2022-05-06,2022,"DecisionTree",0,1,1
2022-05-09,2022,"DecisionTree",1,1,1
2022-05-10,2022,"DecisionTree",1,1,1
2022-05-11,2022,"DecisionTree",0,1,1
2022-05-12,2022,"DecisionTree",0,1,1
2022-05-13,2022,"DecisionTree",0,1,1
2022-05-16,2022,"DecisionTree",0,1,1
2022-05-17,2022,"DecisionTree",0,0.676835081029552,1
2022-05-18,2022,"DecisionTree",1,0.676835081029552,1
2022-05-19,2022,"DecisionTree",1,0.676835081029552,1
2022-05-20,2022,"DecisionTree",1,0.676835081029552,1
2022-05-23,2022,"DecisionTree",1,0.676835081029552,1
2022-05-24,2022,"DecisionTree",1,0.676835081029552,1
2022-05-25,2022,"DecisionTree",1,0.676835081029552,1
2022-05-27,2022,"DecisionTree",0,0.788888888888889,1
2022-05-30,2022,"DecisionTree",0,0.788888888888889,1
2022-05-31,2022,"DecisionTree",0,0.788888888888889,1
2022-06-01,2022,"DecisionTree",1,0.9,1
2022-06-02,2022,"DecisionTree",0,0.788888888888889,1
2022-06-03,2022,"DecisionTree",1,0.788888888888889,1
2022-06-07,2022,"DecisionTree",0,0.788888888888889,1
2022-06-08,2022,"DecisionTree",0,0.676835081029552,1
2022-06-09,2022,"DecisionTree",1,0.676835081029552,1
2022-06-10,2022,"DecisionTree",1,0.676835081029552,1
2022-06-13,2022,"DecisionTree",1,0.9,1
2022-06-14,2022,"DecisionTree",1,0.676835081029552,1
2022-06-15,2022,"DecisionTree",1,0.9,1
2022-06-16,2022,"DecisionTree",1,0.888888888888889,1
2022-06-17,2022,"DecisionTree",1,0.9,1
2022-06-20,2022,"DecisionTree",1,0.9,1
2022-06-21,2022,"DecisionTree",1,0.9,1
2022-06-22,2022,"DecisionTree",0,0.9,1
2022-06-23,2022,"DecisionTree",1,0.9,1
2022-06-24,2022,"DecisionTree",0,0.9,1
2022-06-27,2022,"DecisionTree",0,0.676835081029552,1
2022-06-28,2022,"DecisionTree",0,0.676835081029552,1
2022-06-29,2022,"DecisionTree",0,0.676835081029552,1
2022-06-30,2022,"DecisionTree",1,0.676835081029552,1
2022-07-01,2022,"DecisionTree",1,0.676835081029552,1
2022-07-04,2022,"DecisionTree",1,0.676835081029552,1
2022-07-05,2022,"DecisionTree",1,0.676835081029552,1
2022-07-06,2022,"DecisionTree",1,0.9,1
2022-07-07,2022,"DecisionTree",1,0.9,1
2022-07-08,2022,"DecisionTree",0,0.676835081029552,1
2022-07-11,2022,"DecisionTree",0,0.676835081029552,1
2022-07-12,2022,"DecisionTree",1,0.676835081029552,1
2022-07-13,2022,"DecisionTree",0,0.676835081029552,1
2022-07-14,2022,"DecisionTree",0,0.676835081029552,1
2022-07-15,2022,"DecisionTree",0,0.676835081029552,1
2022-07-18,2022,"DecisionTree",0,0.676835081029552,1
2022-07-19,2022,"DecisionTree",0,0.788888888888889,1
2022-07-20,2022,"DecisionTree",0,0.788888888888889,1
2022-07-21,2022,"DecisionTree",0,0.788888888888889,1
2022-07-22,2022,"DecisionTree",0,0.595744680851064,1
2022-07-25,2022,"DecisionTree",0,0.595744680851064,1
2022-07-26,2022,"DecisionTree",0,0.595744680851064,1
2022-07-27,2022,"DecisionTree",0,0.595744680851064,1
2022-07-28,2022,"DecisionTree",0,0.595744680851064,1
2022-07-29,2022,"DecisionTree",0,0.0714285714285714,0
2022-08-02,2022,"DecisionTree",0,0.0714285714285714,0
2022-08-03,2022,"DecisionTree",0,0.0714285714285714,0
2022-08-04,2022,"DecisionTree",0,0.0714285714285714,0
2022-08-05,2022,"DecisionTree",0,0.0714285714285714,0
2022-08-08,2022,"DecisionTree",0,0.0714285714285714,0
2022-08-09,2022,"DecisionTree",0,0.0714285714285714,0
2022-08-10,2022,"DecisionTree",0,0.0714285714285714,0
2022-08-11,2022,"DecisionTree",0,0.0714285714285714,0
2022-08-12,2022,"DecisionTree",0,0.0517241379310345,0
2022-08-15,2022,"DecisionTree",0,0.0517241379310345,0
2022-08-16,2022,"DecisionTree",0,0.0517241379310345,0
2022-08-17,2022,"DecisionTree",0,0,0
2022-08-18,2022,"DecisionTree",0,0.0517241379310345,0
2022-08-19,2022,"DecisionTree",0,0.676835081029552,1
2022-08-22,2022,"DecisionTree",0,0.676835081029552,1
2022-08-23,2022,"DecisionTree",0,0.676835081029552,1
2022-08-24,2022,"DecisionTree",0,0.676835081029552,1
2022-08-25,2022,"DecisionTree",0,0.676835081029552,1
2022-08-26,2022,"DecisionTree",1,0.676835081029552,1
2022-08-29,2022,"DecisionTree",1,0.676835081029552,1
2022-08-30,2022,"DecisionTree",1,0.676835081029552,1
2022-08-31,2022,"DecisionTree",1,0.676835081029552,1
2022-09-01,2022,"DecisionTree",1,0.676835081029552,1
2022-09-02,2022,"DecisionTree",1,0.676835081029552,1
2022-09-05,2022,"DecisionTree",1,0.676835081029552,1
2022-09-06,2022,"DecisionTree",1,0.676835081029552,1
2022-09-07,2022,"DecisionTree",1,0.676835081029552,1
2022-09-08,2022,"DecisionTree",1,0.676835081029552,1
2022-09-09,2022,"DecisionTree",1,0.676835081029552,1
2022-09-12,2022,"DecisionTree",1,0.595744680851064,1
2022-09-13,2022,"DecisionTree",1,0.676835081029552,1
2022-09-14,2022,"DecisionTree",1,0.676835081029552,1
2022-09-15,2022,"DecisionTree",1,0.676835081029552,1
2022-09-16,2022,"DecisionTree",1,0.676835081029552,1
2022-09-19,2022,"DecisionTree",1,0.676835081029552,1
2022-09-20,2022,"DecisionTree",1,0.676835081029552,1
2022-09-21,2022,"DecisionTree",1,0.676835081029552,1
2022-09-22,2022,"DecisionTree",1,0.676835081029552,1
2022-09-23,2022,"DecisionTree",1,0.676835081029552,1
2022-09-26,2022,"DecisionTree",1,0.676835081029552,1
2022-09-27,2022,"DecisionTree",1,0.676835081029552,1
2022-09-28,2022,"DecisionTree",1,0.676835081029552,1
2022-09-29,2022,"DecisionTree",1,0.676835081029552,1
2022-09-30,2022,"DecisionTree",1,0.676835081029552,1
2022-10-03,2022,"DecisionTree",1,0.676835081029552,1
2022-10-04,2022,"DecisionTree",1,0.788888888888889,1
2022-10-05,2022,"DecisionTree",1,0.676835081029552,1
2022-10-06,2022,"DecisionTree",1,0.676835081029552,1
2022-10-07,2022,"DecisionTree",1,0.676835081029552,1
2022-10-10,2022,"DecisionTree",1,0.676835081029552,1
2022-10-11,2022,"DecisionTree",1,0.676835081029552,1
2022-10-12,2022,"DecisionTree",1,0.676835081029552,1
2022-10-13,2022,"DecisionTree",1,0.676835081029552,1
2022-10-14,2022,"DecisionTree",1,0.676835081029552,1
2022-10-17,2022,"DecisionTree",1,0.676835081029552,1
2022-10-18,2022,"DecisionTree",1,0.788888888888889,1
2022-10-19,2022,"DecisionTree",1,0.788888888888889,1
2022-10-20,2022,"DecisionTree",1,0.595744680851064,1
2022-10-21,2022,"DecisionTree",1,0.595744680851064,1
2022-10-24,2022,"DecisionTree",1,0.595744680851064,1
2022-10-25,2022,"DecisionTree",1,0.595744680851064,1
2022-10-26,2022,"DecisionTree",1,0.595744680851064,1
2022-10-27,2022,"DecisionTree",1,0.595744680851064,1
2022-10-28,2022,"DecisionTree",1,0.595744680851064,1
2022-10-31,2022,"DecisionTree",1,0.0714285714285714,0
2022-11-01,2022,"DecisionTree",1,0.0714285714285714,0
2022-11-02,2022,"DecisionTree",1,0.0714285714285714,0
2022-11-03,2022,"DecisionTree",1,0.0714285714285714,0
2022-11-04,2022,"DecisionTree",1,0.0517241379310345,0
2022-11-07,2022,"DecisionTree",1,0.0517241379310345,0
2022-11-08,2022,"DecisionTree",1,0.0517241379310345,0
2022-11-09,2022,"DecisionTree",1,0.0517241379310345,0
2022-11-10,2022,"DecisionTree",1,0.0517241379310345,0
2022-11-11,2022,"DecisionTree",1,0.0517241379310345,0
2022-11-14,2022,"DecisionTree",1,0.0517241379310345,0
2022-11-15,2022,"DecisionTree",1,0.0517241379310345,0
2022-11-16,2022,"DecisionTree",1,0.0517241379310345,0
2022-11-17,2022,"DecisionTree",1,0.0517241379310345,0
2022-11-18,2022,"DecisionTree",1,0.0517241379310345,0
2022-11-21,2022,"DecisionTree",1,0.0517241379310345,0
2022-11-22,2022,"DecisionTree",1,0.0517241379310345,0
2022-11-23,2022,"DecisionTree",1,0.0517241379310345,0
2022-11-24,2022,"DecisionTree",1,0.0517241379310345,0
2022-11-25,2022,"DecisionTree",1,0.0517241379310345,0
2022-11-28,2022,"DecisionTree",1,0.0517241379310345,0
2022-11-29,2022,"DecisionTree",1,0.0517241379310345,0
2022-11-30,2022,"DecisionTree",1,0.737556561085973,1
2022-12-01,2022,"DecisionTree",1,0.737556561085973,1
2022-12-02,2022,"DecisionTree",1,0.737556561085973,1
2022-12-05,2022,"DecisionTree",1,0.737556561085973,1
2022-12-06,2022,"DecisionTree",1,0.737556561085973,1
2022-12-07,2022,"DecisionTree",1,0.676835081029552,1
2022-12-08,2022,"DecisionTree",1,0.676835081029552,1
2022-12-09,2022,"DecisionTree",1,0.676835081029552,1
2022-12-12,2022,"DecisionTree",1,0.676835081029552,1
2022-12-13,2022,"DecisionTree",1,0.737556561085973,1
2022-12-14,2022,"DecisionTree",1,0.737556561085973,1
2022-12-15,2022,"DecisionTree",1,0.676835081029552,1
2022-12-16,2022,"DecisionTree",1,0.676835081029552,1
2022-12-19,2022,"DecisionTree",1,0.676835081029552,1
2022-12-20,2022,"DecisionTree",1,0.676835081029552,1
2022-12-21,2022,"DecisionTree",1,0.676835081029552,1
2022-12-22,2022,"DecisionTree",1,0.676835081029552,1
2022-12-23,2022,"DecisionTree",1,0.676835081029552,1
2022-12-27,2022,"DecisionTree",1,0.676835081029552,1
2022-12-28,2022,"DecisionTree",1,0.676835081029552,1
2022-12-29,2022,"DecisionTree",1,0.676835081029552,1
2022-12-30,2022,"DecisionTree",1,0.676835081029552,1
2022-01-03,2022,"RandomForest",0,0.626,1
2022-01-04,2022,"RandomForest",0,0.482,0
2022-01-05,2022,"RandomForest",0,0.538,1
2022-01-06,2022,"RandomForest",0,0.492,0
2022-01-07,2022,"RandomForest",0,0.586,1
2022-01-10,2022,"RandomForest",0,0.708,1
2022-01-11,2022,"RandomForest",0,0.562,1
2022-01-12,2022,"RandomForest",0,0.548,1
2022-01-13,2022,"RandomForest",0,0.616,1
2022-01-14,2022,"RandomForest",0,0.714,1
2022-01-17,2022,"RandomForest",0,0.686,1
2022-01-18,2022,"RandomForest",0,0.76,1
2022-01-19,2022,"RandomForest",0,0.654,1
2022-01-20,2022,"RandomForest",0,0.644,1
2022-01-21,2022,"RandomForest",0,0.8,1
2022-01-24,2022,"RandomForest",0,0.734,1
2022-01-25,2022,"RandomForest",0,0.724,1
2022-01-26,2022,"RandomForest",0,0.66,1
2022-01-27,2022,"RandomForest",0,0.678,1
2022-01-28,2022,"RandomForest",0,0.662,1
2022-01-31,2022,"RandomForest",0,0.714,1
2022-02-01,2022,"RandomForest",0,0.836,1
2022-02-02,2022,"RandomForest",0,0.75,1
2022-02-03,2022,"RandomForest",0,0.674,1
2022-02-04,2022,"RandomForest",0,0.604,1
2022-02-07,2022,"RandomForest",0,0.66,1
2022-02-08,2022,"RandomForest",0,0.536,1
2022-02-09,2022,"RandomForest",0,0.72,1
2022-02-10,2022,"RandomForest",0,0.752,1
2022-02-11,2022,"RandomForest",0,0.58,1
2022-02-14,2022,"RandomForest",0,0.398,0
2022-02-15,2022,"RandomForest",0,0.596,1
2022-02-16,2022,"RandomForest",0,0.588,1
2022-02-17,2022,"RandomForest",0,0.478,0
2022-02-18,2022,"RandomForest",0,0.492,0
2022-02-21,2022,"RandomForest",0,0.51,1
2022-02-22,2022,"RandomForest",0,0.54,1
2022-02-23,2022,"RandomForest",0,0.572,1
2022-02-24,2022,"RandomForest",0,0.676,1
2022-02-25,2022,"RandomForest",0,0.342,0
2022-02-28,2022,"RandomForest",0,0.496,0
2022-03-01,2022,"RandomForest",0,0.83,1
2022-03-02,2022,"RandomForest",0,0.812,1
2022-03-03,2022,"RandomForest",0,0.854,1
2022-03-04,2022,"RandomForest",1,0.5,1
2022-03-07,2022,"RandomForest",1,0.624,1
2022-03-08,2022,"RandomForest",1,0.668,1
2022-03-09,2022,"RandomForest",0,0.904,1
2022-03-10,2022,"RandomForest",1,0.99,1
2022-03-11,2022,"RandomForest",0,0.98,1
2022-03-14,2022,"RandomForest",0,0.732,1
2022-03-15,2022,"RandomForest",1,0.822,1
2022-03-16,2022,"RandomForest",0,0.808,1
2022-03-17,2022,"RandomForest",0,0.816,1
2022-03-18,2022,"RandomForest",0,0.844,1
2022-03-21,2022,"RandomForest",0,0.86,1
2022-03-22,2022,"RandomForest",0,0.746,1
2022-03-23,2022,"RandomForest",0,0.908,1
2022-03-24,2022,"RandomForest",0,0.916,1
2022-03-25,2022,"RandomForest",0,0.932,1
2022-03-28,2022,"RandomForest",0,0.9,1
2022-03-29,2022,"RandomForest",0,0.484,0
2022-03-30,2022,"RandomForest",0,0.756,1
2022-03-31,2022,"RandomForest",0,0.824,1
2022-04-01,2022,"RandomForest",0,0.76,1
2022-04-04,2022,"RandomForest",0,0.75,1
2022-04-05,2022,"RandomForest",0,0.858,1
2022-04-06,2022,"RandomForest",0,0.9,1
2022-04-07,2022,"RandomForest",0,0.848,1
2022-04-08,2022,"RandomForest",0,0.902,1
2022-04-11,2022,"RandomForest",0,0.878,1
2022-04-12,2022,"RandomForest",0,0.866,1
2022-04-13,2022,"RandomForest",0,0.768,1
2022-04-14,2022,"RandomForest",0,0.79,1
2022-04-19,2022,"RandomForest",0,0.788,1
2022-04-20,2022,"RandomForest",0,0.742,1
2022-04-21,2022,"RandomForest",0,0.594,1
2022-04-22,2022,"RandomForest",0,0.798,1
2022-04-25,2022,"RandomForest",0,0.804,1
2022-04-26,2022,"RandomForest",0,0.792,1
2022-04-27,2022,"RandomForest",0,0.784,1
2022-04-28,2022,"RandomForest",0,0.75,1
2022-04-29,2022,"RandomForest",0,0.764,1
2022-05-02,2022,"RandomForest",0,0.846,1
2022-05-03,2022,"RandomForest",0,0.784,1
2022-05-04,2022,"RandomForest",0,0.808,1
2022-05-05,2022,"RandomForest",0,0.802,1
2022-05-06,2022,"RandomForest",0,0.898,1
2022-05-09,2022,"RandomForest",1,0.872,1
2022-05-10,2022,"RandomForest",1,0.908,1
2022-05-11,2022,"RandomForest",0,0.826,1
2022-05-12,2022,"RandomForest",0,0.772,1
2022-05-13,2022,"RandomForest",0,0.814,1
2022-05-16,2022,"RandomForest",0,0.806,1
2022-05-17,2022,"RandomForest",0,0.782,1
2022-05-18,2022,"RandomForest",1,0.688,1
2022-05-19,2022,"RandomForest",1,0.59,1
2022-05-20,2022,"RandomForest",1,0.624,1
2022-05-23,2022,"RandomForest",1,0.818,1
2022-05-24,2022,"RandomForest",1,0.586,1
2022-05-25,2022,"RandomForest",1,0.802,1
2022-05-27,2022,"RandomForest",0,0.44,0
2022-05-30,2022,"RandomForest",0,0.402,0
2022-05-31,2022,"RandomForest",0,0.784,1
2022-06-01,2022,"RandomForest",1,0.718,1
2022-06-02,2022,"RandomForest",0,0.698,1
2022-06-03,2022,"RandomForest",1,0.698,1
2022-06-07,2022,"RandomForest",0,0.632,1
2022-06-08,2022,"RandomForest",0,0.636,1
2022-06-09,2022,"RandomForest",1,0.712,1
2022-06-10,2022,"RandomForest",1,0.544,1
2022-06-13,2022,"RandomForest",1,0.452,0
2022-06-14,2022,"RandomForest",1,0.42,0
2022-06-15,2022,"RandomForest",1,0.4,0
2022-06-16,2022,"RandomForest",1,0.618,1
2022-06-17,2022,"RandomForest",1,0.458,0
2022-06-20,2022,"RandomForest",1,0.372,0
2022-06-21,2022,"RandomForest",1,0.402,0
2022-06-22,2022,"RandomForest",0,0.356,0
2022-06-23,2022,"RandomForest",1,0.37,0
2022-06-24,2022,"RandomForest",0,0.384,0
2022-06-27,2022,"RandomForest",0,0.494,0
2022-06-28,2022,"RandomForest",0,0.45,0
2022-06-29,2022,"RandomForest",0,0.568,1
2022-06-30,2022,"RandomForest",1,0.45,0
2022-07-01,2022,"RandomForest",1,0.484,0
2022-07-04,2022,"RandomForest",1,0.44,0
2022-07-05,2022,"RandomForest",1,0.644,1
2022-07-06,2022,"RandomForest",1,0.43,0
2022-07-07,2022,"RandomForest",1,0.412,0
2022-07-08,2022,"RandomForest",0,0.754,1
2022-07-11,2022,"RandomForest",0,0.662,1
2022-07-12,2022,"RandomForest",1,0.702,1
2022-07-13,2022,"RandomForest",0,0.622,1
2022-07-14,2022,"RandomForest",0,0.57,1
2022-07-15,2022,"RandomForest",0,0.764,1
2022-07-18,2022,"RandomForest",0,0.77,1
2022-07-19,2022,"RandomForest",0,0.492,0
2022-07-20,2022,"RandomForest",0,0.588,1
2022-07-21,2022,"RandomForest",0,0.472,0
2022-07-22,2022,"RandomForest",0,0.542,1
2022-07-25,2022,"RandomForest",0,0.596,1
2022-07-26,2022,"RandomForest",0,0.678,1
2022-07-27,2022,"RandomForest",0,0.6,1
2022-07-28,2022,"RandomForest",0,0.444,0
2022-07-29,2022,"RandomForest",0,0.27,0
2022-08-02,2022,"RandomForest",0,0.258,0
2022-08-03,2022,"RandomForest",0,0.276,0
2022-08-04,2022,"RandomForest",0,0.156,0
2022-08-05,2022,"RandomForest",0,0.158,0
2022-08-08,2022,"RandomForest",0,0.198,0
2022-08-09,2022,"RandomForest",0,0.282,0
2022-08-10,2022,"RandomForest",0,0.316,0
2022-08-11,2022,"RandomForest",0,0.368,0
2022-08-12,2022,"RandomForest",0,0.356,0
2022-08-15,2022,"RandomForest",0,0.466,0
2022-08-16,2022,"RandomForest",0,0.524,1
2022-08-17,2022,"RandomForest",0,0.3,0
2022-08-18,2022,"RandomForest",0,0.39,0
2022-08-19,2022,"RandomForest",0,0.506,1
2022-08-22,2022,"RandomForest",0,0.662,1
2022-08-23,2022,"RandomForest",0,0.61,1
2022-08-24,2022,"RandomForest",0,0.676,1
2022-08-25,2022,"RandomForest",0,0.578,1
2022-08-26,2022,"RandomForest",1,0.662,1
2022-08-29,2022,"RandomForest",1,0.614,1
2022-08-30,2022,"RandomForest",1,0.666,1
2022-08-31,2022,"RandomForest",1,0.6,1
2022-09-01,2022,"RandomForest",1,0.814,1
2022-09-02,2022,"RandomForest",1,0.76,1
2022-09-05,2022,"RandomForest",1,0.778,1
2022-09-06,2022,"RandomForest",1,0.704,1
2022-09-07,2022,"RandomForest",1,0.852,1
2022-09-08,2022,"RandomForest",1,0.84,1
2022-09-09,2022,"RandomForest",1,0.66,1
2022-09-12,2022,"RandomForest",1,0.522,1
2022-09-13,2022,"RandomForest",1,0.49,0
2022-09-14,2022,"RandomForest",1,0.602,1
2022-09-15,2022,"RandomForest",1,0.512,1
2022-09-16,2022,"RandomForest",1,0.414,0
2022-09-19,2022,"RandomForest",1,0.476,0
2022-09-20,2022,"RandomForest",1,0.558,1
2022-09-21,2022,"RandomForest",1,0.396,0
2022-09-22,2022,"RandomForest",1,0.614,1
2022-09-23,2022,"RandomForest",1,0.68,1
2022-09-26,2022,"RandomForest",1,0.468,0
2022-09-27,2022,"RandomForest",1,0.602,1
2022-09-28,2022,"RandomForest",1,0.65,1
2022-09-29,2022,"RandomForest",1,0.664,1
2022-09-30,2022,"RandomForest",1,0.61,1
2022-10-03,2022,"RandomForest",1,0.538,1
2022-10-04,2022,"RandomForest",1,0.58,1
2022-10-05,2022,"RandomForest",1,0.758,1
2022-10-06,2022,"RandomForest",1,0.684,1
2022-10-07,2022,"RandomForest",1,0.474,0
2022-10-10,2022,"RandomForest",1,0.472,0
2022-10-11,2022,"RandomForest",1,0.478,0
2022-10-12,2022,"RandomForest",1,0.518,1
2022-10-13,2022,"RandomForest",1,0.548,1
2022-10-14,2022,"RandomForest",1,0.64,1
2022-10-17,2022,"RandomForest",1,0.706,1
2022-10-18,2022,"RandomForest",1,0.7,1
2022-10-19,2022,"RandomForest",1,0.64,1
2022-10-20,2022,"RandomForest",1,0.462,0
2022-10-21,2022,"RandomForest",1,0.634,1
2022-10-24,2022,"RandomForest",1,0.48,0
2022-10-25,2022,"RandomForest",1,0.47,0
2022-10-26,2022,"RandomForest",1,0.368,0
2022-10-27,2022,"RandomForest",1,0.262,0
2022-10-28,2022,"RandomForest",1,0.318,0
2022-10-31,2022,"RandomForest",1,0.232,0
2022-11-01,2022,"RandomForest",1,0.446,0
2022-11-02,2022,"RandomForest",1,0.296,0
2022-11-03,2022,"RandomForest",1,0.234,0
2022-11-04,2022,"RandomForest",1,0.438,0
2022-11-07,2022,"RandomForest",1,0.444,0
2022-11-08,2022,"RandomForest",1,0.53,1
2022-11-09,2022,"RandomForest",1,0.378,0
2022-11-10,2022,"RandomForest",1,0.518,1
2022-11-11,2022,"RandomForest",1,0.48,0
2022-11-14,2022,"RandomForest",1,0.498,0
2022-11-15,2022,"RandomForest",1,0.494,0
2022-11-16,2022,"RandomForest",1,0.516,1
2022-11-17,2022,"RandomForest",1,0.552,1
2022-11-18,2022,"RandomForest",1,0.594,1
2022-11-21,2022,"RandomForest",1,0.54,1
2022-11-22,2022,"RandomForest",1,0.532,1
2022-11-23,2022,"RandomForest",1,0.542,1
2022-11-24,2022,"RandomForest",1,0.484,0
2022-11-25,2022,"RandomForest",1,0.524,1
2022-11-28,2022,"RandomForest",1,0.484,0
2022-11-29,2022,"RandomForest",1,0.482,0
2022-11-30,2022,"RandomForest",1,0.51,1
2022-12-01,2022,"RandomForest",1,0.504,1
2022-12-02,2022,"RandomForest",1,0.59,1
2022-12-05,2022,"RandomForest",1,0.518,1
2022-12-06,2022,"RandomForest",1,0.528,1
2022-12-07,2022,"RandomForest",1,0.548,1
2022-12-08,2022,"RandomForest",1,0.788,1
2022-12-09,2022,"RandomForest",1,0.83,1
2022-12-12,2022,"RandomForest",1,0.786,1
2022-12-13,2022,"RandomForest",1,0.678,1
2022-12-14,2022,"RandomForest",1,0.662,1
2022-12-15,2022,"RandomForest",1,0.55,1
2022-12-16,2022,"RandomForest",1,0.602,1
2022-12-19,2022,"RandomForest",1,0.588,1
2022-12-20,2022,"RandomForest",1,0.574,1
2022-12-21,2022,"RandomForest",1,0.506,1
2022-12-22,2022,"RandomForest",1,0.702,1
2022-12-23,2022,"RandomForest",1,0.662,1
2022-12-27,2022,"RandomForest",1,0.746,1
2022-12-28,2022,"RandomForest",1,0.708,1
2022-12-29,2022,"RandomForest",1,0.732,1
2022-12-30,2022,"RandomForest",1,0.578,1
2022-01-03,2022,"Random",0,0.602393617021276,0
2022-01-04,2022,"Random",0,0.602393617021276,1
2022-01-05,2022,"Random",0,0.602393617021276,0
2022-01-06,2022,"Random",0,0.602393617021276,1
2022-01-07,2022,"Random",0,0.602393617021276,1
2022-01-10,2022,"Random",0,0.602393617021276,1
2022-01-11,2022,"Random",0,0.602393617021276,1
2022-01-12,2022,"Random",0,0.602393617021276,1
2022-01-13,2022,"Random",0,0.602393617021276,0
2022-01-14,2022,"Random",0,0.602393617021276,1
2022-01-17,2022,"Random",0,0.602393617021276,1
2022-01-18,2022,"Random",0,0.602393617021276,0
2022-01-19,2022,"Random",0,0.602393617021276,1
2022-01-20,2022,"Random",0,0.602393617021276,0
2022-01-21,2022,"Random",0,0.602393617021276,0
2022-01-24,2022,"Random",0,0.602393617021276,1
2022-01-25,2022,"Random",0,0.602393617021276,0
2022-01-26,2022,"Random",0,0.602393617021276,0
2022-01-27,2022,"Random",0,0.602393617021276,1
2022-01-28,2022,"Random",0,0.602393617021276,1
2022-01-31,2022,"Random",0,0.602393617021276,1
2022-02-01,2022,"Random",0,0.602393617021276,0
2022-02-02,2022,"Random",0,0.602393617021276,0
2022-02-03,2022,"Random",0,0.602393617021276,0
2022-02-04,2022,"Random",0,0.602393617021276,1
2022-02-07,2022,"Random",0,0.602393617021276,1
2022-02-08,2022,"Random",0,0.602393617021276,1
2022-02-09,2022,"Random",0,0.602393617021276,1
2022-02-10,2022,"Random",0,0.602393617021276,1
2022-02-11,2022,"Random",0,0.602393617021276,0
2022-02-14,2022,"Random",0,0.602393617021276,1
2022-02-15,2022,"Random",0,0.602393617021276,1
2022-02-16,2022,"Random",0,0.602393617021276,1
2022-02-17,2022,"Random",0,0.602393617021276,0
2022-02-18,2022,"Random",0,0.602393617021276,1
2022-02-21,2022,"Random",0,0.602393617021276,1
2022-02-22,2022,"Random",0,0.602393617021276,1
2022-02-23,2022,"Random",0,0.602393617021276,0
2022-02-24,2022,"Random",0,0.602393617021276,0
2022-02-25,2022,"Random",0,0.602393617021276,0
2022-02-28,2022,"Random",0,0.602393617021276,1
2022-03-01,2022,"Random",0,0.602393617021276,1
2022-03-02,2022,"Random",0,0.602393617021276,1
2022-03-03,2022,"Random",0,0.602393617021276,0
2022-03-04,2022,"Random",1,0.602393617021276,0
2022-03-07,2022,"Random",1,0.602393617021276,0
2022-03-08,2022,"Random",1,0.602393617021276,0
2022-03-09,2022,"Random",0,0.602393617021276,1
2022-03-10,2022,"Random",1,0.602393617021276,1
2022-03-11,2022,"Random",0,0.602393617021276,1
2022-03-14,2022,"Random",0,0.602393617021276,1
2022-03-15,2022,"Random",1,0.602393617021276,0
2022-03-16,2022,"Random",0,0.602393617021276,0
2022-03-17,2022,"Random",0,0.602393617021276,1
2022-03-18,2022,"Random",0,0.602393617021276,0
2022-03-21,2022,"Random",0,0.602393617021276,1
2022-03-22,2022,"Random",0,0.602393617021276,1
2022-03-23,2022,"Random",0,0.602393617021276,0
2022-03-24,2022,"Random",0,0.602393617021276,1
2022-03-25,2022,"Random",0,0.602393617021276,0
2022-03-28,2022,"Random",0,0.602393617021276,1
2022-03-29,2022,"Random",0,0.602393617021276,0
2022-03-30,2022,"Random",0,0.602393617021276,0
2022-03-31,2022,"Random",0,0.602393617021276,1
2022-04-01,2022,"Random",0,0.602393617021276,1
2022-04-04,2022,"Random",0,0.602393617021276,1
2022-04-05,2022,"Random",0,0.602393617021276,1
2022-04-06,2022,"Random",0,0.602393617021276,1
2022-04-07,2022,"Random",0,0.602393617021276,0
2022-04-08,2022,"Random",0,0.602393617021276,1
2022-04-11,2022,"Random",0,0.602393617021276,1
2022-04-12,2022,"Random",0,0.602393617021276,1
2022-04-13,2022,"Random",0,0.602393617021276,1
2022-04-14,2022,"Random",0,0.602393617021276,0
2022-04-19,2022,"Random",0,0.602393617021276,1
2022-04-20,2022,"Random",0,0.602393617021276,0
2022-04-21,2022,"Random",0,0.602393617021276,1
2022-04-22,2022,"Random",0,0.602393617021276,1
2022-04-25,2022,"Random",0,0.602393617021276,0
2022-04-26,2022,"Random",0,0.602393617021276,1
2022-04-27,2022,"Random",0,0.602393617021276,0
2022-04-28,2022,"Random",0,0.602393617021276,0
2022-04-29,2022,"Random",0,0.602393617021276,0
2022-05-02,2022,"Random",0,0.602393617021276,1
2022-05-03,2022,"Random",0,0.602393617021276,1
2022-05-04,2022,"Random",0,0.602393617021276,1
2022-05-05,2022,"Random",0,0.602393617021276,1
2022-05-06,2022,"Random",0,0.602393617021276,0
2022-05-09,2022,"Random",1,0.602393617021276,1
2022-05-10,2022,"Random",1,0.602393617021276,1
2022-05-11,2022,"Random",0,0.602393617021276,1
2022-05-12,2022,"Random",0,0.602393617021276,1
2022-05-13,2022,"Random",0,0.602393617021276,1
2022-05-16,2022,"Random",0,0.602393617021276,1
2022-05-17,2022,"Random",0,0.602393617021276,1
2022-05-18,2022,"Random",1,0.602393617021276,0
2022-05-19,2022,"Random",1,0.602393617021276,1
2022-05-20,2022,"Random",1,0.602393617021276,0
2022-05-23,2022,"Random",1,0.602393617021276,1
2022-05-24,2022,"Random",1,0.602393617021276,0
2022-05-25,2022,"Random",1,0.602393617021276,1
2022-05-27,2022,"Random",0,0.602393617021276,0
2022-05-30,2022,"Random",0,0.602393617021276,0
2022-05-31,2022,"Random",0,0.602393617021276,0
2022-06-01,2022,"Random",1,0.602393617021276,1
2022-06-02,2022,"Random",0,0.602393617021276,1
2022-06-03,2022,"Random",1,0.602393617021276,0
2022-06-07,2022,"Random",0,0.602393617021276,0
2022-06-08,2022,"Random",0,0.602393617021276,1
2022-06-09,2022,"Random",1,0.602393617021276,1
2022-06-10,2022,"Random",1,0.602393617021276,1
2022-06-13,2022,"Random",1,0.602393617021276,0
2022-06-14,2022,"Random",1,0.602393617021276,1
2022-06-15,2022,"Random",1,0.602393617021276,0
2022-06-16,2022,"Random",1,0.602393617021276,0
2022-06-17,2022,"Random",1,0.602393617021276,0
2022-06-20,2022,"Random",1,0.602393617021276,0
2022-06-21,2022,"Random",1,0.602393617021276,1
2022-06-22,2022,"Random",0,0.602393617021276,1
2022-06-23,2022,"Random",1,0.602393617021276,0
2022-06-24,2022,"Random",0,0.602393617021276,1
2022-06-27,2022,"Random",0,0.602393617021276,0
2022-06-28,2022,"Random",0,0.602393617021276,1
2022-06-29,2022,"Random",0,0.602393617021276,1
2022-06-30,2022,"Random",1,0.602393617021276,0
2022-07-01,2022,"Random",1,0.602393617021276,1
2022-07-04,2022,"Random",1,0.602393617021276,0
2022-07-05,2022,"Random",1,0.602393617021276,0
2022-07-06,2022,"Random",1,0.602393617021276,0
2022-07-07,2022,"Random",1,0.602393617021276,0
2022-07-08,2022,"Random",0,0.602393617021276,0
2022-07-11,2022,"Random",0,0.602393617021276,1
2022-07-12,2022,"Random",1,0.602393617021276,0
2022-07-13,2022,"Random",0,0.602393617021276,0
2022-07-14,2022,"Random",0,0.602393617021276,0
2022-07-15,2022,"Random",0,0.602393617021276,1
2022-07-18,2022,"Random",0,0.602393617021276,1
2022-07-19,2022,"Random",0,0.602393617021276,1
2022-07-20,2022,"Random",0,0.602393617021276,0
2022-07-21,2022,"Random",0,0.602393617021276,0
2022-07-22,2022,"Random",0,0.602393617021276,1
2022-07-25,2022,"Random",0,0.602393617021276,1
2022-07-26,2022,"Random",0,0.602393617021276,1
2022-07-27,2022,"Random",0,0.602393617021276,1
2022-07-28,2022,"Random",0,0.602393617021276,0
2022-07-29,2022,"Random",0,0.602393617021276,1
2022-08-02,2022,"Random",0,0.602393617021276,1
2022-08-03,2022,"Random",0,0.602393617021276,0
2022-08-04,2022,"Random",0,0.602393617021276,0
2022-08-05,2022,"Random",0,0.602393617021276,1
2022-08-08,2022,"Random",0,0.602393617021276,0
2022-08-09,2022,"Random",0,0.602393617021276,1
2022-08-10,2022,"Random",0,0.602393617021276,0
2022-08-11,2022,"Random",0,0.602393617021276,1
2022-08-12,2022,"Random",0,0.602393617021276,1
2022-08-15,2022,"Random",0,0.602393617021276,1
2022-08-16,2022,"Random",0,0.602393617021276,1
2022-08-17,2022,"Random",0,0.602393617021276,0
2022-08-18,2022,"Random",0,0.602393617021276,1
2022-08-19,2022,"Random",0,0.602393617021276,1
2022-08-22,2022,"Random",0,0.602393617021276,1
2022-08-23,2022,"Random",0,0.602393617021276,1
2022-08-24,2022,"Random",0,0.602393617021276,1
2022-08-25,2022,"Random",0,0.602393617021276,1
2022-08-26,2022,"Random",1,0.602393617021276,1
2022-08-29,2022,"Random",1,0.602393617021276,0
2022-08-30,2022,"Random",1,0.602393617021276,0
2022-08-31,2022,"Random",1,0.602393617021276,1
2022-09-01,2022,"Random",1,0.602393617021276,0
2022-09-02,2022,"Random",1,0.602393617021276,1
2022-09-05,2022,"Random",1,0.602393617021276,0
2022-09-06,2022,"Random",1,0.602393617021276,1
2022-09-07,2022,"Random",1,0.602393617021276,0
2022-09-08,2022,"Random",1,0.602393617021276,0
2022-09-09,2022,"Random",1,0.602393617021276,1
2022-09-12,2022,"Random",1,0.602393617021276,1
2022-09-13,2022,"Random",1,0.602393617021276,1
2022-09-14,2022,"Random",1,0.602393617021276,0
2022-09-15,2022,"Random",1,0.602393617021276,0
2022-09-16,2022,"Random",1,0.602393617021276,1
2022-09-19,2022,"Random",1,0.602393617021276,1
2022-09-20,2022,"Random",1,0.602393617021276,0
2022-09-21,2022,"Random",1,0.602393617021276,1
2022-09-22,2022,"Random",1,0.602393617021276,1
2022-09-23,2022,"Random",1,0.602393617021276,1
2022-09-26,2022,"Random",1,0.602393617021276,1
2022-09-27,2022,"Random",1,0.602393617021276,1
2022-09-28,2022,"Random",1,0.602393617021276,0
2022-09-29,2022,"Random",1,0.602393617021276,1
2022-09-30,2022,"Random",1,0.602393617021276,0
2022-10-03,2022,"Random",1,0.602393617021276,0
2022-10-04,2022,"Random",1,0.602393617021276,1
2022-10-05,2022,"Random",1,0.602393617021276,1
2022-10-06,2022,"Random",1,0.602393617021276,0
2022-10-07,2022,"Random",1,0.602393617021276,1
2022-10-10,2022,"Random",1,0.602393617021276,0
2022-10-11,2022,"Random",1,0.602393617021276,1
2022-10-12,2022,"Random",1,0.602393617021276,0
2022-10-13,2022,"Random",1,0.602393617021276,1
2022-10-14,2022,"Random",1,0.602393617021276,1
2022-10-17,2022,"Random",1,0.602393617021276,0
2022-10-18,2022,"Random",1,0.602393617021276,0
2022-10-19,2022,"Random",1,0.602393617021276,1
2022-10-20,2022,"Random",1,0.602393617021276,0
2022-10-21,2022,"Random",1,0.602393617021276,1
2022-10-24,2022,"Random",1,0.602393617021276,0
2022-10-25,2022,"Random",1,0.602393617021276,1
2022-10-26,2022,"Random",1,0.602393617021276,1
2022-10-27,2022,"Random",1,0.602393617021276,1
2022-10-28,2022,"Random",1,0.602393617021276,1
2022-10-31,2022,"Random",1,0.602393617021276,1
2022-11-01,2022,"Random",1,0.602393617021276,1
2022-11-02,2022,"Random",1,0.602393617021276,0
2022-11-03,2022,"Random",1,0.602393617021276,1
2022-11-04,2022,"Random",1,0.602393617021276,1
2022-11-07,2022,"Random",1,0.602393617021276,1
2022-11-08,2022,"Random",1,0.602393617021276,0
2022-11-09,2022,"Random",1,0.602393617021276,1
2022-11-10,2022,"Random",1,0.602393617021276,0
2022-11-11,2022,"Random",1,0.602393617021276,0
2022-11-14,2022,"Random",1,0.602393617021276,0
2022-11-15,2022,"Random",1,0.602393617021276,1
2022-11-16,2022,"Random",1,0.602393617021276,0
2022-11-17,2022,"Random",1,0.602393617021276,1
2022-11-18,2022,"Random",1,0.602393617021276,1
2022-11-21,2022,"Random",1,0.602393617021276,0
2022-11-22,2022,"Random",1,0.602393617021276,0
2022-11-23,2022,"Random",1,0.602393617021276,0
2022-11-24,2022,"Random",1,0.602393617021276,1
2022-11-25,2022,"Random",1,0.602393617021276,0
2022-11-28,2022,"Random",1,0.602393617021276,0
2022-11-29,2022,"Random",1,0.602393617021276,1
2022-11-30,2022,"Random",1,0.602393617021276,1
2022-12-01,2022,"Random",1,0.602393617021276,0
2022-12-02,2022,"Random",1,0.602393617021276,1
2022-12-05,2022,"Random",1,0.602393617021276,0
2022-12-06,2022,"Random",1,0.602393617021276,1
2022-12-07,2022,"Random",1,0.602393617021276,1
2022-12-08,2022,"Random",1,0.602393617021276,1
2022-12-09,2022,"Random",1,0.602393617021276,0
2022-12-12,2022,"Random",1,0.602393617021276,0
2022-12-13,2022,"Random",1,0.602393617021276,1
2022-12-14,2022,"Random",1,0.602393617021276,1
2022-12-15,2022,"Random",1,0.602393617021276,1
2022-12-16,2022,"Random",1,0.602393617021276,0
2022-12-19,2022,"Random",1,0.602393617021276,1
2022-12-20,2022,"Random",1,0.602393617021276,1
2022-12-21,2022,"Random",1,0.602393617021276,0
2022-12-22,2022,"Random",1,0.602393617021276,1
2022-12-23,2022,"Random",1,0.602393617021276,0
2022-12-27,2022,"Random",1,0.602393617021276,1
2022-12-28,2022,"Random",1,0.602393617021276,1
2022-12-29,2022,"Random",1,0.602393617021276,1
2022-12-30,2022,"Random",1,0.602393617021276,1
2023-01-03,2023,"Logistic",1,0.640420760729703,1
2023-01-04,2023,"Logistic",1,0.542024973250989,1
2023-01-05,2023,"Logistic",1,0.55822412846693,1
2023-01-06,2023,"Logistic",1,0.53989222020908,1
2023-01-09,2023,"Logistic",1,0.573872063339827,1
2023-01-10,2023,"Logistic",1,0.578235691946605,1
2023-01-11,2023,"Logistic",1,0.565692716264259,1
2023-01-12,2023,"Logistic",1,0.582525261216277,1
2023-01-13,2023,"Logistic",0,0.576561363025201,1
2023-01-16,2023,"Logistic",1,0.56594034629048,1
2023-01-17,2023,"Logistic",0,0.579728929870818,1
2023-01-18,2023,"Logistic",1,0.586146819111993,1
2023-01-19,2023,"Logistic",1,0.580552594202257,1
2023-01-20,2023,"Logistic",1,0.572169368724234,1
2023-01-23,2023,"Logistic",1,0.556652006757581,1
2023-01-24,2023,"Logistic",1,0.580356488057331,1
2023-01-25,2023,"Logistic",1,0.587762843758075,1
2023-01-26,2023,"Logistic",1,0.596740388053617,1
2023-01-27,2023,"Logistic",1,0.600553988316948,1
2023-01-30,2023,"Logistic",1,0.614595003896892,1
2023-01-31,2023,"Logistic",1,0.618780534699501,1
2023-02-01,2023,"Logistic",1,0.593258289815399,1
2023-02-02,2023,"Logistic",1,0.591493269766431,1
2023-02-03,2023,"Logistic",1,0.591391540531491,1
2023-02-06,2023,"Logistic",1,0.59921005030481,1
2023-02-07,2023,"Logistic",1,0.603819144784191,1
2023-02-08,2023,"Logistic",1,0.611886646261334,1
2023-02-09,2023,"Logistic",1,0.591564647891231,1
2023-02-10,2023,"Logistic",1,0.604637519003253,1
2023-02-13,2023,"Logistic",1,0.576096426259619,1
2023-02-14,2023,"Logistic",1,0.58754511559057,1
2023-02-15,2023,"Logistic",1,0.554204462742413,1
2023-02-16,2023,"Logistic",0,0.556453255412291,1
2023-02-17,2023,"Logistic",1,0.561642802693094,1
2023-02-20,2023,"Logistic",1,0.580822919084198,1
2023-02-21,2023,"Logistic",1,0.59856919545121,1
2023-02-22,2023,"Logistic",1,0.603644770473154,1
2023-02-23,2023,"Logistic",1,0.585750688504689,1
2023-02-24,2023,"Logistic",1,0.647901697926442,1
2023-02-27,2023,"Logistic",1,0.587882672823837,1
2023-02-28,2023,"Logistic",1,0.602193366907513,1
2023-03-01,2023,"Logistic",1,0.617483391063255,1
2023-03-02,2023,"Logistic",1,0.578643908740464,1
2023-03-03,2023,"Logistic",1,0.531624802732224,1
2023-03-06,2023,"Logistic",1,0.511825163350869,1
2023-03-07,2023,"Logistic",1,0.541333989213061,1
2023-03-08,2023,"Logistic",1,0.541557635597064,1
2023-03-09,2023,"Logistic",0,0.537553338785053,1
2023-03-10,2023,"Logistic",1,0.581355822557088,1
2023-03-13,2023,"Logistic",1,0.610422560481942,1
2023-03-14,2023,"Logistic",1,0.598903043523928,1
2023-03-15,2023,"Logistic",1,0.696885767787894,1
2023-03-16,2023,"Logistic",1,0.663976831698472,1
2023-03-17,2023,"Logistic",1,0.693707182832394,1
2023-03-20,2023,"Logistic",1,0.649851528071631,1
2023-03-21,2023,"Logistic",1,0.60762871381176,1
2023-03-22,2023,"Logistic",1,0.606805846075438,1
2023-03-23,2023,"Logistic",1,0.582559395659528,1
2023-03-24,2023,"Logistic",1,0.634221489951724,1
2023-03-27,2023,"Logistic",1,0.613170036997178,1
2023-03-28,2023,"Logistic",1,0.592511963174964,1
2023-03-29,2023,"Logistic",1,0.557819840051466,1
2023-03-30,2023,"Logistic",1,0.544908093986661,1
2023-03-31,2023,"Logistic",1,0.569597205842878,1
2023-04-03,2023,"Logistic",1,0.569810454731069,1
2023-04-04,2023,"Logistic",1,0.576910492472249,1
2023-04-05,2023,"Logistic",1,0.571511142679155,1
2023-04-06,2023,"Logistic",0,0.562415242671216,1
2023-04-11,2023,"Logistic",0,0.572180521270242,1
2023-04-12,2023,"Logistic",0,0.582970052146713,1
2023-04-13,2023,"Logistic",0,0.567754160169313,1
2023-04-14,2023,"Logistic",0,0.541310845059867,1
2023-04-17,2023,"Logistic",0,0.534525460545138,1
2023-04-18,2023,"Logistic",1,0.522738687812897,1
2023-04-19,2023,"Logistic",1,0.53021366913554,1
2023-04-20,2023,"Logistic",1,0.533938459521934,1
2023-04-21,2023,"Logistic",0,0.522741366742257,1
2023-04-24,2023,"Logistic",0,0.543515226167945,1
2023-04-25,2023,"Logistic",0,0.540758379675188,1
2023-04-26,2023,"Logistic",0,0.569861209413174,1
2023-04-27,2023,"Logistic",0,0.571868824878111,1
2023-04-28,2023,"Logistic",1,0.567393086203266,1
2023-05-02,2023,"Logistic",1,0.614025871556285,1
2023-05-03,2023,"Logistic",1,0.596152268541214,1
2023-05-04,2023,"Logistic",1,0.574855076678644,1
2023-05-05,2023,"Logistic",1,0.550978504993835,1
2023-05-08,2023,"Logistic",1,0.541522355816746,1
2023-05-09,2023,"Logistic",1,0.562462818317708,1
2023-05-10,2023,"Logistic",1,0.567763515161087,1
2023-05-11,2023,"Logistic",1,0.570265883653702,1
2023-05-12,2023,"Logistic",1,0.55599141647714,1
2023-05-15,2023,"Logistic",1,0.535290866230626,1
2023-05-16,2023,"Logistic",1,0.531354599919227,1
2023-05-17,2023,"Logistic",1,0.523953288057956,1
2023-05-19,2023,"Logistic",1,0.548581972501043,1
2023-05-22,2023,"Logistic",0,0.541366446795158,1
2023-05-23,2023,"Logistic",0,0.541054320874882,1
2023-05-24,2023,"Logistic",1,0.583308315719202,1
2023-05-25,2023,"Logistic",1,0.579079768630123,1
2023-05-26,2023,"Logistic",0,0.547476351456434,1
2023-05-30,2023,"Logistic",1,0.579144244420858,1
2023-05-31,2023,"Logistic",1,0.599343474509928,1
2023-06-01,2023,"Logistic",1,0.589129580494884,1
2023-06-02,2023,"Logistic",1,0.556375194263451,1
2023-06-05,2023,"Logistic",0,0.559267966619044,1
2023-06-06,2023,"Logistic",0,0.549019085319871,1
2023-06-07,2023,"Logistic",0,0.558127597568361,1
2023-06-08,2023,"Logistic",0,0.561994871209059,1
2023-06-09,2023,"Logistic",0,0.549592348418761,1
2023-06-12,2023,"Logistic",0,0.52463475716551,1
2023-06-13,2023,"Logistic",0,0.470492001260438,0
2023-06-14,2023,"Logistic",0,0.515918849469789,1
2023-06-15,2023,"Logistic",0,0.518319939565011,1
2023-06-16,2023,"Logistic",0,0.527098558836181,1
2023-06-19,2023,"Logistic",0,0.517785320793132,1
2023-06-20,2023,"Logistic",0,0.522883334133027,1
2023-06-21,2023,"Logistic",0,0.553312782126178,1
2023-06-22,2023,"Logistic",0,0.560512437548356,1
2023-06-23,2023,"Logistic",1,0.576560134293047,1
2023-06-26,2023,"Logistic",0,0.540437230825952,1
2023-06-27,2023,"Logistic",0,0.531205899806723,1
2023-06-28,2023,"Logistic",0,0.506306420247449,1
2023-06-29,2023,"Logistic",0,0.501535728180821,1
2023-06-30,2023,"Logistic",0,0.462197549001261,0
2023-07-03,2023,"Logistic",0,0.477509594663596,0
2023-07-04,2023,"Logistic",0,0.48002222607505,0
2023-07-05,2023,"Logistic",0,0.48349331233951,0
2023-07-06,2023,"Logistic",1,0.579694335969711,1
2023-07-07,2023,"Logistic",1,0.56373222068007,1
2023-07-10,2023,"Logistic",0,0.561191780298485,1
2023-07-11,2023,"Logistic",0,0.553985952405499,1
2023-07-12,2023,"Logistic",0,0.531008714553955,1
2023-07-13,2023,"Logistic",0,0.523329592221525,1
2023-07-14,2023,"Logistic",0,0.505567894517968,1
2023-07-17,2023,"Logistic",0,0.5101175537612,1
2023-07-18,2023,"Logistic",0,0.49716371531422,0
2023-07-19,2023,"Logistic",0,0.494615653483522,0
2023-07-20,2023,"Logistic",0,0.512749881083885,1
2023-07-21,2023,"Logistic",0,0.507615344034779,1
2023-07-24,2023,"Logistic",0,0.519131222274315,1
2023-07-25,2023,"Logistic",0,0.520328267246223,1
2023-07-26,2023,"Logistic",0,0.511121112357248,1
2023-07-27,2023,"Logistic",0,0.522384201095437,1
2023-07-28,2023,"Logistic",0,0.53281015242006,1
2023-07-31,2023,"Logistic",0,0.556694116072313,1
2023-08-02,2023,"Logistic",0,0.655961383244431,1
2023-08-03,2023,"Logistic",0,0.650678372386553,1
2023-08-04,2023,"Logistic",0,0.607769004566943,1
2023-08-07,2023,"Logistic",0,0.605583164591079,1
2023-08-08,2023,"Logistic",0,0.622928931947708,1
2023-08-09,2023,"Logistic",0,0.62565534679447,1
2023-08-10,2023,"Logistic",0,0.59921920873805,1
2023-08-11,2023,"Logistic",0,0.61859263776339,1
2023-08-14,2023,"Logistic",0,0.60041088247693,1
2023-08-15,2023,"Logistic",0,0.622778728083642,1
2023-08-16,2023,"Logistic",0,0.6340550439723,1
2023-08-17,2023,"Logistic",0,0.64156331719398,1
2023-08-18,2023,"Logistic",0,0.61015862653636,1
2023-08-21,2023,"Logistic",0,0.587632859113824,1
2023-08-22,2023,"Logistic",0,0.593077666156118,1
2023-08-23,2023,"Logistic",0,0.583799622430448,1
2023-08-24,2023,"Logistic",0,0.59282667589853,1
2023-08-25,2023,"Logistic",0,0.567665319882384,1
2023-08-28,2023,"Logistic",0,0.551844233228576,1
2023-08-29,2023,"Logistic",0,0.534429924254011,1
2023-08-30,2023,"Logistic",0,0.494240818333579,0
2023-08-31,2023,"Logistic",0,0.482056563071346,0
2023-09-01,2023,"Logistic",0,0.490087649879801,0
2023-09-04,2023,"Logistic",0,0.485215891259659,0
2023-09-05,2023,"Logistic",1,0.480260451351281,0
2023-09-06,2023,"Logistic",1,0.497241595485631,0
2023-09-07,2023,"Logistic",1,0.543545858731056,1
2023-09-08,2023,"Logistic",1,0.492755629648129,0
2023-09-11,2023,"Logistic",1,0.479415695105834,0
2023-09-12,2023,"Logistic",1,0.472748460142001,0
2023-09-13,2023,"Logistic",1,0.482341446331646,0
2023-09-14,2023,"Logistic",1,0.478165779354628,0
2023-09-15,2023,"Logistic",1,0.468316458372347,0
2023-09-18,2023,"Logistic",1,0.49770539189767,0
2023-09-19,2023,"Logistic",1,0.493891395712983,0
2023-09-20,2023,"Logistic",1,0.481978377987165,0
2023-09-21,2023,"Logistic",1,0.539533612899643,1
2023-09-22,2023,"Logistic",1,0.539439864656276,1
2023-09-25,2023,"Logistic",1,0.522351747157067,1
2023-09-26,2023,"Logistic",1,0.510899741188988,1
2023-09-27,2023,"Logistic",1,0.502661141780035,1
2023-09-28,2023,"Logistic",1,0.500994162402416,1
2023-09-29,2023,"Logistic",1,0.493646644684068,0
2023-10-02,2023,"Logistic",1,0.513931009309754,1
2023-10-03,2023,"Logistic",1,0.524103632665529,1
2023-10-04,2023,"Logistic",1,0.483722304621436,0
2023-10-05,2023,"Logistic",1,0.474012544624477,0
2023-10-06,2023,"Logistic",1,0.49107065568196,0
2023-10-09,2023,"Logistic",1,0.506825916635349,1
2023-10-10,2023,"Logistic",1,0.521995281038214,1
2023-10-11,2023,"Logistic",1,0.464529030649608,0
2023-10-12,2023,"Logistic",1,0.470461872251143,0
2023-10-13,2023,"Logistic",1,0.504090303755043,1
2023-10-16,2023,"Logistic",1,0.500637613275154,1
2023-10-17,2023,"Logistic",1,0.492328727763769,0
2023-10-18,2023,"Logistic",1,0.522344085686679,1
2023-10-19,2023,"Logistic",1,0.526308352462527,1
2023-10-20,2023,"Logistic",1,0.546217968441482,1
2023-10-23,2023,"Logistic",1,0.515405919813429,1
2023-10-24,2023,"Logistic",1,0.502213421002878,1
2023-10-25,2023,"Logistic",1,0.500133501271588,1
2023-10-26,2023,"Logistic",1,0.498556417570296,0
2023-10-27,2023,"Logistic",1,0.524967404189092,1
2023-10-30,2023,"Logistic",1,0.520287522558747,1
2023-10-31,2023,"Logistic",1,0.522788439146933,1
2023-11-01,2023,"Logistic",1,0.512931321559565,1
2023-11-02,2023,"Logistic",1,0.48702581778259,0
2023-11-03,2023,"Logistic",1,0.507604007232643,1
2023-11-06,2023,"Logistic",1,0.512357866106577,1
2023-11-07,2023,"Logistic",1,0.485016905959212,0
2023-11-08,2023,"Logistic",1,0.472633429139395,0
2023-11-09,2023,"Logistic",1,0.48801079856573,0
2023-11-10,2023,"Logistic",1,0.491825013845782,0
2023-11-13,2023,"Logistic",1,0.483898259037587,0
2023-11-14,2023,"Logistic",1,0.522940525303727,1
2023-11-15,2023,"Logistic",1,0.525674181759657,1
2023-11-16,2023,"Logistic",1,0.513442231253089,1
2023-11-17,2023,"Logistic",1,0.509537013319454,1
2023-11-20,2023,"Logistic",1,0.524230818694961,1
2023-11-21,2023,"Logistic",1,0.529652154904865,1
2023-11-22,2023,"Logistic",1,0.535959533025934,1
2023-11-23,2023,"Logistic",1,0.541593783055525,1
2023-11-24,2023,"Logistic",1,0.559415386186022,1
2023-11-27,2023,"Logistic",1,0.557473164422596,1
2023-11-28,2023,"Logistic",1,0.563037436780564,1
2023-11-29,2023,"Logistic",1,0.562052791638485,1
2023-11-30,2023,"Logistic",1,0.561145551021381,1
2023-12-01,2023,"Logistic",1,0.57132192769854,1
2023-12-04,2023,"Logistic",1,0.593885606525955,1
2023-12-05,2023,"Logistic",1,0.608676774964031,1
2023-12-06,2023,"Logistic",1,0.629748745379805,1
2023-12-07,2023,"Logistic",1,0.628359135239465,1
2023-12-08,2023,"Logistic",1,0.62073649681927,1
2023-12-11,2023,"Logistic",1,0.632088611319368,1
2023-12-12,2023,"Logistic",1,0.646962789111752,1
2023-12-13,2023,"Logistic",1,0.644594708115518,1
2023-12-14,2023,"Logistic",1,0.673070218622788,1
2023-12-15,2023,"Logistic",1,0.664761843407528,1
2023-12-18,2023,"Logistic",1,0.62743390287826,1
2023-12-19,2023,"Logistic",1,0.629579576071806,1
2023-12-20,2023,"Logistic",1,0.641051792434703,1
2023-12-21,2023,"Logistic",1,0.639445593967955,1
2023-12-22,2023,"Logistic",1,0.634298316512967,1
2023-12-27,2023,"Logistic",1,0.665524700281636,1
2023-12-28,2023,"Logistic",1,0.658316818708899,1
2023-12-29,2023,"Logistic",1,0.671713229740317,1
2023-01-03,2023,"DecisionTree",1,0.63322632423756,1
2023-01-04,2023,"DecisionTree",1,0.726315789473684,1
2023-01-05,2023,"DecisionTree",1,0.726315789473684,1
2023-01-06,2023,"DecisionTree",1,0.726315789473684,1
2023-01-09,2023,"DecisionTree",1,0.127906976744186,0
2023-01-10,2023,"DecisionTree",1,0.127906976744186,0
2023-01-11,2023,"DecisionTree",1,0.127906976744186,0
2023-01-12,2023,"DecisionTree",1,0.218181818181818,0
2023-01-13,2023,"DecisionTree",0,0.218181818181818,0
2023-01-16,2023,"DecisionTree",1,0.931818181818182,1
2023-01-17,2023,"DecisionTree",0,0.931818181818182,1
2023-01-18,2023,"DecisionTree",1,0.931818181818182,1
2023-01-19,2023,"DecisionTree",1,0.931818181818182,1
2023-01-20,2023,"DecisionTree",1,0.931818181818182,1
2023-01-23,2023,"DecisionTree",1,0.931818181818182,1
2023-01-24,2023,"DecisionTree",1,0.218181818181818,0
2023-01-25,2023,"DecisionTree",1,0.218181818181818,0
2023-01-26,2023,"DecisionTree",1,0.218181818181818,0
2023-01-27,2023,"DecisionTree",1,0.218181818181818,0
2023-01-30,2023,"DecisionTree",1,0.778425655976676,1
2023-01-31,2023,"DecisionTree",1,0.778425655976676,1
2023-02-01,2023,"DecisionTree",1,0.778425655976676,1
2023-02-02,2023,"DecisionTree",1,0.778425655976676,1
2023-02-03,2023,"DecisionTree",1,0.778425655976676,1
2023-02-06,2023,"DecisionTree",1,0.778425655976676,1
2023-02-07,2023,"DecisionTree",1,0.778425655976676,1
2023-02-08,2023,"DecisionTree",1,0.778425655976676,1
2023-02-09,2023,"DecisionTree",1,0.778425655976676,1
2023-02-10,2023,"DecisionTree",1,0.778425655976676,1
2023-02-13,2023,"DecisionTree",1,0.778425655976676,1
2023-02-14,2023,"DecisionTree",1,0.127906976744186,0
2023-02-15,2023,"DecisionTree",1,0.127906976744186,0
2023-02-16,2023,"DecisionTree",0,0.127906976744186,0
2023-02-17,2023,"DecisionTree",1,0.127906976744186,0
2023-02-20,2023,"DecisionTree",1,0.127906976744186,0
2023-02-21,2023,"DecisionTree",1,0.416666666666667,0
2023-02-22,2023,"DecisionTree",1,0.416666666666667,0
2023-02-23,2023,"DecisionTree",1,0.416666666666667,0
2023-02-24,2023,"DecisionTree",1,0.63322632423756,1
2023-02-27,2023,"DecisionTree",1,0.63322632423756,1
2023-02-28,2023,"DecisionTree",1,0.63322632423756,1
2023-03-01,2023,"DecisionTree",1,0.63322632423756,1
2023-03-02,2023,"DecisionTree",1,0.63322632423756,1
2023-03-03,2023,"DecisionTree",1,0.416666666666667,0
2023-03-06,2023,"DecisionTree",1,0.416666666666667,0
2023-03-07,2023,"DecisionTree",1,0.416666666666667,0
2023-03-08,2023,"DecisionTree",1,0.416666666666667,0
2023-03-09,2023,"DecisionTree",0,0.416666666666667,0
2023-03-10,2023,"DecisionTree",1,0.63322632423756,1
2023-03-13,2023,"DecisionTree",1,0.63322632423756,1
2023-03-14,2023,"DecisionTree",1,0.63322632423756,1
2023-03-15,2023,"DecisionTree",1,0.63322632423756,1
2023-03-16,2023,"DecisionTree",1,0.63322632423756,1
2023-03-17,2023,"DecisionTree",1,0.63322632423756,1
2023-03-20,2023,"DecisionTree",1,0.63322632423756,1
2023-03-21,2023,"DecisionTree",1,0.63322632423756,1
2023-03-22,2023,"DecisionTree",1,0.63322632423756,1
2023-03-23,2023,"DecisionTree",1,0.63322632423756,1
2023-03-24,2023,"DecisionTree",1,0.63322632423756,1
2023-03-27,2023,"DecisionTree",1,0.63322632423756,1
2023-03-28,2023,"DecisionTree",1,0.63322632423756,1
2023-03-29,2023,"DecisionTree",1,0.63322632423756,1
2023-03-30,2023,"DecisionTree",1,0.726315789473684,1
2023-03-31,2023,"DecisionTree",1,0.726315789473684,1
2023-04-03,2023,"DecisionTree",1,0.726315789473684,1
2023-04-04,2023,"DecisionTree",1,0.726315789473684,1
2023-04-05,2023,"DecisionTree",1,0.726315789473684,1
2023-04-06,2023,"DecisionTree",0,0.726315789473684,1
2023-04-11,2023,"DecisionTree",0,0.726315789473684,1
2023-04-12,2023,"DecisionTree",0,0.778425655976676,1
2023-04-13,2023,"DecisionTree",0,0.218181818181818,0
2023-04-14,2023,"DecisionTree",0,0.778425655976676,1
2023-04-17,2023,"DecisionTree",0,0.778425655976676,1
2023-04-18,2023,"DecisionTree",1,0.778425655976676,1
2023-04-19,2023,"DecisionTree",1,0.778425655976676,1
2023-04-20,2023,"DecisionTree",1,0.778425655976676,1
2023-04-21,2023,"DecisionTree",0,0.778425655976676,1
2023-04-24,2023,"DecisionTree",0,0.34375,0
2023-04-25,2023,"DecisionTree",0,0.34375,0
2023-04-26,2023,"DecisionTree",0,0.778425655976676,1
2023-04-27,2023,"DecisionTree",0,0.778425655976676,1
2023-04-28,2023,"DecisionTree",1,0.778425655976676,1
2023-05-02,2023,"DecisionTree",1,0.778425655976676,1
2023-05-03,2023,"DecisionTree",1,0.778425655976676,1
2023-05-04,2023,"DecisionTree",1,0.778425655976676,1
2023-05-05,2023,"DecisionTree",1,0.778425655976676,1
2023-05-08,2023,"DecisionTree",1,0.778425655976676,1
2023-05-09,2023,"DecisionTree",1,0.778425655976676,1
2023-05-10,2023,"DecisionTree",1,0.778425655976676,1
2023-05-11,2023,"DecisionTree",1,0.778425655976676,1
2023-05-12,2023,"DecisionTree",1,0.778425655976676,1
2023-05-15,2023,"DecisionTree",1,0.778425655976676,1
2023-05-16,2023,"DecisionTree",1,0.778425655976676,1
2023-05-17,2023,"DecisionTree",1,0.778425655976676,1
2023-05-19,2023,"DecisionTree",1,0.778425655976676,1
2023-05-22,2023,"DecisionTree",0,0.778425655976676,1
2023-05-23,2023,"DecisionTree",0,0.778425655976676,1
2023-05-24,2023,"DecisionTree",1,0.778425655976676,1
2023-05-25,2023,"DecisionTree",1,0.778425655976676,1
2023-05-26,2023,"DecisionTree",0,0.778425655976676,1
2023-05-30,2023,"DecisionTree",1,0.63322632423756,1
2023-05-31,2023,"DecisionTree",1,0.63322632423756,1
2023-06-01,2023,"DecisionTree",1,0.63322632423756,1
2023-06-02,2023,"DecisionTree",1,0.63322632423756,1
2023-06-05,2023,"DecisionTree",0,0.63322632423756,1
2023-06-06,2023,"DecisionTree",0,0.63322632423756,1
2023-06-07,2023,"DecisionTree",0,0.63322632423756,1
2023-06-08,2023,"DecisionTree",0,0.63322632423756,1
2023-06-09,2023,"DecisionTree",0,0.234741784037559,0
2023-06-12,2023,"DecisionTree",0,0.234741784037559,0
2023-06-13,2023,"DecisionTree",0,0.234741784037559,0
2023-06-14,2023,"DecisionTree",0,0.234741784037559,0
2023-06-15,2023,"DecisionTree",0,0.721238938053097,1
2023-06-16,2023,"DecisionTree",0,0.721238938053097,1
2023-06-19,2023,"DecisionTree",0,0.234741784037559,0
2023-06-20,2023,"DecisionTree",0,0.234741784037559,0
2023-06-21,2023,"DecisionTree",0,0.234741784037559,0
2023-06-22,2023,"DecisionTree",0,0.234741784037559,0
2023-06-23,2023,"DecisionTree",1,0.605263157894737,1
2023-06-26,2023,"DecisionTree",0,0.234741784037559,0
2023-06-27,2023,"DecisionTree",0,0.234741784037559,0
2023-06-28,2023,"DecisionTree",0,0.234741784037559,0
2023-06-29,2023,"DecisionTree",0,0.234741784037559,0
2023-06-30,2023,"DecisionTree",0,0.234741784037559,0
2023-07-03,2023,"DecisionTree",0,0.234741784037559,0
2023-07-04,2023,"DecisionTree",0,0.234741784037559,0
2023-07-05,2023,"DecisionTree",0,0.234741784037559,0
2023-07-06,2023,"DecisionTree",1,0.778425655976676,1
2023-07-07,2023,"DecisionTree",1,0.63322632423756,1
2023-07-10,2023,"DecisionTree",0,0.63322632423756,1
2023-07-11,2023,"DecisionTree",0,0.63322632423756,1
2023-07-12,2023,"DecisionTree",0,0.63322632423756,1
2023-07-13,2023,"DecisionTree",0,0.726315789473684,1
2023-07-14,2023,"DecisionTree",0,0.778425655976676,1
2023-07-17,2023,"DecisionTree",0,0.63322632423756,1
2023-07-18,2023,"DecisionTree",0,0.63322632423756,1
2023-07-19,2023,"DecisionTree",0,0.63322632423756,1
2023-07-20,2023,"DecisionTree",0,0.778425655976676,1
2023-07-21,2023,"DecisionTree",0,0.416666666666667,0
2023-07-24,2023,"DecisionTree",0,0.63322632423756,1
2023-07-25,2023,"DecisionTree",0,0.778425655976676,1
2023-07-26,2023,"DecisionTree",0,0.778425655976676,1
2023-07-27,2023,"DecisionTree",0,0.778425655976676,1
2023-07-28,2023,"DecisionTree",0,0.778425655976676,1
2023-07-31,2023,"DecisionTree",0,0.778425655976676,1
2023-08-02,2023,"DecisionTree",0,0.63322632423756,1
2023-08-03,2023,"DecisionTree",0,0.63322632423756,1
2023-08-04,2023,"DecisionTree",0,0.63322632423756,1
2023-08-07,2023,"DecisionTree",0,0.63322632423756,1
2023-08-08,2023,"DecisionTree",0,0.63322632423756,1
2023-08-09,2023,"DecisionTree",0,0.63322632423756,1
2023-08-10,2023,"DecisionTree",0,0.63322632423756,1
2023-08-11,2023,"DecisionTree",0,0.63322632423756,1
2023-08-14,2023,"DecisionTree",0,0.63322632423756,1
2023-08-15,2023,"DecisionTree",0,0.63322632423756,1
2023-08-16,2023,"DecisionTree",0,0.63322632423756,1
2023-08-17,2023,"DecisionTree",0,0.63322632423756,1
2023-08-18,2023,"DecisionTree",0,0.63322632423756,1
2023-08-21,2023,"DecisionTree",0,0.63322632423756,1
2023-08-22,2023,"DecisionTree",0,0.63322632423756,1
2023-08-23,2023,"DecisionTree",0,0.63322632423756,1
2023-08-24,2023,"DecisionTree",0,0.63322632423756,1
2023-08-25,2023,"DecisionTree",0,0.63322632423756,1
2023-08-28,2023,"DecisionTree",0,0.63322632423756,1
2023-08-29,2023,"DecisionTree",0,0.63322632423756,1
2023-08-30,2023,"DecisionTree",0,0.63322632423756,1
2023-08-31,2023,"DecisionTree",0,0.63322632423756,1
2023-09-01,2023,"DecisionTree",0,0.63322632423756,1
2023-09-04,2023,"DecisionTree",0,0.63322632423756,1
2023-09-05,2023,"DecisionTree",1,0.63322632423756,1
2023-09-06,2023,"DecisionTree",1,0.63322632423756,1
2023-09-07,2023,"DecisionTree",1,0.63322632423756,1
2023-09-08,2023,"DecisionTree",1,0.63322632423756,1
2023-09-11,2023,"DecisionTree",1,0.63322632423756,1
2023-09-12,2023,"DecisionTree",1,0.63322632423756,1
2023-09-13,2023,"DecisionTree",1,0.778425655976676,1
2023-09-14,2023,"DecisionTree",1,0.778425655976676,1
2023-09-15,2023,"DecisionTree",1,0.778425655976676,1
2023-09-18,2023,"DecisionTree",1,0.778425655976676,1
2023-09-19,2023,"DecisionTree",1,0.778425655976676,1
2023-09-20,2023,"DecisionTree",1,0.778425655976676,1
2023-09-21,2023,"DecisionTree",1,0.63322632423756,1
2023-09-22,2023,"DecisionTree",1,0.63322632423756,1
2023-09-25,2023,"DecisionTree",1,0.63322632423756,1
2023-09-26,2023,"DecisionTree",1,0.63322632423756,1
2023-09-27,2023,"DecisionTree",1,0.63322632423756,1
2023-09-28,2023,"DecisionTree",1,0.63322632423756,1
2023-09-29,2023,"DecisionTree",1,0.63322632423756,1
2023-10-02,2023,"DecisionTree",1,0.63322632423756,1
2023-10-03,2023,"DecisionTree",1,0.63322632423756,1
2023-10-04,2023,"DecisionTree",1,0.63322632423756,1
2023-10-05,2023,"DecisionTree",1,0.63322632423756,1
2023-10-06,2023,"DecisionTree",1,0.63322632423756,1
2023-10-09,2023,"DecisionTree",1,0.63322632423756,1
2023-10-10,2023,"DecisionTree",1,0.63322632423756,1
2023-10-11,2023,"DecisionTree",1,0.234741784037559,0
2023-10-12,2023,"DecisionTree",1,0.234741784037559,0
2023-10-13,2023,"DecisionTree",1,0.234741784037559,0
2023-10-16,2023,"DecisionTree",1,0.234741784037559,0
2023-10-17,2023,"DecisionTree",1,0.234741784037559,0
2023-10-18,2023,"DecisionTree",1,0.605263157894737,1
2023-10-19,2023,"DecisionTree",1,0.605263157894737,1
2023-10-20,2023,"DecisionTree",1,0.605263157894737,1
2023-10-23,2023,"DecisionTree",1,0.605263157894737,1
2023-10-24,2023,"DecisionTree",1,0.234741784037559,0
2023-10-25,2023,"DecisionTree",1,0.234741784037559,0
2023-10-26,2023,"DecisionTree",1,0.234741784037559,0
2023-10-27,2023,"DecisionTree",1,0.234741784037559,0
2023-10-30,2023,"DecisionTree",1,0.234741784037559,0
2023-10-31,2023,"DecisionTree",1,0.234741784037559,0
2023-11-01,2023,"DecisionTree",1,0.234741784037559,0
2023-11-02,2023,"DecisionTree",1,0.142857142857143,0
2023-11-03,2023,"DecisionTree",1,0.142857142857143,0
2023-11-06,2023,"DecisionTree",1,0.234741784037559,0
2023-11-07,2023,"DecisionTree",1,0.234741784037559,0
2023-11-08,2023,"DecisionTree",1,0.234741784037559,0
2023-11-09,2023,"DecisionTree",1,0.234741784037559,0
2023-11-10,2023,"DecisionTree",1,0.416666666666667,0
2023-11-13,2023,"DecisionTree",1,0.416666666666667,0
2023-11-14,2023,"DecisionTree",1,0.416666666666667,0
2023-11-15,2023,"DecisionTree",1,0.416666666666667,0
2023-11-16,2023,"DecisionTree",1,0.218181818181818,0
2023-11-17,2023,"DecisionTree",1,1,1
2023-11-20,2023,"DecisionTree",1,1,1
2023-11-21,2023,"DecisionTree",1,1,1
2023-11-22,2023,"DecisionTree",1,1,1
2023-11-23,2023,"DecisionTree",1,1,1
2023-11-24,2023,"DecisionTree",1,1,1
2023-11-27,2023,"DecisionTree",1,1,1
2023-11-28,2023,"DecisionTree",1,0.952380952380952,1
2023-11-29,2023,"DecisionTree",1,0.952380952380952,1
2023-11-30,2023,"DecisionTree",1,0.230769230769231,0
2023-12-01,2023,"DecisionTree",1,0.952380952380952,1
2023-12-04,2023,"DecisionTree",1,0.952380952380952,1
2023-12-05,2023,"DecisionTree",1,0.952380952380952,1
2023-12-06,2023,"DecisionTree",1,0.952380952380952,1
2023-12-07,2023,"DecisionTree",1,0.952380952380952,1
2023-12-08,2023,"DecisionTree",1,0.952380952380952,1
2023-12-11,2023,"DecisionTree",1,0.952380952380952,1
2023-12-12,2023,"DecisionTree",1,0.952380952380952,1
2023-12-13,2023,"DecisionTree",1,0.714285714285714,1
2023-12-14,2023,"DecisionTree",1,0.952380952380952,1
2023-12-15,2023,"DecisionTree",1,0.714285714285714,1
2023-12-18,2023,"DecisionTree",1,0.721238938053097,1
2023-12-19,2023,"DecisionTree",1,0.721238938053097,1
2023-12-20,2023,"DecisionTree",1,0.721238938053097,1
2023-12-21,2023,"DecisionTree",1,0.721238938053097,1
2023-12-22,2023,"DecisionTree",1,0.721238938053097,1
2023-12-27,2023,"DecisionTree",1,0.721238938053097,1
2023-12-28,2023,"DecisionTree",1,0.721238938053097,1
2023-12-29,2023,"DecisionTree",1,0.25,0
2023-01-03,2023,"RandomForest",1,0.682,1
2023-01-04,2023,"RandomForest",1,0.53,1
2023-01-05,2023,"RandomForest",1,0.754,1
2023-01-06,2023,"RandomForest",1,0.402,0
2023-01-09,2023,"RandomForest",1,0.416,0
2023-01-10,2023,"RandomForest",1,0.398,0
2023-01-11,2023,"RandomForest",1,0.466,0
2023-01-12,2023,"RandomForest",1,0.626,1
2023-01-13,2023,"RandomForest",0,0.646,1
2023-01-16,2023,"RandomForest",1,0.836,1
2023-01-17,2023,"RandomForest",0,0.884,1
2023-01-18,2023,"RandomForest",1,0.856,1
2023-01-19,2023,"RandomForest",1,0.654,1
2023-01-20,2023,"RandomForest",1,0.582,1
2023-01-23,2023,"RandomForest",1,0.682,1
2023-01-24,2023,"RandomForest",1,0.598,1
2023-01-25,2023,"RandomForest",1,0.462,0
2023-01-26,2023,"RandomForest",1,0.486,0
2023-01-27,2023,"RandomForest",1,0.51,1
2023-01-30,2023,"RandomForest",1,0.544,1
2023-01-31,2023,"RandomForest",1,0.476,0
2023-02-01,2023,"RandomForest",1,0.662,1
2023-02-02,2023,"RandomForest",1,0.814,1
2023-02-03,2023,"RandomForest",1,0.62,1
2023-02-06,2023,"RandomForest",1,0.506,1
2023-02-07,2023,"RandomForest",1,0.524,1
2023-02-08,2023,"RandomForest",1,0.67,1
2023-02-09,2023,"RandomForest",1,0.646,1
2023-02-10,2023,"RandomForest",1,0.548,1
2023-02-13,2023,"RandomForest",1,0.524,1
2023-02-14,2023,"RandomForest",1,0.428,0
2023-02-15,2023,"RandomForest",1,0.524,1
2023-02-16,2023,"RandomForest",0,0.406,0
2023-02-17,2023,"RandomForest",1,0.242,0
2023-02-20,2023,"RandomForest",1,0.466,0
2023-02-21,2023,"RandomForest",1,0.382,0
2023-02-22,2023,"RandomForest",1,0.566,1
2023-02-23,2023,"RandomForest",1,0.606,1
2023-02-24,2023,"RandomForest",1,0.576,1
2023-02-27,2023,"RandomForest",1,0.49,0
2023-02-28,2023,"RandomForest",1,0.46,0
2023-03-01,2023,"RandomForest",1,0.422,0
2023-03-02,2023,"RandomForest",1,0.49,0
2023-03-03,2023,"RandomForest",1,0.624,1
2023-03-06,2023,"RandomForest",1,0.582,1
2023-03-07,2023,"RandomForest",1,0.67,1
2023-03-08,2023,"RandomForest",1,0.628,1
2023-03-09,2023,"RandomForest",0,0.6,1
2023-03-10,2023,"RandomForest",1,0.49,0
2023-03-13,2023,"RandomForest",1,0.528,1
2023-03-14,2023,"RandomForest",1,0.654,1
2023-03-15,2023,"RandomForest",1,0.612,1
2023-03-16,2023,"RandomForest",1,0.37,0
2023-03-17,2023,"RandomForest",1,0.388,0
2023-03-20,2023,"RandomForest",1,0.544,1
2023-03-21,2023,"RandomForest",1,0.672,1
2023-03-22,2023,"RandomForest",1,0.714,1
2023-03-23,2023,"RandomForest",1,0.678,1
2023-03-24,2023,"RandomForest",1,0.564,1
2023-03-27,2023,"RandomForest",1,0.722,1
2023-03-28,2023,"RandomForest",1,0.762,1
2023-03-29,2023,"RandomForest",1,0.672,1
2023-03-30,2023,"RandomForest",1,0.646,1
2023-03-31,2023,"RandomForest",1,0.556,1
2023-04-03,2023,"RandomForest",1,0.716,1
2023-04-04,2023,"RandomForest",1,0.694,1
2023-04-05,2023,"RandomForest",1,0.65,1
2023-04-06,2023,"RandomForest",0,0.696,1
2023-04-11,2023,"RandomForest",0,0.498,0
2023-04-12,2023,"RandomForest",0,0.612,1
2023-04-13,2023,"RandomForest",0,0.416,0
2023-04-14,2023,"RandomForest",0,0.484,0
2023-04-17,2023,"RandomForest",0,0.41,0
2023-04-18,2023,"RandomForest",1,0.522,1
2023-04-19,2023,"RandomForest",1,0.502,1
2023-04-20,2023,"RandomForest",1,0.818,1
2023-04-21,2023,"RandomForest",0,0.61,1
2023-04-24,2023,"RandomForest",0,0.642,1
2023-04-25,2023,"RandomForest",0,0.852,1
2023-04-26,2023,"RandomForest",0,0.828,1
2023-04-27,2023,"RandomForest",0,0.904,1
2023-04-28,2023,"RandomForest",1,0.77,1
2023-05-02,2023,"RandomForest",1,0.726,1
2023-05-03,2023,"RandomForest",1,0.752,1
2023-05-04,2023,"RandomForest",1,0.758,1
2023-05-05,2023,"RandomForest",1,0.77,1
2023-05-08,2023,"RandomForest",1,0.738,1
2023-05-09,2023,"RandomForest",1,0.686,1
2023-05-10,2023,"RandomForest",1,0.716,1
2023-05-11,2023,"RandomForest",1,0.786,1
2023-05-12,2023,"RandomForest",1,0.742,1
2023-05-15,2023,"RandomForest",1,0.718,1
2023-05-16,2023,"RandomForest",1,0.686,1
2023-05-17,2023,"RandomForest",1,0.68,1
2023-05-19,2023,"RandomForest",1,0.62,1
2023-05-22,2023,"RandomForest",0,0.64,1
2023-05-23,2023,"RandomForest",0,0.754,1
2023-05-24,2023,"RandomForest",1,0.674,1
2023-05-25,2023,"RandomForest",1,0.716,1
2023-05-26,2023,"RandomForest",0,0.636,1
2023-05-30,2023,"RandomForest",1,0.84,1
2023-05-31,2023,"RandomForest",1,0.794,1
2023-06-01,2023,"RandomForest",1,0.858,1
2023-06-02,2023,"RandomForest",1,0.57,1
2023-06-05,2023,"RandomForest",0,0.718,1
2023-06-06,2023,"RandomForest",0,0.742,1
2023-06-07,2023,"RandomForest",0,0.79,1
2023-06-08,2023,"RandomForest",0,0.68,1
2023-06-09,2023,"RandomForest",0,0.26,0
2023-06-12,2023,"RandomForest",0,0.29,0
2023-06-13,2023,"RandomForest",0,0.204,0
2023-06-14,2023,"RandomForest",0,0.264,0
2023-06-15,2023,"RandomForest",0,0.354,0
2023-06-16,2023,"RandomForest",0,0.328,0
2023-06-19,2023,"RandomForest",0,0.298,0
2023-06-20,2023,"RandomForest",0,0.158,0
2023-06-21,2023,"RandomForest",0,0.166,0
2023-06-22,2023,"RandomForest",0,0.268,0
2023-06-23,2023,"RandomForest",1,0.364,0
2023-06-26,2023,"RandomForest",0,0.488,0
2023-06-27,2023,"RandomForest",0,0.572,1
2023-06-28,2023,"RandomForest",0,0.368,0
2023-06-29,2023,"RandomForest",0,0.324,0
2023-06-30,2023,"RandomForest",0,0.394,0
2023-07-03,2023,"RandomForest",0,0.384,0
2023-07-04,2023,"RandomForest",0,0.318,0
2023-07-05,2023,"RandomForest",0,0.282,0
2023-07-06,2023,"RandomForest",1,0.72,1
2023-07-07,2023,"RandomForest",1,0.808,1
2023-07-10,2023,"RandomForest",0,0.846,1
2023-07-11,2023,"RandomForest",0,0.828,1
2023-07-12,2023,"RandomForest",0,0.648,1
2023-07-13,2023,"RandomForest",0,0.564,1
2023-07-14,2023,"RandomForest",0,0.55,1
2023-07-17,2023,"RandomForest",0,0.764,1
2023-07-18,2023,"RandomForest",0,0.696,1
2023-07-19,2023,"RandomForest",0,0.594,1
2023-07-20,2023,"RandomForest",0,0.68,1
2023-07-21,2023,"RandomForest",0,0.644,1
2023-07-24,2023,"RandomForest",0,0.666,1
2023-07-25,2023,"RandomForest",0,0.756,1
2023-07-26,2023,"RandomForest",0,0.7,1
2023-07-27,2023,"RandomForest",0,0.552,1
2023-07-28,2023,"RandomForest",0,0.758,1
2023-07-31,2023,"RandomForest",0,0.782,1
2023-08-02,2023,"RandomForest",0,0.656,1
2023-08-03,2023,"RandomForest",0,0.654,1
2023-08-04,2023,"RandomForest",0,0.668,1
2023-08-07,2023,"RandomForest",0,0.67,1
2023-08-08,2023,"RandomForest",0,0.648,1
2023-08-09,2023,"RandomForest",0,0.672,1
2023-08-10,2023,"RandomForest",0,0.748,1
2023-08-11,2023,"RandomForest",0,0.776,1
2023-08-14,2023,"RandomForest",0,0.822,1
2023-08-15,2023,"RandomForest",0,0.636,1
2023-08-16,2023,"RandomForest",0,0.752,1
2023-08-17,2023,"RandomForest",0,0.82,1
2023-08-18,2023,"RandomForest",0,0.864,1
2023-08-21,2023,"RandomForest",0,0.768,1
2023-08-22,2023,"RandomForest",0,0.878,1
2023-08-23,2023,"RandomForest",0,0.886,1
2023-08-24,2023,"RandomForest",0,0.84,1
2023-08-25,2023,"RandomForest",0,0.674,1
2023-08-28,2023,"RandomForest",0,0.854,1
2023-08-29,2023,"RandomForest",0,0.714,1
2023-08-30,2023,"RandomForest",0,0.682,1
2023-08-31,2023,"RandomForest",0,0.784,1
2023-09-01,2023,"RandomForest",0,0.838,1
2023-09-04,2023,"RandomForest",0,0.844,1
2023-09-05,2023,"RandomForest",1,0.836,1
2023-09-06,2023,"RandomForest",1,0.78,1
2023-09-07,2023,"RandomForest",1,0.706,1
2023-09-08,2023,"RandomForest",1,0.752,1
2023-09-11,2023,"RandomForest",1,0.808,1
2023-09-12,2023,"RandomForest",1,0.742,1
2023-09-13,2023,"RandomForest",1,0.766,1
2023-09-14,2023,"RandomForest",1,0.754,1
2023-09-15,2023,"RandomForest",1,0.78,1
2023-09-18,2023,"RandomForest",1,0.84,1
2023-09-19,2023,"RandomForest",1,0.856,1
2023-09-20,2023,"RandomForest",1,0.76,1
2023-09-21,2023,"RandomForest",1,0.762,1
2023-09-22,2023,"RandomForest",1,0.786,1
2023-09-25,2023,"RandomForest",1,0.704,1
2023-09-26,2023,"RandomForest",1,0.642,1
2023-09-27,2023,"RandomForest",1,0.654,1
2023-09-28,2023,"RandomForest",1,0.748,1
2023-09-29,2023,"RandomForest",1,0.724,1
2023-10-02,2023,"RandomForest",1,0.64,1
2023-10-03,2023,"RandomForest",1,0.604,1
2023-10-04,2023,"RandomForest",1,0.526,1
2023-10-05,2023,"RandomForest",1,0.544,1
2023-10-06,2023,"RandomForest",1,0.696,1
2023-10-09,2023,"RandomForest",1,0.626,1
2023-10-10,2023,"RandomForest",1,0.596,1
2023-10-11,2023,"RandomForest",1,0.158,0
2023-10-12,2023,"RandomForest",1,0.142,0
2023-10-13,2023,"RandomForest",1,0.646,1
2023-10-16,2023,"RandomForest",1,0.616,1
2023-10-17,2023,"RandomForest",1,0.216,0
2023-10-18,2023,"RandomForest",1,0.548,1
2023-10-19,2023,"RandomForest",1,0.328,0
2023-10-20,2023,"RandomForest",1,0.336,0
2023-10-23,2023,"RandomForest",1,0.252,0
2023-10-24,2023,"RandomForest",1,0.224,0
2023-10-25,2023,"RandomForest",1,0.15,0
2023-10-26,2023,"RandomForest",1,0.198,0
2023-10-27,2023,"RandomForest",1,0.23,0
2023-10-30,2023,"RandomForest",1,0.216,0
2023-10-31,2023,"RandomForest",1,0.282,0
2023-11-01,2023,"RandomForest",1,0.24,0
2023-11-02,2023,"RandomForest",1,0.402,0
2023-11-03,2023,"RandomForest",1,0.304,0
2023-11-06,2023,"RandomForest",1,0.184,0
2023-11-07,2023,"RandomForest",1,0.178,0
2023-11-08,2023,"RandomForest",1,0.202,0
2023-11-09,2023,"RandomForest",1,0.282,0
2023-11-10,2023,"RandomForest",1,0.4,0
2023-11-13,2023,"RandomForest",1,0.332,0
2023-11-14,2023,"RandomForest",1,0.572,1
2023-11-15,2023,"RandomForest",1,0.59,1
2023-11-16,2023,"RandomForest",1,0.494,0
2023-11-17,2023,"RandomForest",1,0.624,1
2023-11-20,2023,"RandomForest",1,0.678,1
2023-11-21,2023,"RandomForest",1,0.644,1
2023-11-22,2023,"RandomForest",1,0.684,1
2023-11-23,2023,"RandomForest",1,0.676,1
2023-11-24,2023,"RandomForest",1,0.704,1
2023-11-27,2023,"RandomForest",1,0.66,1
2023-11-28,2023,"RandomForest",1,0.732,1
2023-11-29,2023,"RandomForest",1,0.74,1
2023-11-30,2023,"RandomForest",1,0.754,1
2023-12-01,2023,"RandomForest",1,0.822,1
2023-12-04,2023,"RandomForest",1,0.786,1
2023-12-05,2023,"RandomForest",1,0.696,1
2023-12-06,2023,"RandomForest",1,0.644,1
2023-12-07,2023,"RandomForest",1,0.74,1
2023-12-08,2023,"RandomForest",1,0.662,1
2023-12-11,2023,"RandomForest",1,0.64,1
2023-12-12,2023,"RandomForest",1,0.594,1
2023-12-13,2023,"RandomForest",1,0.71,1
2023-12-14,2023,"RandomForest",1,0.71,1
2023-12-15,2023,"RandomForest",1,0.588,1
2023-12-18,2023,"RandomForest",1,0.768,1
2023-12-19,2023,"RandomForest",1,0.808,1
2023-12-20,2023,"RandomForest",1,0.832,1
2023-12-21,2023,"RandomForest",1,0.806,1
2023-12-22,2023,"RandomForest",1,0.828,1
2023-12-27,2023,"RandomForest",1,0.83,1
2023-12-28,2023,"RandomForest",1,0.816,1
2023-12-29,2023,"RandomForest",1,0.782,1
2023-01-03,2023,"Random",1,0.592887798896382,0
2023-01-04,2023,"Random",1,0.592887798896382,0
2023-01-05,2023,"Random",1,0.592887798896382,1
2023-01-06,2023,"Random",1,0.592887798896382,1
2023-01-09,2023,"Random",1,0.592887798896382,1
2023-01-10,2023,"Random",1,0.592887798896382,0
2023-01-11,2023,"Random",1,0.592887798896382,1
2023-01-12,2023,"Random",1,0.592887798896382,1
2023-01-13,2023,"Random",0,0.592887798896382,1
2023-01-16,2023,"Random",1,0.592887798896382,1
2023-01-17,2023,"Random",0,0.592887798896382,1
2023-01-18,2023,"Random",1,0.592887798896382,1
2023-01-19,2023,"Random",1,0.592887798896382,1
2023-01-20,2023,"Random",1,0.592887798896382,1
2023-01-23,2023,"Random",1,0.592887798896382,0
2023-01-24,2023,"Random",1,0.592887798896382,0
2023-01-25,2023,"Random",1,0.592887798896382,1
2023-01-26,2023,"Random",1,0.592887798896382,1
2023-01-27,2023,"Random",1,0.592887798896382,1
2023-01-30,2023,"Random",1,0.592887798896382,1
2023-01-31,2023,"Random",1,0.592887798896382,0
2023-02-01,2023,"Random",1,0.592887798896382,1
2023-02-02,2023,"Random",1,0.592887798896382,1
2023-02-03,2023,"Random",1,0.592887798896382,1
2023-02-06,2023,"Random",1,0.592887798896382,0
2023-02-07,2023,"Random",1,0.592887798896382,1
2023-02-08,2023,"Random",1,0.592887798896382,1
2023-02-09,2023,"Random",1,0.592887798896382,1
2023-02-10,2023,"Random",1,0.592887798896382,1
2023-02-13,2023,"Random",1,0.592887798896382,0
2023-02-14,2023,"Random",1,0.592887798896382,1
2023-02-15,2023,"Random",1,0.592887798896382,0
2023-02-16,2023,"Random",0,0.592887798896382,0
2023-02-17,2023,"Random",1,0.592887798896382,0
2023-02-20,2023,"Random",1,0.592887798896382,1
2023-02-21,2023,"Random",1,0.592887798896382,0
2023-02-22,2023,"Random",1,0.592887798896382,1
2023-02-23,2023,"Random",1,0.592887798896382,0
2023-02-24,2023,"Random",1,0.592887798896382,0
2023-02-27,2023,"Random",1,0.592887798896382,0
2023-02-28,2023,"Random",1,0.592887798896382,0
2023-03-01,2023,"Random",1,0.592887798896382,1
2023-03-02,2023,"Random",1,0.592887798896382,1
2023-03-03,2023,"Random",1,0.592887798896382,1
2023-03-06,2023,"Random",1,0.592887798896382,1
2023-03-07,2023,"Random",1,0.592887798896382,1
2023-03-08,2023,"Random",1,0.592887798896382,0
2023-03-09,2023,"Random",0,0.592887798896382,0
2023-03-10,2023,"Random",1,0.592887798896382,1
2023-03-13,2023,"Random",1,0.592887798896382,0
2023-03-14,2023,"Random",1,0.592887798896382,0
2023-03-15,2023,"Random",1,0.592887798896382,1
2023-03-16,2023,"Random",1,0.592887798896382,0
2023-03-17,2023,"Random",1,0.592887798896382,1
2023-03-20,2023,"Random",1,0.592887798896382,1
2023-03-21,2023,"Random",1,0.592887798896382,0
2023-03-22,2023,"Random",1,0.592887798896382,1
2023-03-23,2023,"Random",1,0.592887798896382,1
2023-03-24,2023,"Random",1,0.592887798896382,1
2023-03-27,2023,"Random",1,0.592887798896382,0
2023-03-28,2023,"Random",1,0.592887798896382,1
2023-03-29,2023,"Random",1,0.592887798896382,0
2023-03-30,2023,"Random",1,0.592887798896382,0
2023-03-31,2023,"Random",1,0.592887798896382,1
2023-04-03,2023,"Random",1,0.592887798896382,1
2023-04-04,2023,"Random",1,0.592887798896382,1
2023-04-05,2023,"Random",1,0.592887798896382,0
2023-04-06,2023,"Random",0,0.592887798896382,0
2023-04-11,2023,"Random",0,0.592887798896382,0
2023-04-12,2023,"Random",0,0.592887798896382,0
2023-04-13,2023,"Random",0,0.592887798896382,1
2023-04-14,2023,"Random",0,0.592887798896382,1
2023-04-17,2023,"Random",0,0.592887798896382,1
2023-04-18,2023,"Random",1,0.592887798896382,0
2023-04-19,2023,"Random",1,0.592887798896382,1
2023-04-20,2023,"Random",1,0.592887798896382,0
2023-04-21,2023,"Random",0,0.592887798896382,0
2023-04-24,2023,"Random",0,0.592887798896382,1
2023-04-25,2023,"Random",0,0.592887798896382,1
2023-04-26,2023,"Random",0,0.592887798896382,0
2023-04-27,2023,"Random",0,0.592887798896382,0
2023-04-28,2023,"Random",1,0.592887798896382,1
2023-05-02,2023,"Random",1,0.592887798896382,1
2023-05-03,2023,"Random",1,0.592887798896382,1
2023-05-04,2023,"Random",1,0.592887798896382,0
2023-05-05,2023,"Random",1,0.592887798896382,0
2023-05-08,2023,"Random",1,0.592887798896382,1
2023-05-09,2023,"Random",1,0.592887798896382,1
2023-05-10,2023,"Random",1,0.592887798896382,1
2023-05-11,2023,"Random",1,0.592887798896382,0
2023-05-12,2023,"Random",1,0.592887798896382,0
2023-05-15,2023,"Random",1,0.592887798896382,0
2023-05-16,2023,"Random",1,0.592887798896382,1
2023-05-17,2023,"Random",1,0.592887798896382,1
2023-05-19,2023,"Random",1,0.592887798896382,1
2023-05-22,2023,"Random",0,0.592887798896382,0
2023-05-23,2023,"Random",0,0.592887798896382,0
2023-05-24,2023,"Random",1,0.592887798896382,1
2023-05-25,2023,"Random",1,0.592887798896382,0
2023-05-26,2023,"Random",0,0.592887798896382,0
2023-05-30,2023,"Random",1,0.592887798896382,1
2023-05-31,2023,"Random",1,0.592887798896382,1
2023-06-01,2023,"Random",1,0.592887798896382,1
2023-06-02,2023,"Random",1,0.592887798896382,0
2023-06-05,2023,"Random",0,0.592887798896382,1
2023-06-06,2023,"Random",0,0.592887798896382,1
2023-06-07,2023,"Random",0,0.592887798896382,0
2023-06-08,2023,"Random",0,0.592887798896382,0
2023-06-09,2023,"Random",0,0.592887798896382,0
2023-06-12,2023,"Random",0,0.592887798896382,1
2023-06-13,2023,"Random",0,0.592887798896382,1
2023-06-14,2023,"Random",0,0.592887798896382,0
2023-06-15,2023,"Random",0,0.592887798896382,1
2023-06-16,2023,"Random",0,0.592887798896382,0
2023-06-19,2023,"Random",0,0.592887798896382,1
2023-06-20,2023,"Random",0,0.592887798896382,1
2023-06-21,2023,"Random",0,0.592887798896382,0
2023-06-22,2023,"Random",0,0.592887798896382,0
2023-06-23,2023,"Random",1,0.592887798896382,1
2023-06-26,2023,"Random",0,0.592887798896382,0
2023-06-27,2023,"Random",0,0.592887798896382,1
2023-06-28,2023,"Random",0,0.592887798896382,1
2023-06-29,2023,"Random",0,0.592887798896382,1
2023-06-30,2023,"Random",0,0.592887798896382,0
2023-07-03,2023,"Random",0,0.592887798896382,0
2023-07-04,2023,"Random",0,0.592887798896382,1
2023-07-05,2023,"Random",0,0.592887798896382,1
2023-07-06,2023,"Random",1,0.592887798896382,0
2023-07-07,2023,"Random",1,0.592887798896382,1
2023-07-10,2023,"Random",0,0.592887798896382,1
2023-07-11,2023,"Random",0,0.592887798896382,1
2023-07-12,2023,"Random",0,0.592887798896382,0
2023-07-13,2023,"Random",0,0.592887798896382,1
2023-07-14,2023,"Random",0,0.592887798896382,1
2023-07-17,2023,"Random",0,0.592887798896382,1
2023-07-18,2023,"Random",0,0.592887798896382,0
2023-07-19,2023,"Random",0,0.592887798896382,1
2023-07-20,2023,"Random",0,0.592887798896382,0
2023-07-21,2023,"Random",0,0.592887798896382,1
2023-07-24,2023,"Random",0,0.592887798896382,1
2023-07-25,2023,"Random",0,0.592887798896382,0
2023-07-26,2023,"Random",0,0.592887798896382,1
2023-07-27,2023,"Random",0,0.592887798896382,0
2023-07-28,2023,"Random",0,0.592887798896382,0
2023-07-31,2023,"Random",0,0.592887798896382,0
2023-08-02,2023,"Random",0,0.592887798896382,1
2023-08-03,2023,"Random",0,0.592887798896382,1
2023-08-04,2023,"Random",0,0.592887798896382,1
2023-08-07,2023,"Random",0,0.592887798896382,1
2023-08-08,2023,"Random",0,0.592887798896382,1
2023-08-09,2023,"Random",0,0.592887798896382,0
2023-08-10,2023,"Random",0,0.592887798896382,0
2023-08-11,2023,"Random",0,0.592887798896382,0
2023-08-14,2023,"Random",0,0.592887798896382,0
2023-08-15,2023,"Random",0,0.592887798896382,0
2023-08-16,2023,"Random",0,0.592887798896382,0
2023-08-17,2023,"Random",0,0.592887798896382,1
2023-08-18,2023,"Random",0,0.592887798896382,0
2023-08-21,2023,"Random",0,0.592887798896382,0
2023-08-22,2023,"Random",0,0.592887798896382,0
2023-08-23,2023,"Random",0,0.592887798896382,1
2023-08-24,2023,"Random",0,0.592887798896382,1
2023-08-25,2023,"Random",0,0.592887798896382,1
2023-08-28,2023,"Random",0,0.592887798896382,0
2023-08-29,2023,"Random",0,0.592887798896382,1
2023-08-30,2023,"Random",0,0.592887798896382,0
2023-08-31,2023,"Random",0,0.592887798896382,1
2023-09-01,2023,"Random",0,0.592887798896382,1
2023-09-04,2023,"Random",0,0.592887798896382,0
2023-09-05,2023,"Random",1,0.592887798896382,1
2023-09-06,2023,"Random",1,0.592887798896382,0
2023-09-07,2023,"Random",1,0.592887798896382,1
2023-09-08,2023,"Random",1,0.592887798896382,1
2023-09-11,2023,"Random",1,0.592887798896382,0
2023-09-12,2023,"Random",1,0.592887798896382,1
2023-09-13,2023,"Random",1,0.592887798896382,1
2023-09-14,2023,"Random",1,0.592887798896382,1
2023-09-15,2023,"Random",1,0.592887798896382,1
2023-09-18,2023,"Random",1,0.592887798896382,0
2023-09-19,2023,"Random",1,0.592887798896382,0
2023-09-20,2023,"Random",1,0.592887798896382,1
2023-09-21,2023,"Random",1,0.592887798896382,0
2023-09-22,2023,"Random",1,0.592887798896382,0
2023-09-25,2023,"Random",1,0.592887798896382,0
2023-09-26,2023,"Random",1,0.592887798896382,0
2023-09-27,2023,"Random",1,0.592887798896382,1
2023-09-28,2023,"Random",1,0.592887798896382,0
2023-09-29,2023,"Random",1,0.592887798896382,0
2023-10-02,2023,"Random",1,0.592887798896382,1
2023-10-03,2023,"Random",1,0.592887798896382,1
2023-10-04,2023,"Random",1,0.592887798896382,1
2023-10-05,2023,"Random",1,0.592887798896382,0
2023-10-06,2023,"Random",1,0.592887798896382,0
2023-10-09,2023,"Random",1,0.592887798896382,1
2023-10-10,2023,"Random",1,0.592887798896382,1
2023-10-11,2023,"Random",1,0.592887798896382,0
2023-10-12,2023,"Random",1,0.592887798896382,1
2023-10-13,2023,"Random",1,0.592887798896382,1
2023-10-16,2023,"Random",1,0.592887798896382,1
2023-10-17,2023,"Random",1,0.592887798896382,0
2023-10-18,2023,"Random",1,0.592887798896382,0
2023-10-19,2023,"Random",1,0.592887798896382,0
2023-10-20,2023,"Random",1,0.592887798896382,0
2023-10-23,2023,"Random",1,0.592887798896382,0
2023-10-24,2023,"Random",1,0.592887798896382,1
2023-10-25,2023,"Random",1,0.592887798896382,1
2023-10-26,2023,"Random",1,0.592887798896382,0
2023-10-27,2023,"Random",1,0.592887798896382,0
2023-10-30,2023,"Random",1,0.592887798896382,0
2023-10-31,2023,"Random",1,0.592887798896382,0
2023-11-01,2023,"Random",1,0.592887798896382,1
2023-11-02,2023,"Random",1,0.592887798896382,1
2023-11-03,2023,"Random",1,0.592887798896382,1
2023-11-06,2023,"Random",1,0.592887798896382,1
2023-11-07,2023,"Random",1,0.592887798896382,0
2023-11-08,2023,"Random",1,0.592887798896382,1
2023-11-09,2023,"Random",1,0.592887798896382,0
2023-11-10,2023,"Random",1,0.592887798896382,1
2023-11-13,2023,"Random",1,0.592887798896382,1
2023-11-14,2023,"Random",1,0.592887798896382,1
2023-11-15,2023,"Random",1,0.592887798896382,1
2023-11-16,2023,"Random",1,0.592887798896382,1
2023-11-17,2023,"Random",1,0.592887798896382,1
2023-11-20,2023,"Random",1,0.592887798896382,1
2023-11-21,2023,"Random",1,0.592887798896382,1
2023-11-22,2023,"Random",1,0.592887798896382,0
2023-11-23,2023,"Random",1,0.592887798896382,1
2023-11-24,2023,"Random",1,0.592887798896382,1
2023-11-27,2023,"Random",1,0.592887798896382,0
2023-11-28,2023,"Random",1,0.592887798896382,0
2023-11-29,2023,"Random",1,0.592887798896382,0
2023-11-30,2023,"Random",1,0.592887798896382,0
2023-12-01,2023,"Random",1,0.592887798896382,1
2023-12-04,2023,"Random",1,0.592887798896382,0
2023-12-05,2023,"Random",1,0.592887798896382,1
2023-12-06,2023,"Random",1,0.592887798896382,0
2023-12-07,2023,"Random",1,0.592887798896382,1
2023-12-08,2023,"Random",1,0.592887798896382,0
2023-12-11,2023,"Random",1,0.592887798896382,1
2023-12-12,2023,"Random",1,0.592887798896382,0
2023-12-13,2023,"Random",1,0.592887798896382,1
2023-12-14,2023,"Random",1,0.592887798896382,1
2023-12-15,2023,"Random",1,0.592887798896382,1
2023-12-18,2023,"Random",1,0.592887798896382,0
2023-12-19,2023,"Random",1,0.592887798896382,0
2023-12-20,2023,"Random",1,0.592887798896382,1
2023-12-21,2023,"Random",1,0.592887798896382,1
2023-12-22,2023,"Random",1,0.592887798896382,1
2023-12-27,2023,"Random",1,0.592887798896382,1
2023-12-28,2023,"Random",1,0.592887798896382,0
2023-12-29,2023,"Random",1,0.592887798896382,0
2024-01-03,2024,"Logistic",1,0.606441203165714,1
2024-01-04,2024,"Logistic",1,0.607519880336823,1
2024-01-05,2024,"Logistic",1,0.591802185704798,1
2024-01-08,2024,"Logistic",1,0.597769802998501,1
2024-01-09,2024,"Logistic",1,0.576863113038452,1
2024-01-10,2024,"Logistic",1,0.561010223319894,1
2024-01-11,2024,"Logistic",1,0.558130949739166,1
2024-01-12,2024,"Logistic",1,0.55111406125737,1
2024-01-15,2024,"Logistic",1,0.554834701427021,1
2024-01-16,2024,"Logistic",1,0.550440159517616,1
2024-01-17,2024,"Logistic",1,0.524476962420216,1
2024-01-18,2024,"Logistic",1,0.534240482864286,1
2024-01-19,2024,"Logistic",1,0.526708413956787,1
2024-01-22,2024,"Logistic",1,0.488715791977869,0
2024-01-23,2024,"Logistic",1,0.485208242894061,0
2024-01-24,2024,"Logistic",1,0.515670096624913,1
2024-01-25,2024,"Logistic",1,0.53456602735654,1
2024-01-26,2024,"Logistic",1,0.566246963835135,1
2024-01-29,2024,"Logistic",1,0.569978523756665,1
2024-01-30,2024,"Logistic",1,0.597602823123869,1
2024-01-31,2024,"Logistic",1,0.592189303255936,1
2024-02-01,2024,"Logistic",1,0.5829110334162,1
2024-02-02,2024,"Logistic",1,0.58804974520444,1
2024-02-05,2024,"Logistic",1,0.594165302717803,1
2024-02-06,2024,"Logistic",1,0.610134893473594,1
2024-02-07,2024,"Logistic",1,0.592025202990407,1
2024-02-08,2024,"Logistic",1,0.613343903384473,1
2024-02-09,2024,"Logistic",1,0.610516224069321,1
2024-02-12,2024,"Logistic",1,0.62451583808089,1
2024-02-13,2024,"Logistic",1,0.572753662298536,1
2024-02-14,2024,"Logistic",1,0.579285515789352,1
2024-02-15,2024,"Logistic",1,0.560184089753338,1
2024-02-16,2024,"Logistic",1,0.602540111073834,1
2024-02-19,2024,"Logistic",1,0.609955664295508,1
2024-02-20,2024,"Logistic",1,0.620151503776481,1
2024-02-21,2024,"Logistic",1,0.604689808095973,1
2024-02-22,2024,"Logistic",1,0.649810887772959,1
2024-02-23,2024,"Logistic",1,0.656481416934899,1
2024-02-26,2024,"Logistic",1,0.651490504771994,1
2024-02-27,2024,"Logistic",1,0.656392746391567,1
2024-02-28,2024,"Logistic",1,0.660671642256333,1
2024-02-29,2024,"Logistic",1,0.662584689217854,1
2024-03-01,2024,"Logistic",1,0.663150898104299,1
2024-03-04,2024,"Logistic",1,0.671727754936393,1
2024-03-05,2024,"Logistic",1,0.645919449030124,1
2024-03-06,2024,"Logistic",1,0.646312032396857,1
2024-03-07,2024,"Logistic",1,0.668811023453231,1
2024-03-08,2024,"Logistic",1,0.662334774656231,1
2024-03-11,2024,"Logistic",1,0.628198290606712,1
2024-03-12,2024,"Logistic",1,0.601291149739261,1
2024-03-13,2024,"Logistic",0,0.634016852524279,1
2024-03-14,2024,"Logistic",0,0.658504245024039,1
2024-03-15,2024,"Logistic",0,0.663846845451085,1
2024-03-18,2024,"Logistic",1,0.675179551019401,1
2024-03-19,2024,"Logistic",0,0.659191574419961,1
2024-03-20,2024,"Logistic",1,0.658106305676902,1
2024-03-21,2024,"Logistic",1,0.64165759691423,1
2024-03-22,2024,"Logistic",1,0.628506467602851,1
2024-03-25,2024,"Logistic",0,0.630130753819437,1
2024-03-26,2024,"Logistic",0,0.630883058103702,1
2024-03-27,2024,"Logistic",0,0.650808445805258,1
2024-03-28,2024,"Logistic",0,0.664705831670794,1
2024-04-02,2024,"Logistic",0,0.64505691558552,1
2024-04-03,2024,"Logistic",0,0.663221249228667,1
2024-04-04,2024,"Logistic",0,0.664801410432674,1
2024-04-05,2024,"Logistic",0,0.650091594167079,1
2024-04-08,2024,"Logistic",0,0.621244313095644,1
2024-04-09,2024,"Logistic",0,0.64697946228992,1
2024-04-10,2024,"Logistic",0,0.606959479046952,1
2024-04-11,2024,"Logistic",0,0.587800846786453,1
2024-04-12,2024,"Logistic",0,0.590854665268508,1
2024-04-15,2024,"Logistic",0,0.58896532996976,1
2024-04-16,2024,"Logistic",0,0.577780454476901,1
2024-04-17,2024,"Logistic",1,0.571772462131585,1
2024-04-18,2024,"Logistic",0,0.577725013028767,1
2024-04-19,2024,"Logistic",1,0.57020688468548,1
2024-04-22,2024,"Logistic",1,0.551242164234481,1
2024-04-23,2024,"Logistic",0,0.565859162756662,1
2024-04-24,2024,"Logistic",0,0.531955771559078,1
2024-04-25,2024,"Logistic",0,0.560472326734404,1
2024-04-26,2024,"Logistic",0,0.502968580023168,1
2024-04-29,2024,"Logistic",0,0.513231132118423,1
2024-04-30,2024,"Logistic",1,0.577354088827451,1
2024-05-02,2024,"Logistic",1,0.612373624720933,1
2024-05-03,2024,"Logistic",1,0.585918307213881,1
2024-05-06,2024,"Logistic",0,0.543781805183655,1
2024-05-07,2024,"Logistic",0,0.470585604054743,0
2024-05-08,2024,"Logistic",0,0.464192059456625,0
2024-05-10,2024,"Logistic",0,0.500445050432463,1
2024-05-13,2024,"Logistic",0,0.508671205368079,1
2024-05-14,2024,"Logistic",0,0.498873358468385,0
2024-05-15,2024,"Logistic",0,0.489376088450183,0
2024-05-16,2024,"Logistic",0,0.496668208984898,0
2024-05-17,2024,"Logistic",0,0.504353777656404,1
2024-05-21,2024,"Logistic",0,0.506471078426566,1
2024-05-22,2024,"Logistic",0,0.507498490151365,1
2024-05-23,2024,"Logistic",0,0.497996658179662,0
2024-05-24,2024,"Logistic",0,0.497103164670472,0
2024-05-27,2024,"Logistic",0,0.496232998785667,0
2024-05-28,2024,"Logistic",0,0.535770492709957,1
2024-05-29,2024,"Logistic",0,0.570900006062955,1
2024-05-30,2024,"Logistic",0,0.540098219370859,1
2024-05-31,2024,"Logistic",0,0.537393693743397,1
2024-06-03,2024,"Logistic",0,0.533485871310798,1
2024-06-04,2024,"Logistic",0,0.567521115725206,1
2024-06-05,2024,"Logistic",0,0.542813537969127,1
2024-06-06,2024,"Logistic",0,0.472654223748707,0
2024-06-07,2024,"Logistic",0,0.48947655956879,0
2024-06-10,2024,"Logistic",0,0.514103715333002,1
2024-06-11,2024,"Logistic",0,0.583005159354437,1
2024-06-12,2024,"Logistic",0,0.514746200677291,1
2024-06-13,2024,"Logistic",0,0.632660525955983,1
2024-06-14,2024,"Logistic",1,0.598194757092403,1
2024-06-17,2024,"Logistic",1,0.583081120555365,1
2024-06-18,2024,"Logistic",0,0.577455281767043,1
2024-06-19,2024,"Logistic",1,0.575579220849431,1
2024-06-20,2024,"Logistic",1,0.550760183681867,1
2024-06-21,2024,"Logistic",1,0.580710940959546,1
2024-06-24,2024,"Logistic",0,0.552151968270497,1
2024-06-25,2024,"Logistic",0,0.556585090512099,1
2024-06-26,2024,"Logistic",0,0.556200401438679,1
2024-06-27,2024,"Logistic",0,0.549760455058592,1
2024-06-28,2024,"Logistic",0,0.571593705695835,1
2024-07-01,2024,"Logistic",0,0.551466273058549,1
2024-07-02,2024,"Logistic",0,0.555965038736538,1
2024-07-03,2024,"Logistic",0,0.461353791893624,0
2024-07-04,2024,"Logistic",0,0.445190638489438,0
2024-07-05,2024,"Logistic",0,0.509251021697146,1
2024-07-08,2024,"Logistic",0,0.519612992398604,1
2024-07-09,2024,"Logistic",0,0.590138595414242,1
2024-07-10,2024,"Logistic",0,0.529363990644432,1
2024-07-11,2024,"Logistic",0,0.50672898358179,1
2024-07-12,2024,"Logistic",0,0.473618628620629,0
2024-07-15,2024,"Logistic",0,0.524143364121502,1
2024-07-16,2024,"Logistic",0,0.567092955475358,1
2024-07-17,2024,"Logistic",1,0.616752084588495,1
2024-07-18,2024,"Logistic",1,0.626677881399032,1
2024-07-19,2024,"Logistic",1,0.59132830055671,1
2024-07-22,2024,"Logistic",1,0.567345574322367,1
2024-07-23,2024,"Logistic",1,0.566932380463652,1
2024-07-24,2024,"Logistic",1,0.608886600718954,1
2024-07-25,2024,"Logistic",1,0.591724677698445,1
2024-07-26,2024,"Logistic",1,0.569794230646781,1
2024-07-29,2024,"Logistic",1,0.591279588177108,1
2024-07-30,2024,"Logistic",1,0.581106151706577,1
2024-07-31,2024,"Logistic",1,0.57891037288933,1
2024-08-02,2024,"Logistic",1,0.68214132825119,1
2024-08-05,2024,"Logistic",1,0.639658251310197,1
2024-08-06,2024,"Logistic",1,0.618871848976154,1
2024-08-07,2024,"Logistic",1,0.607625833547803,1
2024-08-08,2024,"Logistic",1,0.593953231813031,1
2024-08-09,2024,"Logistic",1,0.61012509730427,1
2024-08-12,2024,"Logistic",1,0.587847871085929,1
2024-08-13,2024,"Logistic",1,0.567198131891229,1
2024-08-14,2024,"Logistic",1,0.539860876099597,1
2024-08-15,2024,"Logistic",1,0.515129744086392,1
2024-08-16,2024,"Logistic",1,0.538802614715065,1
2024-08-19,2024,"Logistic",1,0.55102184746495,1
2024-08-20,2024,"Logistic",1,0.555456461689371,1
2024-08-21,2024,"Logistic",1,0.529391130148704,1
2024-08-22,2024,"Logistic",0,0.522928160594945,1
2024-08-23,2024,"Logistic",0,0.520677847377898,1
2024-08-26,2024,"Logistic",0,0.518146632919478,1
2024-08-27,2024,"Logistic",0,0.519437694959338,1
2024-08-28,2024,"Logistic",0,0.527239937896705,1
2024-08-29,2024,"Logistic",0,0.530698574339997,1
2024-08-30,2024,"Logistic",0,0.503389442049798,1
2024-09-02,2024,"Logistic",0,0.502329476297207,1
2024-09-03,2024,"Logistic",0,0.51353711166464,1
2024-09-04,2024,"Logistic",0,0.59967110821661,1
2024-09-05,2024,"Logistic",1,0.631147898967862,1
2024-09-06,2024,"Logistic",1,0.591962528334201,1
2024-09-09,2024,"Logistic",1,0.589857285709214,1
2024-09-10,2024,"Logistic",1,0.617810233342993,1
2024-09-11,2024,"Logistic",0,0.619430564915619,1
2024-09-12,2024,"Logistic",0,0.597008609874688,1
2024-09-13,2024,"Logistic",0,0.588862125881039,1
2024-09-16,2024,"Logistic",0,0.579144848150426,1
2024-09-17,2024,"Logistic",0,0.575744659743203,1
2024-09-18,2024,"Logistic",0,0.584285455081112,1
2024-09-19,2024,"Logistic",0,0.542418800319283,1
2024-09-20,2024,"Logistic",0,0.588241349016597,1
2024-09-23,2024,"Logistic",0,0.540937214329419,1
2024-09-24,2024,"Logistic",0,0.512903395547068,1
2024-09-25,2024,"Logistic",1,0.533015023929696,1
2024-09-26,2024,"Logistic",0,0.519256870298499,1
2024-09-27,2024,"Logistic",0,0.535037081009476,1
2024-09-30,2024,"Logistic",0,0.549334128130987,1
2024-10-01,2024,"Logistic",0,0.569743935901263,1
2024-10-02,2024,"Logistic",0,0.590127822512683,1
2024-10-03,2024,"Logistic",1,0.592968784201283,1
2024-10-04,2024,"Logistic",1,0.58803097202869,1
2024-10-07,2024,"Logistic",0,0.588266080024475,1
2024-10-08,2024,"Logistic",0,0.619435961562488,1
2024-10-09,2024,"Logistic",0,0.600579709554187,1
2024-10-10,2024,"Logistic",0,0.59462171506456,1
2024-10-11,2024,"Logistic",0,0.57604960644024,1
2024-10-14,2024,"Logistic",0,0.537351345123528,1
2024-10-15,2024,"Logistic",0,0.649366236162183,1
2024-10-16,2024,"Logistic",0,0.673301270646014,1
2024-10-17,2024,"Logistic",0,0.633196681227433,1
2024-10-18,2024,"Logistic",1,0.573236008385744,1
2024-10-21,2024,"Logistic",1,0.626263822106572,1
2024-10-22,2024,"Logistic",1,0.639244374018135,1
2024-10-23,2024,"Logistic",1,0.6577408349223,1
2024-10-24,2024,"Logistic",1,0.626568498589147,1
2024-10-25,2024,"Logistic",1,0.603006112383631,1
2024-10-28,2024,"Logistic",1,0.568010464364994,1
2024-10-29,2024,"Logistic",1,0.594556810362022,1
2024-10-30,2024,"Logistic",1,0.617730542390008,1
2024-10-31,2024,"Logistic",1,0.583379837345304,1
2024-11-01,2024,"Logistic",1,0.567973202910649,1
2024-11-04,2024,"Logistic",1,0.561967487368396,1
2024-11-05,2024,"Logistic",1,0.551747349760445,1
2024-11-06,2024,"Logistic",1,0.60515888500041,1
2024-11-07,2024,"Logistic",1,0.586468967456974,1
2024-11-08,2024,"Logistic",1,0.617224180834822,1
2024-11-11,2024,"Logistic",1,0.579498212628651,1
2024-11-12,2024,"Logistic",1,0.628086016826372,1
2024-11-13,2024,"Logistic",1,0.597421711162455,1
2024-11-14,2024,"Logistic",1,0.581402880318321,1
2024-11-15,2024,"Logistic",1,0.595684258191718,1
2024-11-18,2024,"Logistic",1,0.57072765837711,1
2024-11-19,2024,"Logistic",1,0.596996800378274,1
2024-11-20,2024,"Logistic",1,0.617429770786055,1
2024-11-21,2024,"Logistic",1,0.588082929879707,1
2024-11-22,2024,"Logistic",1,0.584634384340672,1
2024-11-25,2024,"Logistic",1,0.566075066759703,1
2024-11-26,2024,"Logistic",1,0.562895794062731,1
2024-11-27,2024,"Logistic",1,0.592611153773964,1
2024-11-28,2024,"Logistic",1,0.554509489538821,1
2024-11-29,2024,"Logistic",1,0.466418619386283,0
2024-12-02,2024,"Logistic",1,0.436192567151782,0
2024-12-03,2024,"Logistic",1,0.496156823499661,0
2024-12-04,2024,"Logistic",1,0.508434367882118,1
2024-12-05,2024,"Logistic",1,0.509487002562455,1
2024-12-06,2024,"Logistic",1,0.521007400528214,1
2024-12-09,2024,"Logistic",1,0.530855810976387,1
2024-12-10,2024,"Logistic",1,0.520245434374331,1
2024-12-11,2024,"Logistic",1,0.532354778475143,1
2024-12-12,2024,"Logistic",1,0.522840167117967,1
2024-12-13,2024,"Logistic",1,0.521695259803229,1
2024-12-16,2024,"Logistic",1,0.507451685617604,1
2024-12-17,2024,"Logistic",1,0.516540350366407,1
2024-12-18,2024,"Logistic",1,0.51455081220784,1
2024-12-19,2024,"Logistic",1,0.506253918203328,1
2024-12-20,2024,"Logistic",1,0.534996489342999,1
2024-12-23,2024,"Logistic",1,0.533202084168976,1
2024-12-27,2024,"Logistic",1,0.534512517341112,1
2024-12-30,2024,"Logistic",1,0.541832160371315,1
2024-01-03,2024,"DecisionTree",1,0.783132530120482,1
2024-01-04,2024,"DecisionTree",1,0.117647058823529,0
2024-01-05,2024,"DecisionTree",1,0.117647058823529,0
2024-01-08,2024,"DecisionTree",1,0.117647058823529,0
2024-01-09,2024,"DecisionTree",1,0.833333333333333,1
2024-01-10,2024,"DecisionTree",1,0.833333333333333,1
2024-01-11,2024,"DecisionTree",1,0.833333333333333,1
2024-01-12,2024,"DecisionTree",1,0.197802197802198,0
2024-01-15,2024,"DecisionTree",1,0.833333333333333,1
2024-01-16,2024,"DecisionTree",1,0.833333333333333,1
2024-01-17,2024,"DecisionTree",1,0.117647058823529,0
2024-01-18,2024,"DecisionTree",1,0.197802197802198,0
2024-01-19,2024,"DecisionTree",1,0.117647058823529,0
2024-01-22,2024,"DecisionTree",1,0.197802197802198,0
2024-01-23,2024,"DecisionTree",1,0.197802197802198,0
2024-01-24,2024,"DecisionTree",1,0.783132530120482,1
2024-01-25,2024,"DecisionTree",1,0.783132530120482,1
2024-01-26,2024,"DecisionTree",1,0.759803921568627,1
2024-01-29,2024,"DecisionTree",1,0.197802197802198,0
2024-01-30,2024,"DecisionTree",1,0.197802197802198,0
2024-01-31,2024,"DecisionTree",1,0.197802197802198,0
2024-02-01,2024,"DecisionTree",1,0.197802197802198,0
2024-02-02,2024,"DecisionTree",1,0.197802197802198,0
2024-02-05,2024,"DecisionTree",1,0.197802197802198,0
2024-02-06,2024,"DecisionTree",1,0.197802197802198,0
2024-02-07,2024,"DecisionTree",1,0.197802197802198,0
2024-02-08,2024,"DecisionTree",1,0.197802197802198,0
2024-02-09,2024,"DecisionTree",1,0.197802197802198,0
2024-02-12,2024,"DecisionTree",1,0.197802197802198,0
2024-02-13,2024,"DecisionTree",1,0.783132530120482,1
2024-02-14,2024,"DecisionTree",1,0.783132530120482,1
2024-02-15,2024,"DecisionTree",1,0.783132530120482,1
2024-02-16,2024,"DecisionTree",1,0.759803921568627,1
2024-02-19,2024,"DecisionTree",1,0.759803921568627,1
2024-02-20,2024,"DecisionTree",1,0.759803921568627,1
2024-02-21,2024,"DecisionTree",1,0.759803921568627,1
2024-02-22,2024,"DecisionTree",1,0.759803921568627,1
2024-02-23,2024,"DecisionTree",1,0.759803921568627,1
2024-02-26,2024,"DecisionTree",1,0.759803921568627,1
2024-02-27,2024,"DecisionTree",1,0.759803921568627,1
2024-02-28,2024,"DecisionTree",1,0.759803921568627,1
2024-02-29,2024,"DecisionTree",1,0.759803921568627,1
2024-03-01,2024,"DecisionTree",1,0.759803921568627,1
2024-03-04,2024,"DecisionTree",1,0.759803921568627,1
2024-03-05,2024,"DecisionTree",1,0.759803921568627,1
2024-03-06,2024,"DecisionTree",1,0.759803921568627,1
2024-03-07,2024,"DecisionTree",1,0.759803921568627,1
2024-03-08,2024,"DecisionTree",1,0.759803921568627,1
2024-03-11,2024,"DecisionTree",1,0.759803921568627,1
2024-03-12,2024,"DecisionTree",1,0.759803921568627,1
2024-03-13,2024,"DecisionTree",0,0.759803921568627,1
2024-03-14,2024,"DecisionTree",0,0.759803921568627,1
2024-03-15,2024,"DecisionTree",0,0.759803921568627,1
2024-03-18,2024,"DecisionTree",1,0.759803921568627,1
2024-03-19,2024,"DecisionTree",0,0.759803921568627,1
2024-03-20,2024,"DecisionTree",1,0.759803921568627,1
2024-03-21,2024,"DecisionTree",1,0.759803921568627,1
2024-03-22,2024,"DecisionTree",1,0.759803921568627,1
2024-03-25,2024,"DecisionTree",0,0.197802197802198,0
2024-03-26,2024,"DecisionTree",0,0.197802197802198,0
2024-03-27,2024,"DecisionTree",0,0.197802197802198,0
2024-03-28,2024,"DecisionTree",0,0.197802197802198,0
2024-04-02,2024,"DecisionTree",0,0.197802197802198,0
2024-04-03,2024,"DecisionTree",0,0.197802197802198,0
2024-04-04,2024,"DecisionTree",0,0.197802197802198,0
2024-04-05,2024,"DecisionTree",0,0.117647058823529,0
2024-04-08,2024,"DecisionTree",0,0.117647058823529,0
2024-04-09,2024,"DecisionTree",0,0.117647058823529,0
2024-04-10,2024,"DecisionTree",0,0.117647058823529,0
2024-04-11,2024,"DecisionTree",0,0.117647058823529,0
2024-04-12,2024,"DecisionTree",0,0.117647058823529,0
2024-04-15,2024,"DecisionTree",0,0.117647058823529,0
2024-04-16,2024,"DecisionTree",0,0.117647058823529,0
2024-04-17,2024,"DecisionTree",1,0.117647058823529,0
2024-04-18,2024,"DecisionTree",0,0.117647058823529,0
2024-04-19,2024,"DecisionTree",1,0.117647058823529,0
2024-04-22,2024,"DecisionTree",1,0.117647058823529,0
2024-04-23,2024,"DecisionTree",0,0.783132530120482,1
2024-04-24,2024,"DecisionTree",0,0.783132530120482,1
2024-04-25,2024,"DecisionTree",0,0.783132530120482,1
2024-04-26,2024,"DecisionTree",0,0.783132530120482,1
2024-04-29,2024,"DecisionTree",0,0.783132530120482,1
2024-04-30,2024,"DecisionTree",1,0.783132530120482,1
2024-05-02,2024,"DecisionTree",1,0.626666666666667,1
2024-05-03,2024,"DecisionTree",1,0.626666666666667,1
2024-05-06,2024,"DecisionTree",0,0.626666666666667,1
2024-05-07,2024,"DecisionTree",0,0.783132530120482,1
2024-05-08,2024,"DecisionTree",0,0.783132530120482,1
2024-05-10,2024,"DecisionTree",0,0.261363636363636,0
2024-05-13,2024,"DecisionTree",0,0.261363636363636,0
2024-05-14,2024,"DecisionTree",0,0.261363636363636,0
2024-05-15,2024,"DecisionTree",0,0.261363636363636,0
2024-05-16,2024,"DecisionTree",0,0.76,1
2024-05-17,2024,"DecisionTree",0,0.223880597014925,0
2024-05-21,2024,"DecisionTree",0,0.223880597014925,0
2024-05-22,2024,"DecisionTree",0,0.223880597014925,0
2024-05-23,2024,"DecisionTree",0,0.783132530120482,1
2024-05-24,2024,"DecisionTree",0,0.783132530120482,1
2024-05-27,2024,"DecisionTree",0,0.783132530120482,1
2024-05-28,2024,"DecisionTree",0,0.783132530120482,1
2024-05-29,2024,"DecisionTree",0,0.223880597014925,0
2024-05-30,2024,"DecisionTree",0,0.223880597014925,0
2024-05-31,2024,"DecisionTree",0,0.223880597014925,0
2024-06-03,2024,"DecisionTree",0,0.223880597014925,0
2024-06-04,2024,"DecisionTree",0,0.223880597014925,0
2024-06-05,2024,"DecisionTree",0,0.76,1
2024-06-06,2024,"DecisionTree",0,0.76,1
2024-06-07,2024,"DecisionTree",0,0.76,1
2024-06-10,2024,"DecisionTree",0,0.141025641025641,0
2024-06-11,2024,"DecisionTree",0,0.76,1
2024-06-12,2024,"DecisionTree",0,0.626666666666667,1
2024-06-13,2024,"DecisionTree",0,0.626666666666667,1
2024-06-14,2024,"DecisionTree",1,0.681632653061224,1
2024-06-17,2024,"DecisionTree",1,0.681632653061224,1
2024-06-18,2024,"DecisionTree",0,0.681632653061224,1
2024-06-19,2024,"DecisionTree",1,0.681632653061224,1
2024-06-20,2024,"DecisionTree",1,0.681632653061224,1
2024-06-21,2024,"DecisionTree",1,0.681632653061224,1
2024-06-24,2024,"DecisionTree",0,0.681632653061224,1
2024-06-25,2024,"DecisionTree",0,0.681632653061224,1
2024-06-26,2024,"DecisionTree",0,0.681632653061224,1
2024-06-27,2024,"DecisionTree",0,0.681632653061224,1
2024-06-28,2024,"DecisionTree",0,0.681632653061224,1
2024-07-01,2024,"DecisionTree",0,0.681632653061224,1
2024-07-02,2024,"DecisionTree",0,0.681632653061224,1
2024-07-03,2024,"DecisionTree",0,0.681632653061224,1
2024-07-04,2024,"DecisionTree",0,0.681632653061224,1
2024-07-05,2024,"DecisionTree",0,0.681632653061224,1
2024-07-08,2024,"DecisionTree",0,0.681632653061224,1
2024-07-09,2024,"DecisionTree",0,0.681632653061224,1
2024-07-10,2024,"DecisionTree",0,0.681632653061224,1
2024-07-11,2024,"DecisionTree",0,0.355263157894737,0
2024-07-12,2024,"DecisionTree",0,0.355263157894737,0
2024-07-15,2024,"DecisionTree",0,0.355263157894737,0
2024-07-16,2024,"DecisionTree",0,0.355263157894737,0
2024-07-17,2024,"DecisionTree",1,0.681632653061224,1
2024-07-18,2024,"DecisionTree",1,0.681632653061224,1
2024-07-19,2024,"DecisionTree",1,0.681632653061224,1
2024-07-22,2024,"DecisionTree",1,0.681632653061224,1
2024-07-23,2024,"DecisionTree",1,0.681632653061224,1
2024-07-24,2024,"DecisionTree",1,0.681632653061224,1
2024-07-25,2024,"DecisionTree",1,0.681632653061224,1
2024-07-26,2024,"DecisionTree",1,0.681632653061224,1
2024-07-29,2024,"DecisionTree",1,0.681632653061224,1
2024-07-30,2024,"DecisionTree",1,0.681632653061224,1
2024-07-31,2024,"DecisionTree",1,0.681632653061224,1
2024-08-02,2024,"DecisionTree",1,0.681632653061224,1
2024-08-05,2024,"DecisionTree",1,0.681632653061224,1
2024-08-06,2024,"DecisionTree",1,0.681632653061224,1
2024-08-07,2024,"DecisionTree",1,0.681632653061224,1
2024-08-08,2024,"DecisionTree",1,0.681632653061224,1
2024-08-09,2024,"DecisionTree",1,0.681632653061224,1
2024-08-12,2024,"DecisionTree",1,0.681632653061224,1
2024-08-13,2024,"DecisionTree",1,0.681632653061224,1
2024-08-14,2024,"DecisionTree",1,0.681632653061224,1
2024-08-15,2024,"DecisionTree",1,0.681632653061224,1
2024-08-16,2024,"DecisionTree",1,0.681632653061224,1
2024-08-19,2024,"DecisionTree",1,0.68421052631579,1
2024-08-20,2024,"DecisionTree",1,0.681632653061224,1
2024-08-21,2024,"DecisionTree",1,0.681632653061224,1
2024-08-22,2024,"DecisionTree",0,0.681632653061224,1
2024-08-23,2024,"DecisionTree",0,0.676923076923077,1
2024-08-26,2024,"DecisionTree",0,0.676923076923077,1
2024-08-27,2024,"DecisionTree",0,0.676923076923077,1
2024-08-28,2024,"DecisionTree",0,0.676923076923077,1
2024-08-29,2024,"DecisionTree",0,0.676923076923077,1
2024-08-30,2024,"DecisionTree",0,0.809302325581395,1
2024-09-02,2024,"DecisionTree",0,0.809302325581395,1
2024-09-03,2024,"DecisionTree",0,0.809302325581395,1
2024-09-04,2024,"DecisionTree",0,0.809302325581395,1
2024-09-05,2024,"DecisionTree",1,0.809302325581395,1
2024-09-06,2024,"DecisionTree",1,0.676923076923077,1
2024-09-09,2024,"DecisionTree",1,0.676923076923077,1
2024-09-10,2024,"DecisionTree",1,0.676923076923077,1
2024-09-11,2024,"DecisionTree",0,0.676923076923077,1
2024-09-12,2024,"DecisionTree",0,0.681632653061224,1
2024-09-13,2024,"DecisionTree",0,0.681632653061224,1
2024-09-16,2024,"DecisionTree",0,0.681632653061224,1
2024-09-17,2024,"DecisionTree",0,0.681632653061224,1
2024-09-18,2024,"DecisionTree",0,0.681632653061224,1
2024-09-19,2024,"DecisionTree",0,0.355263157894737,0
2024-09-20,2024,"DecisionTree",0,0.681632653061224,1
2024-09-23,2024,"DecisionTree",0,0.681632653061224,1
2024-09-24,2024,"DecisionTree",0,0.355263157894737,0
2024-09-25,2024,"DecisionTree",1,0.681632653061224,1
2024-09-26,2024,"DecisionTree",0,0.355263157894737,0
2024-09-27,2024,"DecisionTree",0,0.347826086956522,0
2024-09-30,2024,"DecisionTree",0,0.681632653061224,1
2024-10-01,2024,"DecisionTree",0,0.347826086956522,0
2024-10-02,2024,"DecisionTree",0,0.347826086956522,0
2024-10-03,2024,"DecisionTree",1,0.347826086956522,0
2024-10-04,2024,"DecisionTree",1,0.347826086956522,0
2024-10-07,2024,"DecisionTree",0,0.347826086956522,0
2024-10-08,2024,"DecisionTree",0,0.347826086956522,0
2024-10-09,2024,"DecisionTree",0,0.347826086956522,0
2024-10-10,2024,"DecisionTree",0,0.347826086956522,0
2024-10-11,2024,"DecisionTree",0,0.355263157894737,0
2024-10-14,2024,"DecisionTree",0,0.676923076923077,1
2024-10-15,2024,"DecisionTree",0,0.355263157894737,0
2024-10-16,2024,"DecisionTree",0,0.355263157894737,0
2024-10-17,2024,"DecisionTree",0,0.681632653061224,1
2024-10-18,2024,"DecisionTree",1,0.676923076923077,1
2024-10-21,2024,"DecisionTree",1,0.676923076923077,1
2024-10-22,2024,"DecisionTree",1,0.681632653061224,1
2024-10-23,2024,"DecisionTree",1,0.681632653061224,1
2024-10-24,2024,"DecisionTree",1,0.681632653061224,1
2024-10-25,2024,"DecisionTree",1,0.681632653061224,1
2024-10-28,2024,"DecisionTree",1,0.809302325581395,1
2024-10-29,2024,"DecisionTree",1,0.809302325581395,1
2024-10-30,2024,"DecisionTree",1,0.681632653061224,1
2024-10-31,2024,"DecisionTree",1,0.681632653061224,1
2024-11-01,2024,"DecisionTree",1,0.681632653061224,1
2024-11-04,2024,"DecisionTree",1,0.681632653061224,1
2024-11-05,2024,"DecisionTree",1,0.681632653061224,1
2024-11-06,2024,"DecisionTree",1,0.681632653061224,1
2024-11-07,2024,"DecisionTree",1,0.681632653061224,1
2024-11-08,2024,"DecisionTree",1,0.681632653061224,1
2024-11-11,2024,"DecisionTree",1,0.681632653061224,1
2024-11-12,2024,"DecisionTree",1,0.681632653061224,1
2024-11-13,2024,"DecisionTree",1,0.681632653061224,1
2024-11-14,2024,"DecisionTree",1,0.681632653061224,1
2024-11-15,2024,"DecisionTree",1,0.681632653061224,1
2024-11-18,2024,"DecisionTree",1,0.681632653061224,1
2024-11-19,2024,"DecisionTree",1,0.681632653061224,1
2024-11-20,2024,"DecisionTree",1,0.681632653061224,1
2024-11-21,2024,"DecisionTree",1,0.681632653061224,1
2024-11-22,2024,"DecisionTree",1,0.681632653061224,1
2024-11-25,2024,"DecisionTree",1,0.681632653061224,1
2024-11-26,2024,"DecisionTree",1,0.681632653061224,1
2024-11-27,2024,"DecisionTree",1,0.681632653061224,1
2024-11-28,2024,"DecisionTree",1,0.681632653061224,1
2024-11-29,2024,"DecisionTree",1,0.681632653061224,1
2024-12-02,2024,"DecisionTree",1,0.681632653061224,1
2024-12-03,2024,"DecisionTree",1,0.681632653061224,1
2024-12-04,2024,"DecisionTree",1,0.355263157894737,0
2024-12-05,2024,"DecisionTree",1,0.355263157894737,0
2024-12-06,2024,"DecisionTree",1,0.347826086956522,0
2024-12-09,2024,"DecisionTree",1,0.676923076923077,1
2024-12-10,2024,"DecisionTree",1,0.809302325581395,1
2024-12-11,2024,"DecisionTree",1,0.809302325581395,1
2024-12-12,2024,"DecisionTree",1,0.809302325581395,1
2024-12-13,2024,"DecisionTree",1,0.809302325581395,1
2024-12-16,2024,"DecisionTree",1,0.809302325581395,1
2024-12-17,2024,"DecisionTree",1,0.809302325581395,1
2024-12-18,2024,"DecisionTree",1,0.809302325581395,1
2024-12-19,2024,"DecisionTree",1,0.809302325581395,1
2024-12-20,2024,"DecisionTree",1,0.809302325581395,1
2024-12-23,2024,"DecisionTree",1,0.809302325581395,1
2024-12-27,2024,"DecisionTree",1,0.809302325581395,1
2024-12-30,2024,"DecisionTree",1,0.809302325581395,1
2024-01-03,2024,"RandomForest",1,0.562,1
2024-01-04,2024,"RandomForest",1,0.58,1
2024-01-05,2024,"RandomForest",1,0.554,1
2024-01-08,2024,"RandomForest",1,0.616,1
2024-01-09,2024,"RandomForest",1,0.434,0
2024-01-10,2024,"RandomForest",1,0.344,0
2024-01-11,2024,"RandomForest",1,0.45,0
2024-01-12,2024,"RandomForest",1,0.24,0
2024-01-15,2024,"RandomForest",1,0.41,0
2024-01-16,2024,"RandomForest",1,0.39,0
2024-01-17,2024,"RandomForest",1,0.442,0
2024-01-18,2024,"RandomForest",1,0.298,0
2024-01-19,2024,"RandomForest",1,0.316,0
2024-01-22,2024,"RandomForest",1,0.316,0
2024-01-23,2024,"RandomForest",1,0.262,0
2024-01-24,2024,"RandomForest",1,0.418,0
2024-01-25,2024,"RandomForest",1,0.418,0
2024-01-26,2024,"RandomForest",1,0.424,0
2024-01-29,2024,"RandomForest",1,0.51,1
2024-01-30,2024,"RandomForest",1,0.584,1
2024-01-31,2024,"RandomForest",1,0.708,1
2024-02-01,2024,"RandomForest",1,0.626,1
2024-02-02,2024,"RandomForest",1,0.712,1
2024-02-05,2024,"RandomForest",1,0.72,1
2024-02-06,2024,"RandomForest",1,0.68,1
2024-02-07,2024,"RandomForest",1,0.716,1
2024-02-08,2024,"RandomForest",1,0.786,1
2024-02-09,2024,"RandomForest",1,0.804,1
2024-02-12,2024,"RandomForest",1,0.67,1
2024-02-13,2024,"RandomForest",1,0.724,1
2024-02-14,2024,"RandomForest",1,0.848,1
2024-02-15,2024,"RandomForest",1,0.828,1
2024-02-16,2024,"RandomForest",1,0.872,1
2024-02-19,2024,"RandomForest",1,0.844,1
2024-02-20,2024,"RandomForest",1,0.902,1
2024-02-21,2024,"RandomForest",1,0.814,1
2024-02-22,2024,"RandomForest",1,0.794,1
2024-02-23,2024,"RandomForest",1,0.738,1
2024-02-26,2024,"RandomForest",1,0.756,1
2024-02-27,2024,"RandomForest",1,0.72,1
2024-02-28,2024,"RandomForest",1,0.858,1
2024-02-29,2024,"RandomForest",1,0.896,1
2024-03-01,2024,"RandomForest",1,0.912,1
2024-03-04,2024,"RandomForest",1,0.878,1
2024-03-05,2024,"RandomForest",1,0.862,1
2024-03-06,2024,"RandomForest",1,0.862,1
2024-03-07,2024,"RandomForest",1,0.858,1
2024-03-08,2024,"RandomForest",1,0.922,1
2024-03-11,2024,"RandomForest",1,0.926,1
2024-03-12,2024,"RandomForest",1,0.924,1
2024-03-13,2024,"RandomForest",0,0.896,1
2024-03-14,2024,"RandomForest",0,0.898,1
2024-03-15,2024,"RandomForest",0,0.956,1
2024-03-18,2024,"RandomForest",1,0.956,1
2024-03-19,2024,"RandomForest",0,0.828,1
2024-03-20,2024,"RandomForest",1,0.894,1
2024-03-21,2024,"RandomForest",1,0.776,1
2024-03-22,2024,"RandomForest",1,0.88,1
2024-03-25,2024,"RandomForest",0,0.736,1
2024-03-26,2024,"RandomForest",0,0.73,1
2024-03-27,2024,"RandomForest",0,0.68,1
2024-03-28,2024,"RandomForest",0,0.536,1
2024-04-02,2024,"RandomForest",0,0.594,1
2024-04-03,2024,"RandomForest",0,0.59,1
2024-04-04,2024,"RandomForest",0,0.668,1
2024-04-05,2024,"RandomForest",0,0.644,1
2024-04-08,2024,"RandomForest",0,0.688,1
2024-04-09,2024,"RandomForest",0,0.552,1
2024-04-10,2024,"RandomForest",0,0.592,1
2024-04-11,2024,"RandomForest",0,0.62,1
2024-04-12,2024,"RandomForest",0,0.62,1
2024-04-15,2024,"RandomForest",0,0.522,1
2024-04-16,2024,"RandomForest",0,0.572,1
2024-04-17,2024,"RandomForest",1,0.532,1
2024-04-18,2024,"RandomForest",0,0.49,0
2024-04-19,2024,"RandomForest",1,0.44,0
2024-04-22,2024,"RandomForest",1,0.366,0
2024-04-23,2024,"RandomForest",0,0.358,0
2024-04-24,2024,"RandomForest",0,0.396,0
2024-04-25,2024,"RandomForest",0,0.314,0
2024-04-26,2024,"RandomForest",0,0.39,0
2024-04-29,2024,"RandomForest",0,0.352,0
2024-04-30,2024,"RandomForest",1,0.396,0
2024-05-02,2024,"RandomForest",1,0.55,1
2024-05-03,2024,"RandomForest",1,0.4,0
2024-05-06,2024,"RandomForest",0,0.38,0
2024-05-07,2024,"RandomForest",0,0.39,0
2024-05-08,2024,"RandomForest",0,0.376,0
2024-05-10,2024,"RandomForest",0,0.404,0
2024-05-13,2024,"RandomForest",0,0.428,0
2024-05-14,2024,"RandomForest",0,0.432,0
2024-05-15,2024,"RandomForest",0,0.404,0
2024-05-16,2024,"RandomForest",0,0.526,1
2024-05-17,2024,"RandomForest",0,0.366,0
2024-05-21,2024,"RandomForest",0,0.302,0
2024-05-22,2024,"RandomForest",0,0.306,0
2024-05-23,2024,"RandomForest",0,0.354,0
2024-05-24,2024,"RandomForest",0,0.364,0
2024-05-27,2024,"RandomForest",0,0.422,0
2024-05-28,2024,"RandomForest",0,0.46,0
2024-05-29,2024,"RandomForest",0,0.428,0
2024-05-30,2024,"RandomForest",0,0.292,0
2024-05-31,2024,"RandomForest",0,0.27,0
2024-06-03,2024,"RandomForest",0,0.318,0
2024-06-04,2024,"RandomForest",0,0.302,0
2024-06-05,2024,"RandomForest",0,0.226,0
2024-06-06,2024,"RandomForest",0,0.31,0
2024-06-07,2024,"RandomForest",0,0.396,0
2024-06-10,2024,"RandomForest",0,0.466,0
2024-06-11,2024,"RandomForest",0,0.77,1
2024-06-12,2024,"RandomForest",0,0.342,0
2024-06-13,2024,"RandomForest",0,0.606,1
2024-06-14,2024,"RandomForest",1,0.732,1
2024-06-17,2024,"RandomForest",1,0.76,1
2024-06-18,2024,"RandomForest",0,0.67,1
2024-06-19,2024,"RandomForest",1,0.746,1
2024-06-20,2024,"RandomForest",1,0.668,1
2024-06-21,2024,"RandomForest",1,0.754,1
2024-06-24,2024,"RandomForest",0,0.764,1
2024-06-25,2024,"RandomForest",0,0.67,1
2024-06-26,2024,"RandomForest",0,0.724,1
2024-06-27,2024,"RandomForest",0,0.584,1
2024-06-28,2024,"RandomForest",0,0.654,1
2024-07-01,2024,"RandomForest",0,0.626,1
2024-07-02,2024,"RandomForest",0,0.712,1
2024-07-03,2024,"RandomForest",0,0.554,1
2024-07-04,2024,"RandomForest",0,0.414,0
2024-07-05,2024,"RandomForest",0,0.51,1
2024-07-08,2024,"RandomForest",0,0.514,1
2024-07-09,2024,"RandomForest",0,0.68,1
2024-07-10,2024,"RandomForest",0,0.548,1
2024-07-11,2024,"RandomForest",0,0.428,0
2024-07-12,2024,"RandomForest",0,0.498,0
2024-07-15,2024,"RandomForest",0,0.582,1
2024-07-16,2024,"RandomForest",0,0.57,1
2024-07-17,2024,"RandomForest",1,0.72,1
2024-07-18,2024,"RandomForest",1,0.718,1
2024-07-19,2024,"RandomForest",1,0.71,1
2024-07-22,2024,"RandomForest",1,0.718,1
2024-07-23,2024,"RandomForest",1,0.686,1
2024-07-24,2024,"RandomForest",1,0.846,1
2024-07-25,2024,"RandomForest",1,0.82,1
2024-07-26,2024,"RandomForest",1,0.808,1
2024-07-29,2024,"RandomForest",1,0.802,1
2024-07-30,2024,"RandomForest",1,0.73,1
2024-07-31,2024,"RandomForest",1,0.78,1
2024-08-02,2024,"RandomForest",1,0.78,1
2024-08-05,2024,"RandomForest",1,0.734,1
2024-08-06,2024,"RandomForest",1,0.788,1
2024-08-07,2024,"RandomForest",1,0.604,1
2024-08-08,2024,"RandomForest",1,0.64,1
2024-08-09,2024,"RandomForest",1,0.7,1
2024-08-12,2024,"RandomForest",1,0.688,1
2024-08-13,2024,"RandomForest",1,0.768,1
2024-08-14,2024,"RandomForest",1,0.8,1
2024-08-15,2024,"RandomForest",1,0.624,1
2024-08-16,2024,"RandomForest",1,0.534,1
2024-08-19,2024,"RandomForest",1,0.496,0
2024-08-20,2024,"RandomForest",1,0.496,0
2024-08-21,2024,"RandomForest",1,0.554,1
2024-08-22,2024,"RandomForest",0,0.602,1
2024-08-23,2024,"RandomForest",0,0.574,1
2024-08-26,2024,"RandomForest",0,0.566,1
2024-08-27,2024,"RandomForest",0,0.574,1
2024-08-28,2024,"RandomForest",0,0.466,0
2024-08-29,2024,"RandomForest",0,0.37,0
2024-08-30,2024,"RandomForest",0,0.556,1
2024-09-02,2024,"RandomForest",0,0.592,1
2024-09-03,2024,"RandomForest",0,0.592,1
2024-09-04,2024,"RandomForest",0,0.624,1
2024-09-05,2024,"RandomForest",1,0.582,1
2024-09-06,2024,"RandomForest",1,0.614,1
2024-09-09,2024,"RandomForest",1,0.55,1
2024-09-10,2024,"RandomForest",1,0.568,1
2024-09-11,2024,"RandomForest",0,0.596,1
2024-09-12,2024,"RandomForest",0,0.646,1
2024-09-13,2024,"RandomForest",0,0.686,1
2024-09-16,2024,"RandomForest",0,0.684,1
2024-09-17,2024,"RandomForest",0,0.626,1
2024-09-18,2024,"RandomForest",0,0.678,1
2024-09-19,2024,"RandomForest",0,0.538,1
2024-09-20,2024,"RandomForest",0,0.608,1
2024-09-23,2024,"RandomForest",0,0.46,0
2024-09-24,2024,"RandomForest",0,0.516,1
2024-09-25,2024,"RandomForest",1,0.518,1
2024-09-26,2024,"RandomForest",0,0.522,1
2024-09-27,2024,"RandomForest",0,0.506,1
2024-09-30,2024,"RandomForest",0,0.554,1
2024-10-01,2024,"RandomForest",0,0.472,0
2024-10-02,2024,"RandomForest",0,0.55,1
2024-10-03,2024,"RandomForest",1,0.392,0
2024-10-04,2024,"RandomForest",1,0.406,0
2024-10-07,2024,"RandomForest",0,0.492,0
2024-10-08,2024,"RandomForest",0,0.48,0
2024-10-09,2024,"RandomForest",0,0.546,1
2024-10-10,2024,"RandomForest",0,0.514,1
2024-10-11,2024,"RandomForest",0,0.574,1
2024-10-14,2024,"RandomForest",0,0.642,1
2024-10-15,2024,"RandomForest",0,0.536,1
2024-10-16,2024,"RandomForest",0,0.572,1
2024-10-17,2024,"RandomForest",0,0.49,0
2024-10-18,2024,"RandomForest",1,0.608,1
2024-10-21,2024,"RandomForest",1,0.582,1
2024-10-22,2024,"RandomForest",1,0.618,1
2024-10-23,2024,"RandomForest",1,0.668,1
2024-10-24,2024,"RandomForest",1,0.668,1
2024-10-25,2024,"RandomForest",1,0.728,1
2024-10-28,2024,"RandomForest",1,0.61,1
2024-10-29,2024,"RandomForest",1,0.71,1
2024-10-30,2024,"RandomForest",1,0.742,1
2024-10-31,2024,"RandomForest",1,0.792,1
2024-11-01,2024,"RandomForest",1,0.708,1
2024-11-04,2024,"RandomForest",1,0.752,1
2024-11-05,2024,"RandomForest",1,0.696,1
2024-11-06,2024,"RandomForest",1,0.808,1
2024-11-07,2024,"RandomForest",1,0.808,1
2024-11-08,2024,"RandomForest",1,0.68,1
2024-11-11,2024,"RandomForest",1,0.722,1
2024-11-12,2024,"RandomForest",1,0.664,1
2024-11-13,2024,"RandomForest",1,0.634,1
2024-11-14,2024,"RandomForest",1,0.846,1
2024-11-15,2024,"RandomForest",1,0.656,1
2024-11-18,2024,"RandomForest",1,0.67,1
2024-11-19,2024,"RandomForest",1,0.556,1
2024-11-20,2024,"RandomForest",1,0.56,1
2024-11-21,2024,"RandomForest",1,0.536,1
2024-11-22,2024,"RandomForest",1,0.79,1
2024-11-25,2024,"RandomForest",1,0.794,1
2024-11-26,2024,"RandomForest",1,0.73,1
2024-11-27,2024,"RandomForest",1,0.638,1
2024-11-28,2024,"RandomForest",1,0.718,1
2024-11-29,2024,"RandomForest",1,0.692,1
2024-12-02,2024,"RandomForest",1,0.328,0
2024-12-03,2024,"RandomForest",1,0.636,1
2024-12-04,2024,"RandomForest",1,0.578,1
2024-12-05,2024,"RandomForest",1,0.474,0
2024-12-06,2024,"RandomForest",1,0.594,1
2024-12-09,2024,"RandomForest",1,0.564,1
2024-12-10,2024,"RandomForest",1,0.642,1
2024-12-11,2024,"RandomForest",1,0.7,1
2024-12-12,2024,"RandomForest",1,0.758,1
2024-12-13,2024,"RandomForest",1,0.812,1
2024-12-16,2024,"RandomForest",1,0.746,1
2024-12-17,2024,"RandomForest",1,0.76,1
2024-12-18,2024,"RandomForest",1,0.746,1
2024-12-19,2024,"RandomForest",1,0.704,1
2024-12-20,2024,"RandomForest",1,0.672,1
2024-12-23,2024,"RandomForest",1,0.666,1
2024-12-27,2024,"RandomForest",1,0.596,1
2024-12-30,2024,"RandomForest",1,0.536,1
2024-01-03,2024,"Random",1,0.599202960432679,1
2024-01-04,2024,"Random",1,0.599202960432679,1
2024-01-05,2024,"Random",1,0.599202960432679,1
2024-01-08,2024,"Random",1,0.599202960432679,1
2024-01-09,2024,"Random",1,0.599202960432679,0
2024-01-10,2024,"Random",1,0.599202960432679,0
2024-01-11,2024,"Random",1,0.599202960432679,1
2024-01-12,2024,"Random",1,0.599202960432679,1
2024-01-15,2024,"Random",1,0.599202960432679,0
2024-01-16,2024,"Random",1,0.599202960432679,1
2024-01-17,2024,"Random",1,0.599202960432679,0
2024-01-18,2024,"Random",1,0.599202960432679,1
2024-01-19,2024,"Random",1,0.599202960432679,0
2024-01-22,2024,"Random",1,0.599202960432679,1
2024-01-23,2024,"Random",1,0.599202960432679,0
2024-01-24,2024,"Random",1,0.599202960432679,0
2024-01-25,2024,"Random",1,0.599202960432679,1
2024-01-26,2024,"Random",1,0.599202960432679,1
2024-01-29,2024,"Random",1,0.599202960432679,1
2024-01-30,2024,"Random",1,0.599202960432679,1
2024-01-31,2024,"Random",1,0.599202960432679,0
2024-02-01,2024,"Random",1,0.599202960432679,0
2024-02-02,2024,"Random",1,0.599202960432679,1
2024-02-05,2024,"Random",1,0.599202960432679,1
2024-02-06,2024,"Random",1,0.599202960432679,0
2024-02-07,2024,"Random",1,0.599202960432679,1
2024-02-08,2024,"Random",1,0.599202960432679,1
2024-02-09,2024,"Random",1,0.599202960432679,0
2024-02-12,2024,"Random",1,0.599202960432679,1
2024-02-13,2024,"Random",1,0.599202960432679,0
2024-02-14,2024,"Random",1,0.599202960432679,1
2024-02-15,2024,"Random",1,0.599202960432679,0
2024-02-16,2024,"Random",1,0.599202960432679,1
2024-02-19,2024,"Random",1,0.599202960432679,0
2024-02-20,2024,"Random",1,0.599202960432679,1
2024-02-21,2024,"Random",1,0.599202960432679,0
2024-02-22,2024,"Random",1,0.599202960432679,1
2024-02-23,2024,"Random",1,0.599202960432679,1
2024-02-26,2024,"Random",1,0.599202960432679,1
2024-02-27,2024,"Random",1,0.599202960432679,1
2024-02-28,2024,"Random",1,0.599202960432679,1
2024-02-29,2024,"Random",1,0.599202960432679,0
2024-03-01,2024,"Random",1,0.599202960432679,1
2024-03-04,2024,"Random",1,0.599202960432679,0
2024-03-05,2024,"Random",1,0.599202960432679,0
2024-03-06,2024,"Random",1,0.599202960432679,1
2024-03-07,2024,"Random",1,0.599202960432679,1
2024-03-08,2024,"Random",1,0.599202960432679,1
2024-03-11,2024,"Random",1,0.599202960432679,1
2024-03-12,2024,"Random",1,0.599202960432679,1
2024-03-13,2024,"Random",0,0.599202960432679,1
2024-03-14,2024,"Random",0,0.599202960432679,1
2024-03-15,2024,"Random",0,0.599202960432679,1
2024-03-18,2024,"Random",1,0.599202960432679,0
2024-03-19,2024,"Random",0,0.599202960432679,1
2024-03-20,2024,"Random",1,0.599202960432679,1
2024-03-21,2024,"Random",1,0.599202960432679,1
2024-03-22,2024,"Random",1,0.599202960432679,1
2024-03-25,2024,"Random",0,0.599202960432679,1
2024-03-26,2024,"Random",0,0.599202960432679,1
2024-03-27,2024,"Random",0,0.599202960432679,1
2024-03-28,2024,"Random",0,0.599202960432679,0
2024-04-02,2024,"Random",0,0.599202960432679,1
2024-04-03,2024,"Random",0,0.599202960432679,1
2024-04-04,2024,"Random",0,0.599202960432679,1
2024-04-05,2024,"Random",0,0.599202960432679,1
2024-04-08,2024,"Random",0,0.599202960432679,0
2024-04-09,2024,"Random",0,0.599202960432679,1
2024-04-10,2024,"Random",0,0.599202960432679,1
2024-04-11,2024,"Random",0,0.599202960432679,1
2024-04-12,2024,"Random",0,0.599202960432679,0
2024-04-15,2024,"Random",0,0.599202960432679,1
2024-04-16,2024,"Random",0,0.599202960432679,1
2024-04-17,2024,"Random",1,0.599202960432679,0
2024-04-18,2024,"Random",0,0.599202960432679,1
2024-04-19,2024,"Random",1,0.599202960432679,1
2024-04-22,2024,"Random",1,0.599202960432679,1
2024-04-23,2024,"Random",0,0.599202960432679,1
2024-04-24,2024,"Random",0,0.599202960432679,1
2024-04-25,2024,"Random",0,0.599202960432679,1
2024-04-26,2024,"Random",0,0.599202960432679,0
2024-04-29,2024,"Random",0,0.599202960432679,1
2024-04-30,2024,"Random",1,0.599202960432679,0
2024-05-02,2024,"Random",1,0.599202960432679,1
2024-05-03,2024,"Random",1,0.599202960432679,1
2024-05-06,2024,"Random",0,0.599202960432679,1
2024-05-07,2024,"Random",0,0.599202960432679,1
2024-05-08,2024,"Random",0,0.599202960432679,1
2024-05-10,2024,"Random",0,0.599202960432679,1
2024-05-13,2024,"Random",0,0.599202960432679,1
2024-05-14,2024,"Random",0,0.599202960432679,1
2024-05-15,2024,"Random",0,0.599202960432679,1
2024-05-16,2024,"Random",0,0.599202960432679,0
2024-05-17,2024,"Random",0,0.599202960432679,0
2024-05-21,2024,"Random",0,0.599202960432679,1
2024-05-22,2024,"Random",0,0.599202960432679,0
2024-05-23,2024,"Random",0,0.599202960432679,1
2024-05-24,2024,"Random",0,0.599202960432679,1
2024-05-27,2024,"Random",0,0.599202960432679,1
2024-05-28,2024,"Random",0,0.599202960432679,1
2024-05-29,2024,"Random",0,0.599202960432679,0
2024-05-30,2024,"Random",0,0.599202960432679,1
2024-05-31,2024,"Random",0,0.599202960432679,1
2024-06-03,2024,"Random",0,0.599202960432679,1
2024-06-04,2024,"Random",0,0.599202960432679,1
2024-06-05,2024,"Random",0,0.599202960432679,1
2024-06-06,2024,"Random",0,0.599202960432679,0
2024-06-07,2024,"Random",0,0.599202960432679,0
2024-06-10,2024,"Random",0,0.599202960432679,1
2024-06-11,2024,"Random",0,0.599202960432679,0
2024-06-12,2024,"Random",0,0.599202960432679,1
2024-06-13,2024,"Random",0,0.599202960432679,0
2024-06-14,2024,"Random",1,0.599202960432679,1
2024-06-17,2024,"Random",1,0.599202960432679,1
2024-06-18,2024,"Random",0,0.599202960432679,0
2024-06-19,2024,"Random",1,0.599202960432679,0
2024-06-20,2024,"Random",1,0.599202960432679,1
2024-06-21,2024,"Random",1,0.599202960432679,0
2024-06-24,2024,"Random",0,0.599202960432679,1
2024-06-25,2024,"Random",0,0.599202960432679,0
2024-06-26,2024,"Random",0,0.599202960432679,1
2024-06-27,2024,"Random",0,0.599202960432679,1
2024-06-28,2024,"Random",0,0.599202960432679,0
2024-07-01,2024,"Random",0,0.599202960432679,1
2024-07-02,2024,"Random",0,0.599202960432679,1
2024-07-03,2024,"Random",0,0.599202960432679,0
2024-07-04,2024,"Random",0,0.599202960432679,1
2024-07-05,2024,"Random",0,0.599202960432679,1
2024-07-08,2024,"Random",0,0.599202960432679,1
2024-07-09,2024,"Random",0,0.599202960432679,1
2024-07-10,2024,"Random",0,0.599202960432679,1
2024-07-11,2024,"Random",0,0.599202960432679,0
2024-07-12,2024,"Random",0,0.599202960432679,1
2024-07-15,2024,"Random",0,0.599202960432679,1
2024-07-16,2024,"Random",0,0.599202960432679,0
2024-07-17,2024,"Random",1,0.599202960432679,1
2024-07-18,2024,"Random",1,0.599202960432679,1
2024-07-19,2024,"Random",1,0.599202960432679,1
2024-07-22,2024,"Random",1,0.599202960432679,1
2024-07-23,2024,"Random",1,0.599202960432679,1
2024-07-24,2024,"Random",1,0.599202960432679,0
2024-07-25,2024,"Random",1,0.599202960432679,1
2024-07-26,2024,"Random",1,0.599202960432679,1
2024-07-29,2024,"Random",1,0.599202960432679,1
2024-07-30,2024,"Random",1,0.599202960432679,1
2024-07-31,2024,"Random",1,0.599202960432679,0
2024-08-02,2024,"Random",1,0.599202960432679,0
2024-08-05,2024,"Random",1,0.599202960432679,1
2024-08-06,2024,"Random",1,0.599202960432679,1
2024-08-07,2024,"Random",1,0.599202960432679,1
2024-08-08,2024,"Random",1,0.599202960432679,0
2024-08-09,2024,"Random",1,0.599202960432679,1
2024-08-12,2024,"Random",1,0.599202960432679,0
2024-08-13,2024,"Random",1,0.599202960432679,1
2024-08-14,2024,"Random",1,0.599202960432679,0
2024-08-15,2024,"Random",1,0.599202960432679,1
2024-08-16,2024,"Random",1,0.599202960432679,0
2024-08-19,2024,"Random",1,0.599202960432679,1
2024-08-20,2024,"Random",1,0.599202960432679,1
2024-08-21,2024,"Random",1,0.599202960432679,0
2024-08-22,2024,"Random",0,0.599202960432679,1
2024-08-23,2024,"Random",0,0.599202960432679,1
2024-08-26,2024,"Random",0,0.599202960432679,1
2024-08-27,2024,"Random",0,0.599202960432679,0
2024-08-28,2024,"Random",0,0.599202960432679,1
2024-08-29,2024,"Random",0,0.599202960432679,0
2024-08-30,2024,"Random",0,0.599202960432679,0
2024-09-02,2024,"Random",0,0.599202960432679,1
2024-09-03,2024,"Random",0,0.599202960432679,1
2024-09-04,2024,"Random",0,0.599202960432679,0
2024-09-05,2024,"Random",1,0.599202960432679,1
2024-09-06,2024,"Random",1,0.599202960432679,1
2024-09-09,2024,"Random",1,0.599202960432679,0
2024-09-10,2024,"Random",1,0.599202960432679,1
2024-09-11,2024,"Random",0,0.599202960432679,1
2024-09-12,2024,"Random",0,0.599202960432679,1
2024-09-13,2024,"Random",0,0.599202960432679,1
2024-09-16,2024,"Random",0,0.599202960432679,1
2024-09-17,2024,"Random",0,0.599202960432679,1
2024-09-18,2024,"Random",0,0.599202960432679,0
2024-09-19,2024,"Random",0,0.599202960432679,1
2024-09-20,2024,"Random",0,0.599202960432679,0
2024-09-23,2024,"Random",0,0.599202960432679,1
2024-09-24,2024,"Random",0,0.599202960432679,1
2024-09-25,2024,"Random",1,0.599202960432679,0
2024-09-26,2024,"Random",0,0.599202960432679,1
2024-09-27,2024,"Random",0,0.599202960432679,0
2024-09-30,2024,"Random",0,0.599202960432679,1
2024-10-01,2024,"Random",0,0.599202960432679,1
2024-10-02,2024,"Random",0,0.599202960432679,1
2024-10-03,2024,"Random",1,0.599202960432679,0
2024-10-04,2024,"Random",1,0.599202960432679,1
2024-10-07,2024,"Random",0,0.599202960432679,0
2024-10-08,2024,"Random",0,0.599202960432679,0
2024-10-09,2024,"Random",0,0.599202960432679,1
2024-10-10,2024,"Random",0,0.599202960432679,1
2024-10-11,2024,"Random",0,0.599202960432679,1
2024-10-14,2024,"Random",0,0.599202960432679,0
2024-10-15,2024,"Random",0,0.599202960432679,0
2024-10-16,2024,"Random",0,0.599202960432679,1
2024-10-17,2024,"Random",0,0.599202960432679,1
2024-10-18,2024,"Random",1,0.599202960432679,1
2024-10-21,2024,"Random",1,0.599202960432679,1
2024-10-22,2024,"Random",1,0.599202960432679,1
2024-10-23,2024,"Random",1,0.599202960432679,0
2024-10-24,2024,"Random",1,0.599202960432679,1
2024-10-25,2024,"Random",1,0.599202960432679,1
2024-10-28,2024,"Random",1,0.599202960432679,0
2024-10-29,2024,"Random",1,0.599202960432679,1
2024-10-30,2024,"Random",1,0.599202960432679,1
2024-10-31,2024,"Random",1,0.599202960432679,1
2024-11-01,2024,"Random",1,0.599202960432679,1
2024-11-04,2024,"Random",1,0.599202960432679,1
2024-11-05,2024,"Random",1,0.599202960432679,0
2024-11-06,2024,"Random",1,0.599202960432679,1
2024-11-07,2024,"Random",1,0.599202960432679,1
2024-11-08,2024,"Random",1,0.599202960432679,1
2024-11-11,2024,"Random",1,0.599202960432679,1
2024-11-12,2024,"Random",1,0.599202960432679,0
2024-11-13,2024,"Random",1,0.599202960432679,1
2024-11-14,2024,"Random",1,0.599202960432679,1
2024-11-15,2024,"Random",1,0.599202960432679,1
2024-11-18,2024,"Random",1,0.599202960432679,0
2024-11-19,2024,"Random",1,0.599202960432679,0
2024-11-20,2024,"Random",1,0.599202960432679,1
2024-11-21,2024,"Random",1,0.599202960432679,0
2024-11-22,2024,"Random",1,0.599202960432679,1
2024-11-25,2024,"Random",1,0.599202960432679,1
2024-11-26,2024,"Random",1,0.599202960432679,1
2024-11-27,2024,"Random",1,0.599202960432679,0
2024-11-28,2024,"Random",1,0.599202960432679,0
2024-11-29,2024,"Random",1,0.599202960432679,1
2024-12-02,2024,"Random",1,0.599202960432679,0
2024-12-03,2024,"Random",1,0.599202960432679,1
2024-12-04,2024,"Random",1,0.599202960432679,0
2024-12-05,2024,"Random",1,0.599202960432679,1
2024-12-06,2024,"Random",1,0.599202960432679,1
2024-12-09,2024,"Random",1,0.599202960432679,1
2024-12-10,2024,"Random",1,0.599202960432679,1
2024-12-11,2024,"Random",1,0.599202960432679,1
2024-12-12,2024,"Random",1,0.599202960432679,0
2024-12-13,2024,"Random",1,0.599202960432679,0
2024-12-16,2024,"Random",1,0.599202960432679,1
2024-12-17,2024,"Random",1,0.599202960432679,1
2024-12-18,2024,"Random",1,0.599202960432679,0
2024-12-19,2024,"Random",1,0.599202960432679,1
2024-12-20,2024,"Random",1,0.599202960432679,1
2024-12-23,2024,"Random",1,0.599202960432679,0
2024-12-27,2024,"Random",1,0.599202960432679,1
2024-12-30,2024,"Random",1,0.599202960432679,1
2025-01-03,2025,"Logistic",1,0.548443232413601,1
2025-01-06,2025,"Logistic",1,0.497314178875602,0
2025-01-07,2025,"Logistic",1,0.531498314923011,1
2025-01-08,2025,"Logistic",1,0.540107233549265,1
2025-01-09,2025,"Logistic",1,0.530657064228097,1
2025-01-10,2025,"Logistic",1,0.537981520627794,1
2025-01-13,2025,"Logistic",1,0.539884160005184,1
2025-01-14,2025,"Logistic",1,0.537031913682309,1
2025-01-15,2025,"Logistic",1,0.53466823652062,1
2025-01-16,2025,"Logistic",1,0.561518298959445,1
2025-01-17,2025,"Logistic",1,0.595324978720588,1
2025-01-20,2025,"Logistic",1,0.602133735809382,1
2025-01-21,2025,"Logistic",1,0.60049573674426,1
2025-01-22,2025,"Logistic",1,0.623034763729677,1
2025-01-23,2025,"Logistic",0,0.616190457142383,1
2025-01-24,2025,"Logistic",0,0.649888483862377,1
2025-01-27,2025,"Logistic",0,0.633102720434185,1
2025-01-28,2025,"Logistic",0,0.642648352475707,1
2025-01-29,2025,"Logistic",0,0.633721117793288,1
2025-01-30,2025,"Logistic",0,0.633266238509701,1
2025-01-31,2025,"Logistic",0,0.661480870666438,1
2025-02-03,2025,"Logistic",0,0.59281440050973,1
2025-02-04,2025,"Logistic",0,0.601166188720594,1
2025-02-05,2025,"Logistic",0,0.608641737472867,1
2025-02-06,2025,"Logistic",0,0.59094816005161,1
2025-02-07,2025,"Logistic",0,0.590069200815868,1
2025-02-10,2025,"Logistic",0,0.583723105070316,1
2025-02-11,2025,"Logistic",0,0.601057675577982,1
2025-02-12,2025,"Logistic",0,0.620411650994119,1
2025-02-13,2025,"Logistic",0,0.63001494002958,1
2025-02-14,2025,"Logistic",0,0.649391826887047,1
2025-02-17,2025,"Logistic",0,0.653129685860422,1
2025-02-18,2025,"Logistic",0,0.666835727693485,1
2025-02-19,2025,"Logistic",0,0.61679815102336,1
2025-02-20,2025,"Logistic",0,0.613646762541896,1
2025-02-21,2025,"Logistic",0,0.620663637412883,1
2025-02-24,2025,"Logistic",0,0.620450710922067,1
2025-02-25,2025,"Logistic",0,0.637287021931414,1
2025-02-26,2025,"Logistic",0,0.605169951268506,1
2025-02-27,2025,"Logistic",0,0.595066966125001,1
2025-02-28,2025,"Logistic",0,0.616766859882735,1
2025-03-03,2025,"Logistic",0,0.580676379768075,1
2025-03-04,2025,"Logistic",1,0.684089322177793,1
2025-03-05,2025,"Logistic",0,0.595345243476642,1
2025-03-06,2025,"Logistic",0,0.567378346489892,1
2025-03-07,2025,"Logistic",0,0.621000942587076,1
2025-03-10,2025,"Logistic",1,0.708709142756774,1
2025-03-11,2025,"Logistic",1,0.70531788773244,1
2025-03-12,2025,"Logistic",1,0.670753397997445,1
2025-03-13,2025,"Logistic",1,0.691075580546855,1
2025-03-14,2025,"Logistic",0,0.653337557154765,1
2025-03-17,2025,"Logistic",0,0.612834476560489,1
2025-03-18,2025,"Logistic",0,0.600043832843766,1
2025-03-19,2025,"Logistic",0,0.566630749198519,1
2025-03-20,2025,"Logistic",0,0.593844721069466,1
2025-03-21,2025,"Logistic",0,0.586734254233987,1
2025-03-24,2025,"Logistic",1,0.593699452381436,1
2025-03-25,2025,"Logistic",0,0.563105256726274,1
2025-03-26,2025,"Logistic",0,0.581179130814686,1
2025-03-27,2025,"Logistic",0,0.616317715433791,1
2025-03-28,2025,"Logistic",0,0.651555825961002,1
2025-03-31,2025,"Logistic",1,0.632641268878893,1
2025-04-01,2025,"Logistic",0,0.592728612467547,1
2025-04-02,2025,"Logistic",0,0.588000502292497,1
2025-04-03,2025,"Logistic",1,0.65646611060593,1
2025-04-04,2025,"Logistic",1,0.704037878050181,1
2025-04-07,2025,"Logistic",1,0.780445722092774,1
2025-04-08,2025,"Logistic",1,0.772245798462023,1
2025-04-09,2025,"Logistic",1,0.837228284137609,1
2025-04-10,2025,"Logistic",1,0.831106718718008,1
2025-04-11,2025,"Logistic",1,0.838602932261724,1
2025-04-14,2025,"Logistic",1,0.818905822804615,1
2025-04-15,2025,"Logistic",1,0.76271517549143,1
2025-04-16,2025,"Logistic",1,0.74318508971777,1
2025-04-17,2025,"Logistic",1,0.735408383058505,1
2025-04-22,2025,"Logistic",1,0.741265385016924,1
2025-04-23,2025,"Logistic",1,0.72893858133771,1
2025-04-24,2025,"Logistic",1,0.694718298087349,1
2025-04-25,2025,"Logistic",1,0.663998200160916,1
2025-04-28,2025,"Logistic",1,0.63419056384912,1
2025-04-29,2025,"Logistic",1,0.619585604552749,1
2025-04-30,2025,"Logistic",1,0.59022218828712,1
2025-05-02,2025,"Logistic",1,0.562364711034482,1
2025-05-05,2025,"Logistic",1,0.53154911068317,1
2025-05-06,2025,"Logistic",1,0.537808454114551,1
2025-05-07,2025,"Logistic",1,0.544950282744656,1
2025-05-08,2025,"Logistic",1,0.508735143797886,1
2025-05-09,2025,"Logistic",0,0.509416162817503,1
2025-05-12,2025,"Logistic",0,0.540004026944188,1
2025-05-13,2025,"Logistic",0,0.527956055471541,1
2025-05-14,2025,"Logistic",0,0.544678935491567,1
2025-05-15,2025,"Logistic",0,0.547781750615783,1
2025-05-16,2025,"Logistic",0,0.556035542242929,1
2025-05-19,2025,"Logistic",0,0.563460049393212,1
2025-05-20,2025,"Logistic",0,0.576019984819532,1
2025-05-21,2025,"Logistic",0,0.601522543305723,1
2025-05-22,2025,"Logistic",0,0.593056175870743,1
2025-05-23,2025,"Logistic",0,0.636809814993944,1
2025-05-26,2025,"Logistic",0,0.593097918770658,1
2025-05-27,2025,"Logistic",0,0.581899980330235,1
2025-05-28,2025,"Logistic",0,0.610769520254432,1
2025-05-30,2025,"Logistic",0,0.623026553586652,1
2025-06-02,2025,"Logistic",1,0.619446997415919,1
2025-06-03,2025,"Logistic",1,0.603461545812604,1
2025-06-04,2025,"Logistic",1,0.578623812616039,1
2025-06-05,2025,"Logistic",1,0.578472740442527,1
2025-06-06,2025,"Logistic",1,0.568859775108944,1
2025-06-10,2025,"Logistic",1,0.58544262184914,1
2025-06-11,2025,"Logistic",1,0.568207555861997,1
2025-06-12,2025,"Logistic",1,0.559258030755429,1
2025-06-13,2025,"Logistic",1,0.604363299670293,1
2025-06-16,2025,"Logistic",1,0.581698916253761,1
2025-06-17,2025,"Logistic",1,0.626094704649883,1
2025-06-18,2025,"Logistic",1,0.625112722131098,1
2025-06-19,2025,"Logistic",1,0.597482149414922,1
2025-06-20,2025,"Logistic",1,0.58516870657619,1
2025-06-23,2025,"Logistic",1,0.563571322493814,1
2025-06-24,2025,"Logistic",1,0.551028965386358,1
2025-06-25,2025,"Logistic",1,0.568888292832002,1
2025-06-26,2025,"Logistic",1,0.566365205039468,1
2025-06-27,2025,"Logistic",1,0.545421808728804,1
2025-06-30,2025,"Logistic",1,0.548992235238795,1
2025-07-01,2025,"Logistic",1,0.530730656565204,1
2025-07-02,2025,"Logistic",1,0.455935937937312,0
2025-07-03,2025,"Logistic",1,0.434598200783306,0
2025-07-04,2025,"Logistic",1,0.491375677672265,0
2025-07-07,2025,"Logistic",1,0.425826119457185,0
2025-07-08,2025,"Logistic",0,0.442013357491498,0
2025-07-09,2025,"Logistic",1,0.493321169408576,0
2025-07-10,2025,"Logistic",1,0.516676194384029,1
2025-07-11,2025,"Logistic",1,0.531788271981373,1
2025-07-14,2025,"Logistic",1,0.531118574362311,1
2025-07-15,2025,"Logistic",1,0.534990490654922,1
2025-07-16,2025,"Logistic",1,0.600170794849458,1
2025-07-17,2025,"Logistic",1,0.548543994894126,1
2025-07-18,2025,"Logistic",1,0.575588673073533,1
2025-07-21,2025,"Logistic",1,0.594043057233408,1
2025-07-22,2025,"Logistic",1,0.632216729396954,1
2025-07-23,2025,"Logistic",1,0.590423075620051,1
2025-07-24,2025,"Logistic",1,0.57837372743793,1
2025-07-25,2025,"Logistic",1,0.580365795441682,1
2025-07-28,2025,"Logistic",1,0.593991073226194,1
2025-07-29,2025,"Logistic",1,0.57499731722028,1
2025-07-30,2025,"Logistic",1,0.51028624575052,1
2025-07-31,2025,"Logistic",1,0.583904782979847,1
2025-08-04,2025,"Logistic",1,0.544268102999832,1
2025-08-05,2025,"Logistic",1,0.540715801632199,1
2025-08-06,2025,"Logistic",1,0.5388292124173,1
2025-08-07,2025,"Logistic",1,0.513140372324277,1
2025-08-08,2025,"Logistic",1,0.50373352875942,1
2025-08-11,2025,"Logistic",1,0.507693587817595,1
2025-08-12,2025,"Logistic",1,0.503535624097626,1
2025-08-13,2025,"Logistic",1,0.480851372748215,0
2025-08-14,2025,"Logistic",1,0.474752096879469,0
2025-08-15,2025,"Logistic",1,0.502537262262667,1
2025-08-18,2025,"Logistic",1,0.509335119071382,1
2025-08-19,2025,"Logistic",1,0.525865013791944,1
2025-08-20,2025,"Logistic",1,0.527210568523414,1
2025-08-21,2025,"Logistic",1,0.509536241607952,1
2025-08-22,2025,"Logistic",1,0.524893606304784,1
2025-08-25,2025,"Logistic",1,0.515626442350861,1
2025-08-26,2025,"Logistic",1,0.52329284691009,1
2025-08-27,2025,"Logistic",1,0.551155920127825,1
2025-08-28,2025,"Logistic",1,0.544019164148735,1
2025-08-29,2025,"Logistic",1,0.553844796146339,1
2025-09-01,2025,"Logistic",1,0.594258722836244,1
2025-09-02,2025,"Logistic",1,0.568947987911164,1
2025-09-03,2025,"Logistic",1,0.567521224727368,1
2025-09-04,2025,"Logistic",1,0.560556389078563,1
2025-09-05,2025,"Logistic",1,0.570335504492705,1
2025-09-08,2025,"Logistic",1,0.565039864313974,1
2025-09-09,2025,"Logistic",1,0.575510300553469,1
2025-09-10,2025,"Logistic",1,0.57409282089709,1
2025-09-11,2025,"Logistic",1,0.544129173184797,1
2025-09-12,2025,"Logistic",1,0.48817266253729,0
2025-09-15,2025,"Logistic",1,0.467082555002546,0
2025-09-16,2025,"Logistic",1,0.520513102489524,1
2025-09-17,2025,"Logistic",1,0.517921998896142,1
2025-09-18,2025,"Logistic",1,0.47032016709263,0
2025-09-19,2025,"Logistic",1,0.520785564500233,1
2025-09-22,2025,"Logistic",1,0.514562106747927,1
2025-09-23,2025,"Logistic",1,0.500447578738886,1
2025-09-24,2025,"Logistic",1,0.503769996820889,1
2025-09-25,2025,"Logistic",1,0.506252444583986,1
2025-09-26,2025,"Logistic",1,0.481317323457463,0
2025-09-29,2025,"Logistic",1,0.503380534678964,1
2025-09-30,2025,"Logistic",1,0.508169625782573,1
2025-10-01,2025,"Logistic",1,0.572662520860406,1
2025-10-02,2025,"Logistic",1,0.622444822749872,1
2025-10-03,2025,"Logistic",1,0.623717977969192,1
2025-10-06,2025,"Logistic",1,0.60776836580997,1
2025-10-07,2025,"Logistic",1,0.602909454721957,1
2025-10-08,2025,"Logistic",1,0.596131292653321,1
2025-10-09,2025,"Logistic",1,0.586200494953013,1
2025-10-10,2025,"Logistic",1,0.566382488126361,1
2025-10-13,2025,"Logistic",1,0.561232100485445,1
2025-10-14,2025,"Logistic",1,0.568133296423322,1
2025-10-15,2025,"Logistic",1,0.567287573417247,1
2025-10-16,2025,"Logistic",1,0.532060703109595,1
2025-10-17,2025,"Logistic",1,0.55739543337657,1
2025-10-20,2025,"Logistic",1,0.511025113706211,1
2025-10-21,2025,"Logistic",1,0.524766268876783,1
2025-10-22,2025,"Logistic",1,0.529443016449344,1
2025-10-23,2025,"Logistic",1,0.511791062221287,1
2025-10-24,2025,"Logistic",1,0.527214479575467,1
2025-10-27,2025,"Logistic",1,0.520738530307655,1
2025-10-28,2025,"Logistic",1,0.528673881942813,1
2025-10-29,2025,"Logistic",1,0.557743577027859,1
2025-10-30,2025,"Logistic",1,0.542381563103686,1
2025-10-31,2025,"Logistic",1,0.529986435862037,1
2025-11-03,2025,"Logistic",1,0.54306847300452,1
2025-11-04,2025,"Logistic",1,0.543597048766439,1
2025-11-05,2025,"Logistic",1,0.545416014902311,1
2025-11-06,2025,"Logistic",1,0.582417354845307,1
2025-11-07,2025,"Logistic",1,0.576498554571379,1
2025-11-10,2025,"Logistic",1,0.533047912130328,1
2025-11-11,2025,"Logistic",1,0.478593236951858,0
2025-11-12,2025,"Logistic",1,0.526400030384868,1
2025-11-13,2025,"Logistic",1,0.548339896880179,1
2025-11-14,2025,"Logistic",1,0.572550073122711,1
2025-11-17,2025,"Logistic",1,0.58622921988437,1
2025-11-18,2025,"Logistic",1,0.61242532904971,1
2025-11-19,2025,"Logistic",1,0.606647590972069,1
2025-11-20,2025,"Logistic",1,0.615745312782862,1
2025-11-21,2025,"Logistic",1,0.626697214622928,1
2025-11-24,2025,"Logistic",1,0.612651549449249,1
2025-11-25,2025,"Logistic",1,0.607154535469121,1
2025-11-26,2025,"Logistic",1,0.58202226678873,1
2025-11-27,2025,"Logistic",1,0.571496503746264,1
2025-11-28,2025,"Logistic",1,0.566438336165705,1
2025-12-01,2025,"Logistic",1,0.56815057118563,1
2025-12-02,2025,"Logistic",1,0.578384434850664,1
2025-12-03,2025,"Logistic",1,0.509019725531451,1
2025-12-04,2025,"Logistic",1,0.500759190378388,1
2025-12-05,2025,"Logistic",1,0.532055274300544,1
2025-12-08,2025,"Logistic",1,0.527981546305666,1
2025-12-09,2025,"Logistic",1,0.521604823487232,1
2025-12-10,2025,"Logistic",1,0.494666739712513,0
2025-12-11,2025,"Logistic",1,0.513399269446715,1
2025-12-12,2025,"Logistic",1,0.51044235533499,1
2025-12-15,2025,"Logistic",1,0.526676882633881,1
2025-12-16,2025,"Logistic",1,0.538569615961467,1
2025-12-17,2025,"Logistic",1,0.557155393456558,1
2025-12-18,2025,"Logistic",0,0.520369523006098,1
2025-12-19,2025,"Logistic",0,0.528390125990391,1
2025-12-22,2025,"Logistic",1,0.558389297183158,1
2025-12-23,2025,"Logistic",1,0.556998936443765,1
2025-01-03,2025,"DecisionTree",1,0.2,0
2025-01-06,2025,"DecisionTree",1,0.697916666666667,1
2025-01-07,2025,"DecisionTree",1,0.697916666666667,1
2025-01-08,2025,"DecisionTree",1,0.697916666666667,1
2025-01-09,2025,"DecisionTree",1,0.697916666666667,1
2025-01-10,2025,"DecisionTree",1,0.684596577017115,1
2025-01-13,2025,"DecisionTree",1,0.684596577017115,1
2025-01-14,2025,"DecisionTree",1,0.684596577017115,1
2025-01-15,2025,"DecisionTree",1,0.337209302325581,0
2025-01-16,2025,"DecisionTree",1,0.337209302325581,0
2025-01-17,2025,"DecisionTree",1,0.768339768339768,1
2025-01-20,2025,"DecisionTree",1,0.768339768339768,1
2025-01-21,2025,"DecisionTree",1,0.768339768339768,1
2025-01-22,2025,"DecisionTree",1,0.768339768339768,1
2025-01-23,2025,"DecisionTree",0,0.768339768339768,1
2025-01-24,2025,"DecisionTree",0,0.768339768339768,1
2025-01-27,2025,"DecisionTree",0,0.768339768339768,1
2025-01-28,2025,"DecisionTree",0,0.768339768339768,1
2025-01-29,2025,"DecisionTree",0,0.768339768339768,1
2025-01-30,2025,"DecisionTree",0,0.768339768339768,1
2025-01-31,2025,"DecisionTree",0,0.768339768339768,1
2025-02-03,2025,"DecisionTree",0,0.668965517241379,1
2025-02-04,2025,"DecisionTree",0,0.668965517241379,1
2025-02-05,2025,"DecisionTree",0,0.668965517241379,1
2025-02-06,2025,"DecisionTree",0,0.768339768339768,1
2025-02-07,2025,"DecisionTree",0,0.768339768339768,1
2025-02-10,2025,"DecisionTree",0,0.768339768339768,1
2025-02-11,2025,"DecisionTree",0,0.768339768339768,1
2025-02-12,2025,"DecisionTree",0,0.768339768339768,1
2025-02-13,2025,"DecisionTree",0,0.768339768339768,1
2025-02-14,2025,"DecisionTree",0,0.768339768339768,1
2025-02-17,2025,"DecisionTree",0,0.768339768339768,1
2025-02-18,2025,"DecisionTree",0,0.768339768339768,1
2025-02-19,2025,"DecisionTree",0,0.668965517241379,1
2025-02-20,2025,"DecisionTree",0,0.668965517241379,1
2025-02-21,2025,"DecisionTree",0,0.768339768339768,1
2025-02-24,2025,"DecisionTree",0,0.668965517241379,1
2025-02-25,2025,"DecisionTree",0,0.668965517241379,1
2025-02-26,2025,"DecisionTree",0,0.768339768339768,1
2025-02-27,2025,"DecisionTree",0,0.668965517241379,1
2025-02-28,2025,"DecisionTree",0,0.668965517241379,1
2025-03-03,2025,"DecisionTree",0,0.668965517241379,1
2025-03-04,2025,"DecisionTree",1,0.348284960422164,0
2025-03-05,2025,"DecisionTree",0,0.351351351351351,0
2025-03-06,2025,"DecisionTree",0,0.351351351351351,0
2025-03-07,2025,"DecisionTree",0,0.68421052631579,1
2025-03-10,2025,"DecisionTree",1,0.684596577017115,1
2025-03-11,2025,"DecisionTree",1,0.684596577017115,1
2025-03-12,2025,"DecisionTree",1,0.684596577017115,1
2025-03-13,2025,"DecisionTree",1,0.684596577017115,1
2025-03-14,2025,"DecisionTree",0,0.684596577017115,1
2025-03-17,2025,"DecisionTree",0,0.684596577017115,1
2025-03-18,2025,"DecisionTree",0,0.684596577017115,1
2025-03-19,2025,"DecisionTree",0,0.68421052631579,1
2025-03-20,2025,"DecisionTree",0,0.684596577017115,1
2025-03-21,2025,"DecisionTree",0,0.684596577017115,1
2025-03-24,2025,"DecisionTree",1,0.684596577017115,1
2025-03-25,2025,"DecisionTree",0,0.684596577017115,1
2025-03-26,2025,"DecisionTree",0,0.684596577017115,1
2025-03-27,2025,"DecisionTree",0,0.684596577017115,1
2025-03-28,2025,"DecisionTree",0,0.684596577017115,1
2025-03-31,2025,"DecisionTree",1,0.684596577017115,1
2025-04-01,2025,"DecisionTree",0,0.684596577017115,1
2025-04-02,2025,"DecisionTree",0,0.684596577017115,1
2025-04-03,2025,"DecisionTree",1,0.684596577017115,1
2025-04-04,2025,"DecisionTree",1,0.563025210084034,1
2025-04-07,2025,"DecisionTree",1,0.563025210084034,1
2025-04-08,2025,"DecisionTree",1,0.563025210084034,1
2025-04-09,2025,"DecisionTree",1,0.563025210084034,1
2025-04-10,2025,"DecisionTree",1,0.834507042253521,1
2025-04-11,2025,"DecisionTree",1,0.834507042253521,1
2025-04-14,2025,"DecisionTree",1,0.834507042253521,1
2025-04-15,2025,"DecisionTree",1,0.834507042253521,1
2025-04-16,2025,"DecisionTree",1,0.834507042253521,1
2025-04-17,2025,"DecisionTree",1,0.834507042253521,1
2025-04-22,2025,"DecisionTree",1,0.834507042253521,1
2025-04-23,2025,"DecisionTree",1,0.834507042253521,1
2025-04-24,2025,"DecisionTree",1,0.834507042253521,1
2025-04-25,2025,"DecisionTree",1,0.834507042253521,1
2025-04-28,2025,"DecisionTree",1,0.834507042253521,1
2025-04-29,2025,"DecisionTree",1,0.834507042253521,1
2025-04-30,2025,"DecisionTree",1,0.834507042253521,1
2025-05-02,2025,"DecisionTree",1,0.834507042253521,1
2025-05-05,2025,"DecisionTree",1,0.834507042253521,1
2025-05-06,2025,"DecisionTree",1,0.834507042253521,1
2025-05-07,2025,"DecisionTree",1,0.348284960422164,0
2025-05-08,2025,"DecisionTree",1,0.348284960422164,0
2025-05-09,2025,"DecisionTree",0,0.348284960422164,0
2025-05-12,2025,"DecisionTree",0,0.348284960422164,0
2025-05-13,2025,"DecisionTree",0,0.348284960422164,0
2025-05-14,2025,"DecisionTree",0,0.697916666666667,1
2025-05-15,2025,"DecisionTree",0,0.697916666666667,1
2025-05-16,2025,"DecisionTree",0,0.697916666666667,1
2025-05-19,2025,"DecisionTree",0,0.697916666666667,1
2025-05-20,2025,"DecisionTree",0,0.697916666666667,1
2025-05-21,2025,"DecisionTree",0,0.697916666666667,1
2025-05-22,2025,"DecisionTree",0,0.810344827586207,1
2025-05-23,2025,"DecisionTree",0,0.348284960422164,0
2025-05-26,2025,"DecisionTree",0,0.348284960422164,0
2025-05-27,2025,"DecisionTree",0,0.348284960422164,0
2025-05-28,2025,"DecisionTree",0,0.348284960422164,0
2025-05-30,2025,"DecisionTree",0,0.348284960422164,0
2025-06-02,2025,"DecisionTree",1,0.810344827586207,1
2025-06-03,2025,"DecisionTree",1,0.697916666666667,1
2025-06-04,2025,"DecisionTree",1,0.697916666666667,1
2025-06-05,2025,"DecisionTree",1,0.810344827586207,1
2025-06-06,2025,"DecisionTree",1,0.810344827586207,1
2025-06-10,2025,"DecisionTree",1,0.810344827586207,1
2025-06-11,2025,"DecisionTree",1,0.810344827586207,1
2025-06-12,2025,"DecisionTree",1,0.810344827586207,1
2025-06-13,2025,"DecisionTree",1,0.810344827586207,1
2025-06-16,2025,"DecisionTree",1,0.810344827586207,1
2025-06-17,2025,"DecisionTree",1,0.810344827586207,1
2025-06-18,2025,"DecisionTree",1,0.810344827586207,1
2025-06-19,2025,"DecisionTree",1,0.563025210084034,1
2025-06-20,2025,"DecisionTree",1,0.563025210084034,1
2025-06-23,2025,"DecisionTree",1,0.684596577017115,1
2025-06-24,2025,"DecisionTree",1,0.684596577017115,1
2025-06-25,2025,"DecisionTree",1,0.810344827586207,1
2025-06-26,2025,"DecisionTree",1,0.810344827586207,1
2025-06-27,2025,"DecisionTree",1,0.684596577017115,1
2025-06-30,2025,"DecisionTree",1,0.684596577017115,1
2025-07-01,2025,"DecisionTree",1,0.684596577017115,1
2025-07-02,2025,"DecisionTree",1,0.684596577017115,1
2025-07-03,2025,"DecisionTree",1,0.684596577017115,1
2025-07-04,2025,"DecisionTree",1,0.684596577017115,1
2025-07-07,2025,"DecisionTree",1,0.25,0
2025-07-08,2025,"DecisionTree",0,0.25,0
2025-07-09,2025,"DecisionTree",1,0.697916666666667,1
2025-07-10,2025,"DecisionTree",1,0.697916666666667,1
2025-07-11,2025,"DecisionTree",1,0.697916666666667,1
2025-07-14,2025,"DecisionTree",1,0.684596577017115,1
2025-07-15,2025,"DecisionTree",1,0.25,0
2025-07-16,2025,"DecisionTree",1,0.6125,1
2025-07-17,2025,"DecisionTree",1,0.25,0
2025-07-18,2025,"DecisionTree",1,0.25,0
2025-07-21,2025,"DecisionTree",1,0.6125,1
2025-07-22,2025,"DecisionTree",1,0.6125,1
2025-07-23,2025,"DecisionTree",1,0.6125,1
2025-07-24,2025,"DecisionTree",1,0.25,0
2025-07-25,2025,"DecisionTree",1,0.25,0
2025-07-28,2025,"DecisionTree",1,0.6125,1
2025-07-29,2025,"DecisionTree",1,0.25,0
2025-07-30,2025,"DecisionTree",1,0.25,0
2025-07-31,2025,"DecisionTree",1,0.6125,1
2025-08-04,2025,"DecisionTree",1,0.684596577017115,1
2025-08-05,2025,"DecisionTree",1,0.684596577017115,1
2025-08-06,2025,"DecisionTree",1,0.25,0
2025-08-07,2025,"DecisionTree",1,0.25,0
2025-08-08,2025,"DecisionTree",1,0.25,0
2025-08-11,2025,"DecisionTree",1,0.25,0
2025-08-12,2025,"DecisionTree",1,0.25,0
2025-08-13,2025,"DecisionTree",1,0.25,0
2025-08-14,2025,"DecisionTree",1,0.25,0
2025-08-15,2025,"DecisionTree",1,0.25,0
2025-08-18,2025,"DecisionTree",1,0.25,0
2025-08-19,2025,"DecisionTree",1,0.668965517241379,1
2025-08-20,2025,"DecisionTree",1,0.668965517241379,1
2025-08-21,2025,"DecisionTree",1,0.25,0
2025-08-22,2025,"DecisionTree",1,0.668965517241379,1
2025-08-25,2025,"DecisionTree",1,0.2,0
2025-08-26,2025,"DecisionTree",1,0.2,0
2025-08-27,2025,"DecisionTree",1,0.2,0
2025-08-28,2025,"DecisionTree",1,0.2,0
2025-08-29,2025,"DecisionTree",1,0.2,0
2025-09-01,2025,"DecisionTree",1,0.2,0
2025-09-02,2025,"DecisionTree",1,0.2,0
2025-09-03,2025,"DecisionTree",1,0.2,0
2025-09-04,2025,"DecisionTree",1,0.2,0
2025-09-05,2025,"DecisionTree",1,0.6125,1
2025-09-08,2025,"DecisionTree",1,0.2,0
2025-09-09,2025,"DecisionTree",1,0.2,0
2025-09-10,2025,"DecisionTree",1,0.6125,1
2025-09-11,2025,"DecisionTree",1,0.25,0
2025-09-12,2025,"DecisionTree",1,0.2,0
2025-09-15,2025,"DecisionTree",1,0.2,0
2025-09-16,2025,"DecisionTree",1,0.25,0
2025-09-17,2025,"DecisionTree",1,0.769911504424779,1
2025-09-18,2025,"DecisionTree",1,0.25,0
2025-09-19,2025,"DecisionTree",1,0.25,0
2025-09-22,2025,"DecisionTree",1,0.769911504424779,1
2025-09-23,2025,"DecisionTree",1,0.769911504424779,1
2025-09-24,2025,"DecisionTree",1,0.769911504424779,1
2025-09-25,2025,"DecisionTree",1,0.2,0
2025-09-26,2025,"DecisionTree",1,0.2,0
2025-09-29,2025,"DecisionTree",1,0.2,0
2025-09-30,2025,"DecisionTree",1,0.668965517241379,1
2025-10-01,2025,"DecisionTree",1,0.768339768339768,1
2025-10-02,2025,"DecisionTree",1,0.768339768339768,1
2025-10-03,2025,"DecisionTree",1,0.768339768339768,1
2025-10-06,2025,"DecisionTree",1,0.768339768339768,1
2025-10-07,2025,"DecisionTree",1,0.668965517241379,1
2025-10-08,2025,"DecisionTree",1,0.768339768339768,1
2025-10-09,2025,"DecisionTree",1,0.668965517241379,1
2025-10-10,2025,"DecisionTree",1,0.769911504424779,1
2025-10-13,2025,"DecisionTree",1,0.769911504424779,1
2025-10-14,2025,"DecisionTree",1,0.769911504424779,1
2025-10-15,2025,"DecisionTree",1,0.668965517241379,1
2025-10-16,2025,"DecisionTree",1,0.668965517241379,1
2025-10-17,2025,"DecisionTree",1,0.668965517241379,1
2025-10-20,2025,"DecisionTree",1,0.668965517241379,1
2025-10-21,2025,"DecisionTree",1,0.668965517241379,1
2025-10-22,2025,"DecisionTree",1,0.668965517241379,1
2025-10-23,2025,"DecisionTree",1,0.668965517241379,1
2025-10-24,2025,"DecisionTree",1,0.668965517241379,1
2025-10-27,2025,"DecisionTree",1,0.668965517241379,1
2025-10-28,2025,"DecisionTree",1,0.668965517241379,1
2025-10-29,2025,"DecisionTree",1,0.668965517241379,1
2025-10-30,2025,"DecisionTree",1,0.668965517241379,1
2025-10-31,2025,"DecisionTree",1,0.668965517241379,1
2025-11-03,2025,"DecisionTree",1,0.668965517241379,1
2025-11-04,2025,"DecisionTree",1,0.769911504424779,1
2025-11-05,2025,"DecisionTree",1,0.668965517241379,1
2025-11-06,2025,"DecisionTree",1,0.2,0
2025-11-07,2025,"DecisionTree",1,0.2,0
2025-11-10,2025,"DecisionTree",1,0.769911504424779,1
2025-11-11,2025,"DecisionTree",1,0.668965517241379,1
2025-11-12,2025,"DecisionTree",1,0.668965517241379,1
2025-11-13,2025,"DecisionTree",1,0.668965517241379,1
2025-11-14,2025,"DecisionTree",1,0.25,0
2025-11-17,2025,"DecisionTree",1,0.6125,1
2025-11-18,2025,"DecisionTree",1,0.6125,1
2025-11-19,2025,"DecisionTree",1,0.6125,1
2025-11-20,2025,"DecisionTree",1,0.6125,1
2025-11-21,2025,"DecisionTree",1,0.6125,1
2025-11-24,2025,"DecisionTree",1,0.6125,1
2025-11-25,2025,"DecisionTree",1,0.6125,1
2025-11-26,2025,"DecisionTree",1,0.25,0
2025-11-27,2025,"DecisionTree",1,0.25,0
2025-11-28,2025,"DecisionTree",1,0.25,0
2025-12-01,2025,"DecisionTree",1,0.25,0
2025-12-02,2025,"DecisionTree",1,0.25,0
2025-12-03,2025,"DecisionTree",1,0.25,0
2025-12-04,2025,"DecisionTree",1,0.25,0
2025-12-05,2025,"DecisionTree",1,0.25,0
2025-12-08,2025,"DecisionTree",1,0.25,0
2025-12-09,2025,"DecisionTree",1,0.2,0
2025-12-10,2025,"DecisionTree",1,0.2,0
2025-12-11,2025,"DecisionTree",1,0.2,0
2025-12-12,2025,"DecisionTree",1,0.2,0
2025-12-15,2025,"DecisionTree",1,0.2,0
2025-12-16,2025,"DecisionTree",1,0.2,0
2025-12-17,2025,"DecisionTree",1,0.2,0
2025-12-18,2025,"DecisionTree",0,0.2,0
2025-12-19,2025,"DecisionTree",0,0.2,0
2025-12-22,2025,"DecisionTree",1,0.2,0
2025-12-23,2025,"DecisionTree",1,0.2,0
2025-01-03,2025,"RandomForest",1,0.488,0
2025-01-06,2025,"RandomForest",1,0.454,0
2025-01-07,2025,"RandomForest",1,0.504,1
2025-01-08,2025,"RandomForest",1,0.44,0
2025-01-09,2025,"RandomForest",1,0.454,0
2025-01-10,2025,"RandomForest",1,0.472,0
2025-01-13,2025,"RandomForest",1,0.448,0
2025-01-14,2025,"RandomForest",1,0.484,0
2025-01-15,2025,"RandomForest",1,0.55,1
2025-01-16,2025,"RandomForest",1,0.772,1
2025-01-17,2025,"RandomForest",1,0.734,1
2025-01-20,2025,"RandomForest",1,0.692,1
2025-01-21,2025,"RandomForest",1,0.67,1
2025-01-22,2025,"RandomForest",1,0.648,1
2025-01-23,2025,"RandomForest",0,0.71,1
2025-01-24,2025,"RandomForest",0,0.894,1
2025-01-27,2025,"RandomForest",0,0.756,1
2025-01-28,2025,"RandomForest",0,0.804,1
2025-01-29,2025,"RandomForest",0,0.93,1
2025-01-30,2025,"RandomForest",0,0.892,1
2025-01-31,2025,"RandomForest",0,0.88,1
2025-02-03,2025,"RandomForest",0,0.844,1
2025-02-04,2025,"RandomForest",0,0.822,1
2025-02-05,2025,"RandomForest",0,0.832,1
2025-02-06,2025,"RandomForest",0,0.876,1
2025-02-07,2025,"RandomForest",0,0.888,1
2025-02-10,2025,"RandomForest",0,0.898,1
2025-02-11,2025,"RandomForest",0,0.922,1
2025-02-12,2025,"RandomForest",0,0.896,1
2025-02-13,2025,"RandomForest",0,0.668,1
2025-02-14,2025,"RandomForest",0,0.726,1
2025-02-17,2025,"RandomForest",0,0.742,1
2025-02-18,2025,"RandomForest",0,0.774,1
2025-02-19,2025,"RandomForest",0,0.638,1
2025-02-20,2025,"RandomForest",0,0.568,1
2025-02-21,2025,"RandomForest",0,0.602,1
2025-02-24,2025,"RandomForest",0,0.672,1
2025-02-25,2025,"RandomForest",0,0.668,1
2025-02-26,2025,"RandomForest",0,0.704,1
2025-02-27,2025,"RandomForest",0,0.546,1
2025-02-28,2025,"RandomForest",0,0.564,1
2025-03-03,2025,"RandomForest",0,0.55,1
2025-03-04,2025,"RandomForest",1,0.332,0
2025-03-05,2025,"RandomForest",0,0.29,0
2025-03-06,2025,"RandomForest",0,0.32,0
2025-03-07,2025,"RandomForest",0,0.576,1
2025-03-10,2025,"RandomForest",1,0.444,0
2025-03-11,2025,"RandomForest",1,0.45,0
2025-03-12,2025,"RandomForest",1,0.568,1
2025-03-13,2025,"RandomForest",1,0.518,1
2025-03-14,2025,"RandomForest",0,0.638,1
2025-03-17,2025,"RandomForest",0,0.698,1
2025-03-18,2025,"RandomForest",0,0.672,1
2025-03-19,2025,"RandomForest",0,0.658,1
2025-03-20,2025,"RandomForest",0,0.74,1
2025-03-21,2025,"RandomForest",0,0.736,1
2025-03-24,2025,"RandomForest",1,0.734,1
2025-03-25,2025,"RandomForest",0,0.678,1
2025-03-26,2025,"RandomForest",0,0.664,1
2025-03-27,2025,"RandomForest",0,0.646,1
2025-03-28,2025,"RandomForest",0,0.49,0
2025-03-31,2025,"RandomForest",1,0.644,1
2025-04-01,2025,"RandomForest",0,0.628,1
2025-04-02,2025,"RandomForest",0,0.766,1
2025-04-03,2025,"RandomForest",1,0.842,1
2025-04-04,2025,"RandomForest",1,0.65,1
2025-04-07,2025,"RandomForest",1,0.666,1
2025-04-08,2025,"RandomForest",1,0.592,1
2025-04-09,2025,"RandomForest",1,0.798,1
2025-04-10,2025,"RandomForest",1,0.714,1
2025-04-11,2025,"RandomForest",1,0.73,1
2025-04-14,2025,"RandomForest",1,0.714,1
2025-04-15,2025,"RandomForest",1,0.558,1
2025-04-16,2025,"RandomForest",1,0.596,1
2025-04-17,2025,"RandomForest",1,0.63,1
2025-04-22,2025,"RandomForest",1,0.624,1
2025-04-23,2025,"RandomForest",1,0.532,1
2025-04-24,2025,"RandomForest",1,0.542,1
2025-04-25,2025,"RandomForest",1,0.528,1
2025-04-28,2025,"RandomForest",1,0.698,1
2025-04-29,2025,"RandomForest",1,0.66,1
2025-04-30,2025,"RandomForest",1,0.702,1
2025-05-02,2025,"RandomForest",1,0.466,0
2025-05-05,2025,"RandomForest",1,0.472,0
2025-05-06,2025,"RandomForest",1,0.516,1
2025-05-07,2025,"RandomForest",1,0.464,0
2025-05-08,2025,"RandomForest",1,0.522,1
2025-05-09,2025,"RandomForest",0,0.56,1
2025-05-12,2025,"RandomForest",0,0.572,1
2025-05-13,2025,"RandomForest",0,0.542,1
2025-05-14,2025,"RandomForest",0,0.432,0
2025-05-15,2025,"RandomForest",0,0.212,0
2025-05-16,2025,"RandomForest",0,0.276,0
2025-05-19,2025,"RandomForest",0,0.354,0
2025-05-20,2025,"RandomForest",0,0.334,0
2025-05-21,2025,"RandomForest",0,0.374,0
2025-05-22,2025,"RandomForest",0,0.682,1
2025-05-23,2025,"RandomForest",0,0.52,1
2025-05-26,2025,"RandomForest",0,0.412,0
2025-05-27,2025,"RandomForest",0,0.408,0
2025-05-28,2025,"RandomForest",0,0.438,0
2025-05-30,2025,"RandomForest",0,0.478,0
2025-06-02,2025,"RandomForest",1,0.748,1
2025-06-03,2025,"RandomForest",1,0.758,1
2025-06-04,2025,"RandomForest",1,0.762,1
2025-06-05,2025,"RandomForest",1,0.722,1
2025-06-06,2025,"RandomForest",1,0.768,1
2025-06-10,2025,"RandomForest",1,0.762,1
2025-06-11,2025,"RandomForest",1,0.72,1
2025-06-12,2025,"RandomForest",1,0.778,1
2025-06-13,2025,"RandomForest",1,0.702,1
2025-06-16,2025,"RandomForest",1,0.768,1
2025-06-17,2025,"RandomForest",1,0.724,1
2025-06-18,2025,"RandomForest",1,0.708,1
2025-06-19,2025,"RandomForest",1,0.62,1
2025-06-20,2025,"RandomForest",1,0.622,1
2025-06-23,2025,"RandomForest",1,0.722,1
2025-06-24,2025,"RandomForest",1,0.436,0
2025-06-25,2025,"RandomForest",1,0.656,1
2025-06-26,2025,"RandomForest",1,0.656,1
2025-06-27,2025,"RandomForest",1,0.472,0
2025-06-30,2025,"RandomForest",1,0.556,1
2025-07-01,2025,"RandomForest",1,0.582,1
2025-07-02,2025,"RandomForest",1,0.432,0
2025-07-03,2025,"RandomForest",1,0.33,0
2025-07-04,2025,"RandomForest",1,0.538,1
2025-07-07,2025,"RandomForest",1,0.282,0
2025-07-08,2025,"RandomForest",0,0.262,0
2025-07-09,2025,"RandomForest",1,0.438,0
2025-07-10,2025,"RandomForest",1,0.46,0
2025-07-11,2025,"RandomForest",1,0.512,1
2025-07-14,2025,"RandomForest",1,0.424,0
2025-07-15,2025,"RandomForest",1,0.258,0
2025-07-16,2025,"RandomForest",1,0.542,1
2025-07-17,2025,"RandomForest",1,0.378,0
2025-07-18,2025,"RandomForest",1,0.37,0
2025-07-21,2025,"RandomForest",1,0.384,0
2025-07-22,2025,"RandomForest",1,0.488,0
2025-07-23,2025,"RandomForest",1,0.484,0
2025-07-24,2025,"RandomForest",1,0.414,0
2025-07-25,2025,"RandomForest",1,0.444,0
2025-07-28,2025,"RandomForest",1,0.528,1
2025-07-29,2025,"RandomForest",1,0.358,0
2025-07-30,2025,"RandomForest",1,0.368,0
2025-07-31,2025,"RandomForest",1,0.574,1
2025-08-04,2025,"RandomForest",1,0.748,1
2025-08-05,2025,"RandomForest",1,0.596,1
2025-08-06,2025,"RandomForest",1,0.508,1
2025-08-07,2025,"RandomForest",1,0.308,0
2025-08-08,2025,"RandomForest",1,0.228,0
2025-08-11,2025,"RandomForest",1,0.22,0
2025-08-12,2025,"RandomForest",1,0.214,0
2025-08-13,2025,"RandomForest",1,0.416,0
2025-08-14,2025,"RandomForest",1,0.402,0
2025-08-15,2025,"RandomForest",1,0.442,0
2025-08-18,2025,"RandomForest",1,0.44,0
2025-08-19,2025,"RandomForest",1,0.512,1
2025-08-20,2025,"RandomForest",1,0.536,1
2025-08-21,2025,"RandomForest",1,0.472,0
2025-08-22,2025,"RandomForest",1,0.406,0
2025-08-25,2025,"RandomForest",1,0.23,0
2025-08-26,2025,"RandomForest",1,0.372,0
2025-08-27,2025,"RandomForest",1,0.284,0
2025-08-28,2025,"RandomForest",1,0.28,0
2025-08-29,2025,"RandomForest",1,0.548,1
2025-09-01,2025,"RandomForest",1,0.268,0
2025-09-02,2025,"RandomForest",1,0.464,0
2025-09-03,2025,"RandomForest",1,0.352,0
2025-09-04,2025,"RandomForest",1,0.176,0
2025-09-05,2025,"RandomForest",1,0.296,0
2025-09-08,2025,"RandomForest",1,0.302,0
2025-09-09,2025,"RandomForest",1,0.184,0
2025-09-10,2025,"RandomForest",1,0.198,0
2025-09-11,2025,"RandomForest",1,0.184,0
2025-09-12,2025,"RandomForest",1,0.116,0
2025-09-15,2025,"RandomForest",1,0.114,0
2025-09-16,2025,"RandomForest",1,0.274,0
2025-09-17,2025,"RandomForest",1,0.354,0
2025-09-18,2025,"RandomForest",1,0.244,0
2025-09-19,2025,"RandomForest",1,0.29,0
2025-09-22,2025,"RandomForest",1,0.328,0
2025-09-23,2025,"RandomForest",1,0.366,0
2025-09-24,2025,"RandomForest",1,0.376,0
2025-09-25,2025,"RandomForest",1,0.2,0
2025-09-26,2025,"RandomForest",1,0.41,0
2025-09-29,2025,"RandomForest",1,0.34,0
2025-09-30,2025,"RandomForest",1,0.496,0
2025-10-01,2025,"RandomForest",1,0.85,1
2025-10-02,2025,"RandomForest",1,0.854,1
2025-10-03,2025,"RandomForest",1,0.862,1
2025-10-06,2025,"RandomForest",1,0.876,1
2025-10-07,2025,"RandomForest",1,0.804,1
2025-10-08,2025,"RandomForest",1,0.906,1
2025-10-09,2025,"RandomForest",1,0.86,1
2025-10-10,2025,"RandomForest",1,0.484,0
2025-10-13,2025,"RandomForest",1,0.436,0
2025-10-14,2025,"RandomForest",1,0.582,1
2025-10-15,2025,"RandomForest",1,0.67,1
2025-10-16,2025,"RandomForest",1,0.578,1
2025-10-17,2025,"RandomForest",1,0.424,0
2025-10-20,2025,"RandomForest",1,0.468,0
2025-10-21,2025,"RandomForest",1,0.496,0
2025-10-22,2025,"RandomForest",1,0.398,0
2025-10-23,2025,"RandomForest",1,0.45,0
2025-10-24,2025,"RandomForest",1,0.454,0
2025-10-27,2025,"RandomForest",1,0.47,0
2025-10-28,2025,"RandomForest",1,0.502,1
2025-10-29,2025,"RandomForest",1,0.61,1
2025-10-30,2025,"RandomForest",1,0.616,1
2025-10-31,2025,"RandomForest",1,0.56,1
2025-11-03,2025,"RandomForest",1,0.602,1
2025-11-04,2025,"RandomForest",1,0.506,1
2025-11-05,2025,"RandomForest",1,0.486,0
2025-11-06,2025,"RandomForest",1,0.454,0
2025-11-07,2025,"RandomForest",1,0.486,0
2025-11-10,2025,"RandomForest",1,0.5,1
2025-11-11,2025,"RandomForest",1,0.37,0
2025-11-12,2025,"RandomForest",1,0.452,0
2025-11-13,2025,"RandomForest",1,0.326,0
2025-11-14,2025,"RandomForest",1,0.33,0
2025-11-17,2025,"RandomForest",1,0.514,1
2025-11-18,2025,"RandomForest",1,0.558,1
2025-11-19,2025,"RandomForest",1,0.522,1
2025-11-20,2025,"RandomForest",1,0.502,1
2025-11-21,2025,"RandomForest",1,0.5,1
2025-11-24,2025,"RandomForest",1,0.53,1
2025-11-25,2025,"RandomForest",1,0.43,0
2025-11-26,2025,"RandomForest",1,0.616,1
2025-11-27,2025,"RandomForest",1,0.514,1
2025-11-28,2025,"RandomForest",1,0.424,0
2025-12-01,2025,"RandomForest",1,0.404,0
2025-12-02,2025,"RandomForest",1,0.302,0
2025-12-03,2025,"RandomForest",1,0.292,0
2025-12-04,2025,"RandomForest",1,0.196,0
2025-12-05,2025,"RandomForest",1,0.216,0
2025-12-08,2025,"RandomForest",1,0.168,0
2025-12-09,2025,"RandomForest",1,0.178,0
2025-12-10,2025,"RandomForest",1,0.192,0
2025-12-11,2025,"RandomForest",1,0.35,0
2025-12-12,2025,"RandomForest",1,0.178,0
2025-12-15,2025,"RandomForest",1,0.326,0
2025-12-16,2025,"RandomForest",1,0.222,0
2025-12-17,2025,"RandomForest",1,0.27,0
2025-12-18,2025,"RandomForest",0,0.168,0
2025-12-19,2025,"RandomForest",0,0.358,0
2025-12-22,2025,"RandomForest",1,0.268,0
2025-12-23,2025,"RandomForest",1,0.144,0
2025-01-03,2025,"Random",1,0.598192931171938,1
2025-01-06,2025,"Random",1,0.598192931171938,1
2025-01-07,2025,"Random",1,0.598192931171938,1
2025-01-08,2025,"Random",1,0.598192931171938,0
2025-01-09,2025,"Random",1,0.598192931171938,1
2025-01-10,2025,"Random",1,0.598192931171938,1
2025-01-13,2025,"Random",1,0.598192931171938,1
2025-01-14,2025,"Random",1,0.598192931171938,0
2025-01-15,2025,"Random",1,0.598192931171938,0
2025-01-16,2025,"Random",1,0.598192931171938,1
2025-01-17,2025,"Random",1,0.598192931171938,0
2025-01-20,2025,"Random",1,0.598192931171938,1
2025-01-21,2025,"Random",1,0.598192931171938,1
2025-01-22,2025,"Random",1,0.598192931171938,1
2025-01-23,2025,"Random",0,0.598192931171938,1
2025-01-24,2025,"Random",0,0.598192931171938,0
2025-01-27,2025,"Random",0,0.598192931171938,0
2025-01-28,2025,"Random",0,0.598192931171938,1
2025-01-29,2025,"Random",0,0.598192931171938,0
2025-01-30,2025,"Random",0,0.598192931171938,0
2025-01-31,2025,"Random",0,0.598192931171938,1
2025-02-03,2025,"Random",0,0.598192931171938,1
2025-02-04,2025,"Random",0,0.598192931171938,1
2025-02-05,2025,"Random",0,0.598192931171938,1
2025-02-06,2025,"Random",0,0.598192931171938,0
2025-02-07,2025,"Random",0,0.598192931171938,0
2025-02-10,2025,"Random",0,0.598192931171938,1
2025-02-11,2025,"Random",0,0.598192931171938,1
2025-02-12,2025,"Random",0,0.598192931171938,1
2025-02-13,2025,"Random",0,0.598192931171938,1
2025-02-14,2025,"Random",0,0.598192931171938,1
2025-02-17,2025,"Random",0,0.598192931171938,0
2025-02-18,2025,"Random",0,0.598192931171938,1
2025-02-19,2025,"Random",0,0.598192931171938,1
2025-02-20,2025,"Random",0,0.598192931171938,1
2025-02-21,2025,"Random",0,0.598192931171938,1
2025-02-24,2025,"Random",0,0.598192931171938,1
2025-02-25,2025,"Random",0,0.598192931171938,1
2025-02-26,2025,"Random",0,0.598192931171938,1
2025-02-27,2025,"Random",0,0.598192931171938,1
2025-02-28,2025,"Random",0,0.598192931171938,0
2025-03-03,2025,"Random",0,0.598192931171938,1
2025-03-04,2025,"Random",1,0.598192931171938,1
2025-03-05,2025,"Random",0,0.598192931171938,1
2025-03-06,2025,"Random",0,0.598192931171938,1
2025-03-07,2025,"Random",0,0.598192931171938,1
2025-03-10,2025,"Random",1,0.598192931171938,1
2025-03-11,2025,"Random",1,0.598192931171938,1
2025-03-12,2025,"Random",1,0.598192931171938,1
2025-03-13,2025,"Random",1,0.598192931171938,0
2025-03-14,2025,"Random",0,0.598192931171938,1
2025-03-17,2025,"Random",0,0.598192931171938,0
2025-03-18,2025,"Random",0,0.598192931171938,0
2025-03-19,2025,"Random",0,0.598192931171938,0
2025-03-20,2025,"Random",0,0.598192931171938,1
2025-03-21,2025,"Random",0,0.598192931171938,1
2025-03-24,2025,"Random",1,0.598192931171938,0
2025-03-25,2025,"Random",0,0.598192931171938,1
2025-03-26,2025,"Random",0,0.598192931171938,0
2025-03-27,2025,"Random",0,0.598192931171938,0
2025-03-28,2025,"Random",0,0.598192931171938,0
2025-03-31,2025,"Random",1,0.598192931171938,0
2025-04-01,2025,"Random",0,0.598192931171938,0
2025-04-02,2025,"Random",0,0.598192931171938,0
2025-04-03,2025,"Random",1,0.598192931171938,0
2025-04-04,2025,"Random",1,0.598192931171938,1
2025-04-07,2025,"Random",1,0.598192931171938,1
2025-04-08,2025,"Random",1,0.598192931171938,0
2025-04-09,2025,"Random",1,0.598192931171938,1
2025-04-10,2025,"Random",1,0.598192931171938,1
2025-04-11,2025,"Random",1,0.598192931171938,1
2025-04-14,2025,"Random",1,0.598192931171938,0
2025-04-15,2025,"Random",1,0.598192931171938,1
2025-04-16,2025,"Random",1,0.598192931171938,0
2025-04-17,2025,"Random",1,0.598192931171938,1
2025-04-22,2025,"Random",1,0.598192931171938,1
2025-04-23,2025,"Random",1,0.598192931171938,1
2025-04-24,2025,"Random",1,0.598192931171938,1
2025-04-25,2025,"Random",1,0.598192931171938,1
2025-04-28,2025,"Random",1,0.598192931171938,0
2025-04-29,2025,"Random",1,0.598192931171938,1
2025-04-30,2025,"Random",1,0.598192931171938,0
2025-05-02,2025,"Random",1,0.598192931171938,1
2025-05-05,2025,"Random",1,0.598192931171938,0
2025-05-06,2025,"Random",1,0.598192931171938,1
2025-05-07,2025,"Random",1,0.598192931171938,1
2025-05-08,2025,"Random",1,0.598192931171938,1
2025-05-09,2025,"Random",0,0.598192931171938,1
2025-05-12,2025,"Random",0,0.598192931171938,0
2025-05-13,2025,"Random",0,0.598192931171938,1
2025-05-14,2025,"Random",0,0.598192931171938,0
2025-05-15,2025,"Random",0,0.598192931171938,1
2025-05-16,2025,"Random",0,0.598192931171938,1
2025-05-19,2025,"Random",0,0.598192931171938,1
2025-05-20,2025,"Random",0,0.598192931171938,1
2025-05-21,2025,"Random",0,0.598192931171938,0
2025-05-22,2025,"Random",0,0.598192931171938,0
2025-05-23,2025,"Random",0,0.598192931171938,0
2025-05-26,2025,"Random",0,0.598192931171938,0
2025-05-27,2025,"Random",0,0.598192931171938,1
2025-05-28,2025,"Random",0,0.598192931171938,0
2025-05-30,2025,"Random",0,0.598192931171938,0
2025-06-02,2025,"Random",1,0.598192931171938,1
2025-06-03,2025,"Random",1,0.598192931171938,1
2025-06-04,2025,"Random",1,0.598192931171938,1
2025-06-05,2025,"Random",1,0.598192931171938,0
2025-06-06,2025,"Random",1,0.598192931171938,1
2025-06-10,2025,"Random",1,0.598192931171938,1
2025-06-11,2025,"Random",1,0.598192931171938,1
2025-06-12,2025,"Random",1,0.598192931171938,1
2025-06-13,2025,"Random",1,0.598192931171938,1
2025-06-16,2025,"Random",1,0.598192931171938,1
2025-06-17,2025,"Random",1,0.598192931171938,1
2025-06-18,2025,"Random",1,0.598192931171938,1
2025-06-19,2025,"Random",1,0.598192931171938,1
2025-06-20,2025,"Random",1,0.598192931171938,1
2025-06-23,2025,"Random",1,0.598192931171938,0
2025-06-24,2025,"Random",1,0.598192931171938,1
2025-06-25,2025,"Random",1,0.598192931171938,1
2025-06-26,2025,"Random",1,0.598192931171938,1
2025-06-27,2025,"Random",1,0.598192931171938,0
2025-06-30,2025,"Random",1,0.598192931171938,0
2025-07-01,2025,"Random",1,0.598192931171938,1
2025-07-02,2025,"Random",1,0.598192931171938,1
2025-07-03,2025,"Random",1,0.598192931171938,0
2025-07-04,2025,"Random",1,0.598192931171938,1
2025-07-07,2025,"Random",1,0.598192931171938,1
2025-07-08,2025,"Random",0,0.598192931171938,0
2025-07-09,2025,"Random",1,0.598192931171938,1
2025-07-10,2025,"Random",1,0.598192931171938,1
2025-07-11,2025,"Random",1,0.598192931171938,0
2025-07-14,2025,"Random",1,0.598192931171938,1
2025-07-15,2025,"Random",1,0.598192931171938,1
2025-07-16,2025,"Random",1,0.598192931171938,1
2025-07-17,2025,"Random",1,0.598192931171938,1
2025-07-18,2025,"Random",1,0.598192931171938,0
2025-07-21,2025,"Random",1,0.598192931171938,0
2025-07-22,2025,"Random",1,0.598192931171938,0
2025-07-23,2025,"Random",1,0.598192931171938,1
2025-07-24,2025,"Random",1,0.598192931171938,1
2025-07-25,2025,"Random",1,0.598192931171938,1
2025-07-28,2025,"Random",1,0.598192931171938,0
2025-07-29,2025,"Random",1,0.598192931171938,0
2025-07-30,2025,"Random",1,0.598192931171938,1
2025-07-31,2025,"Random",1,0.598192931171938,1
2025-08-04,2025,"Random",1,0.598192931171938,1
2025-08-05,2025,"Random",1,0.598192931171938,1
2025-08-06,2025,"Random",1,0.598192931171938,1
2025-08-07,2025,"Random",1,0.598192931171938,1
2025-08-08,2025,"Random",1,0.598192931171938,0
2025-08-11,2025,"Random",1,0.598192931171938,0
2025-08-12,2025,"Random",1,0.598192931171938,1
2025-08-13,2025,"Random",1,0.598192931171938,1
2025-08-14,2025,"Random",1,0.598192931171938,1
2025-08-15,2025,"Random",1,0.598192931171938,1
2025-08-18,2025,"Random",1,0.598192931171938,0
2025-08-19,2025,"Random",1,0.598192931171938,1
2025-08-20,2025,"Random",1,0.598192931171938,1
2025-08-21,2025,"Random",1,0.598192931171938,0
2025-08-22,2025,"Random",1,0.598192931171938,0
2025-08-25,2025,"Random",1,0.598192931171938,1
2025-08-26,2025,"Random",1,0.598192931171938,1
2025-08-27,2025,"Random",1,0.598192931171938,1
2025-08-28,2025,"Random",1,0.598192931171938,0
2025-08-29,2025,"Random",1,0.598192931171938,1
2025-09-01,2025,"Random",1,0.598192931171938,1
2025-09-02,2025,"Random",1,0.598192931171938,0
2025-09-03,2025,"Random",1,0.598192931171938,1
2025-09-04,2025,"Random",1,0.598192931171938,0
2025-09-05,2025,"Random",1,0.598192931171938,0
2025-09-08,2025,"Random",1,0.598192931171938,1
2025-09-09,2025,"Random",1,0.598192931171938,1
2025-09-10,2025,"Random",1,0.598192931171938,1
2025-09-11,2025,"Random",1,0.598192931171938,0
2025-09-12,2025,"Random",1,0.598192931171938,0
2025-09-15,2025,"Random",1,0.598192931171938,0
2025-09-16,2025,"Random",1,0.598192931171938,1
2025-09-17,2025,"Random",1,0.598192931171938,1
2025-09-18,2025,"Random",1,0.598192931171938,0
2025-09-19,2025,"Random",1,0.598192931171938,1
2025-09-22,2025,"Random",1,0.598192931171938,1
2025-09-23,2025,"Random",1,0.598192931171938,1
2025-09-24,2025,"Random",1,0.598192931171938,1
2025-09-25,2025,"Random",1,0.598192931171938,1
2025-09-26,2025,"Random",1,0.598192931171938,1
2025-09-29,2025,"Random",1,0.598192931171938,0
2025-09-30,2025,"Random",1,0.598192931171938,1
2025-10-01,2025,"Random",1,0.598192931171938,0
2025-10-02,2025,"Random",1,0.598192931171938,1
2025-10-03,2025,"Random",1,0.598192931171938,0
2025-10-06,2025,"Random",1,0.598192931171938,0
2025-10-07,2025,"Random",1,0.598192931171938,0
2025-10-08,2025,"Random",1,0.598192931171938,1
2025-10-09,2025,"Random",1,0.598192931171938,1
2025-10-10,2025,"Random",1,0.598192931171938,0
2025-10-13,2025,"Random",1,0.598192931171938,0
2025-10-14,2025,"Random",1,0.598192931171938,0
2025-10-15,2025,"Random",1,0.598192931171938,1
2025-10-16,2025,"Random",1,0.598192931171938,1
2025-10-17,2025,"Random",1,0.598192931171938,0
2025-10-20,2025,"Random",1,0.598192931171938,0
2025-10-21,2025,"Random",1,0.598192931171938,1
2025-10-22,2025,"Random",1,0.598192931171938,1
2025-10-23,2025,"Random",1,0.598192931171938,1
2025-10-24,2025,"Random",1,0.598192931171938,1
2025-10-27,2025,"Random",1,0.598192931171938,0
2025-10-28,2025,"Random",1,0.598192931171938,0
2025-10-29,2025,"Random",1,0.598192931171938,0
2025-10-30,2025,"Random",1,0.598192931171938,0
2025-10-31,2025,"Random",1,0.598192931171938,1
2025-11-03,2025,"Random",1,0.598192931171938,0
2025-11-04,2025,"Random",1,0.598192931171938,1
2025-11-05,2025,"Random",1,0.598192931171938,0
2025-11-06,2025,"Random",1,0.598192931171938,0
2025-11-07,2025,"Random",1,0.598192931171938,0
2025-11-10,2025,"Random",1,0.598192931171938,1
2025-11-11,2025,"Random",1,0.598192931171938,1
2025-11-12,2025,"Random",1,0.598192931171938,1
2025-11-13,2025,"Random",1,0.598192931171938,1
2025-11-14,2025,"Random",1,0.598192931171938,1
2025-11-17,2025,"Random",1,0.598192931171938,0
2025-11-18,2025,"Random",1,0.598192931171938,1
2025-11-19,2025,"Random",1,0.598192931171938,0
2025-11-20,2025,"Random",1,0.598192931171938,0
2025-11-21,2025,"Random",1,0.598192931171938,0
2025-11-24,2025,"Random",1,0.598192931171938,0
2025-11-25,2025,"Random",1,0.598192931171938,1
2025-11-26,2025,"Random",1,0.598192931171938,0
2025-11-27,2025,"Random",1,0.598192931171938,0
2025-11-28,2025,"Random",1,0.598192931171938,1
2025-12-01,2025,"Random",1,0.598192931171938,0
2025-12-02,2025,"Random",1,0.598192931171938,1
2025-12-03,2025,"Random",1,0.598192931171938,1
2025-12-04,2025,"Random",1,0.598192931171938,1
2025-12-05,2025,"Random",1,0.598192931171938,0
2025-12-08,2025,"Random",1,0.598192931171938,0
2025-12-09,2025,"Random",1,0.598192931171938,1
2025-12-10,2025,"Random",1,0.598192931171938,0
2025-12-11,2025,"Random",1,0.598192931171938,0
2025-12-12,2025,"Random",1,0.598192931171938,1
2025-12-15,2025,"Random",1,0.598192931171938,0
2025-12-16,2025,"Random",1,0.598192931171938,1
2025-12-17,2025,"Random",1,0.598192931171938,0
2025-12-18,2025,"Random",0,0.598192931171938,1
2025-12-19,2025,"Random",0,0.598192931171938,1
2025-12-22,2025,"Random",1,0.598192931171938,0
2025-12-23,2025,"Random",1,0.598192931171938,0
